-- MySQL dump 10.13  Distrib 9.6.0, for macos15.7 (arm64)
--
-- Host: localhost    Database: gva
-- ------------------------------------------------------
-- Server version	9.6.0

/*!40101 SET @OLD_CHARACTER_SET_CLIENT=@@CHARACTER_SET_CLIENT */;
/*!40101 SET @OLD_CHARACTER_SET_RESULTS=@@CHARACTER_SET_RESULTS */;
/*!40101 SET @OLD_COLLATION_CONNECTION=@@COLLATION_CONNECTION */;
/*!50503 SET NAMES utf8mb4 */;
/*!40103 SET @OLD_TIME_ZONE=@@TIME_ZONE */;
/*!40103 SET TIME_ZONE='+00:00' */;
/*!40014 SET @OLD_UNIQUE_CHECKS=@@UNIQUE_CHECKS, UNIQUE_CHECKS=0 */;
/*!40014 SET @OLD_FOREIGN_KEY_CHECKS=@@FOREIGN_KEY_CHECKS, FOREIGN_KEY_CHECKS=0 */;
/*!40101 SET @OLD_SQL_MODE=@@SQL_MODE, SQL_MODE='NO_AUTO_VALUE_ON_ZERO' */;
/*!40111 SET @OLD_SQL_NOTES=@@SQL_NOTES, SQL_NOTES=0 */;
SET @MYSQLDUMP_TEMP_LOG_BIN = @@SESSION.SQL_LOG_BIN;
SET @@SESSION.SQL_LOG_BIN= 0;

--
-- GTID state at the beginning of the backup 
--

SET @@GLOBAL.GTID_PURGED=/*!80000 '+'*/ '3241b90e-387b-11f1-b34e-f1bbd4f652b8:1-1057';

--
-- Table structure for table `casbin_rule`
--

DROP TABLE IF EXISTS `casbin_rule`;
/*!40101 SET @saved_cs_client     = @@character_set_client */;
/*!50503 SET character_set_client = utf8mb4 */;
CREATE TABLE `casbin_rule` (
  `id` bigint unsigned NOT NULL AUTO_INCREMENT,
  `ptype` varchar(100) COLLATE utf8mb4_general_ci DEFAULT NULL,
  `v0` varchar(100) COLLATE utf8mb4_general_ci DEFAULT NULL,
  `v1` varchar(100) COLLATE utf8mb4_general_ci DEFAULT NULL,
  `v2` varchar(100) COLLATE utf8mb4_general_ci DEFAULT NULL,
  `v3` varchar(100) COLLATE utf8mb4_general_ci DEFAULT NULL,
  `v4` varchar(100) COLLATE utf8mb4_general_ci DEFAULT NULL,
  `v5` varchar(100) COLLATE utf8mb4_general_ci DEFAULT NULL,
  PRIMARY KEY (`id`),
  UNIQUE KEY `idx_casbin_rule` (`ptype`,`v0`,`v1`,`v2`,`v3`,`v4`,`v5`)
) ENGINE=InnoDB AUTO_INCREMENT=278 DEFAULT CHARSET=utf8mb4 COLLATE=utf8mb4_general_ci;
/*!40101 SET character_set_client = @saved_cs_client */;

--
-- Dumping data for table `casbin_rule`
--

LOCK TABLES `casbin_rule` WRITE;
/*!40000 ALTER TABLE `casbin_rule` DISABLE KEYS */;
INSERT INTO `casbin_rule` VALUES (9,'p','888','/api/createApi','POST','','',''),(12,'p','888','/api/deleteApi','POST','','',''),(15,'p','888','/api/deleteApisByIds','DELETE','','',''),(18,'p','888','/api/enterSyncApi','POST','','',''),(14,'p','888','/api/getAllApis','POST','','',''),(11,'p','888','/api/getApiById','POST','','',''),(17,'p','888','/api/getApiGroups','GET','','',''),(10,'p','888','/api/getApiList','POST','','',''),(19,'p','888','/api/ignoreApi','POST','','',''),(16,'p','888','/api/syncApi','GET','','',''),(13,'p','888','/api/updateApi','POST','','',''),(178,'p','888','/attachmentCategory/addCategory','POST','','',''),(179,'p','888','/attachmentCategory/deleteCategory','POST','','',''),(177,'p','888','/attachmentCategory/getCategoryList','GET','','',''),(20,'p','888','/authority/copyAuthority','POST','','',''),(22,'p','888','/authority/createAuthority','POST','','',''),(23,'p','888','/authority/deleteAuthority','POST','','',''),(24,'p','888','/authority/getAuthorityList','POST','','',''),(26,'p','888','/authority/getUsersByAuthority','GET','','',''),(25,'p','888','/authority/setDataAuthority','POST','','',''),(27,'p','888','/authority/setRoleUsers','POST','','',''),(21,'p','888','/authority/updateAuthority','PUT','','',''),(146,'p','888','/authorityBtn/canRemoveAuthorityBtn','POST','','',''),(145,'p','888','/authorityBtn/getAuthorityBtn','POST','','',''),(144,'p','888','/authorityBtn/setAuthorityBtn','POST','','',''),(105,'p','888','/autoCode/addFunc','POST','','',''),(96,'p','888','/autoCode/createPackage','POST','','',''),(100,'p','888','/autoCode/createPlug','POST','','',''),(93,'p','888','/autoCode/createTemp','POST','','',''),(115,'p','888','/autoCode/deleteAIWorkflowSession','POST','','',''),(99,'p','888','/autoCode/delPackage','POST','','',''),(94,'p','888','/autoCode/delSysHistory','POST','','',''),(116,'p','888','/autoCode/dumpAIWorkflowMarkdown','POST','','',''),(114,'p','888','/autoCode/getAIWorkflowSessionDetail','POST','','',''),(113,'p','888','/autoCode/getAIWorkflowSessionList','POST','','',''),(91,'p','888','/autoCode/getColumn','GET','','',''),(87,'p','888','/autoCode/getDB','GET','','',''),(88,'p','888','/autoCode/getMeta','POST','','',''),(98,'p','888','/autoCode/getPackage','POST','','',''),(104,'p','888','/autoCode/getPluginList','GET','','',''),(95,'p','888','/autoCode/getSysHistory','POST','','',''),(90,'p','888','/autoCode/getTables','GET','','',''),(97,'p','888','/autoCode/getTemplates','GET','','',''),(101,'p','888','/autoCode/installPlugin','POST','','',''),(106,'p','888','/autoCode/mcp','POST','','',''),(111,'p','888','/autoCode/mcpList','POST','','',''),(108,'p','888','/autoCode/mcpStart','POST','','',''),(107,'p','888','/autoCode/mcpStatus','POST','','',''),(109,'p','888','/autoCode/mcpStop','POST','','',''),(110,'p','888','/autoCode/mcpTest','POST','','',''),(89,'p','888','/autoCode/preview','POST','','',''),(102,'p','888','/autoCode/pubPlug','POST','','',''),(103,'p','888','/autoCode/removePlugin','POST','','',''),(92,'p','888','/autoCode/rollback','POST','','',''),(112,'p','888','/autoCode/saveAIWorkflowSession','POST','','',''),(57,'p','888','/casbin/getPolicyPathByAuthorityId','POST','','',''),(56,'p','888','/casbin/updateCasbin','POST','','',''),(85,'p','888','/customer/customer','DELETE','','',''),(82,'p','888','/customer/customer','GET','','',''),(84,'p','888','/customer/customer','POST','','',''),(83,'p','888','/customer/customer','PUT','','',''),(86,'p','888','/customer/customerList','GET','','',''),(139,'p','888','/email/emailTest','POST','','',''),(140,'p','888','/email/sendEmail','POST','','',''),(49,'p','888','/fileUploadAndDownload/breakpointContinue','POST','','',''),(48,'p','888','/fileUploadAndDownload/breakpointContinueFinish','POST','','',''),(52,'p','888','/fileUploadAndDownload/deleteFile','POST','','',''),(53,'p','888','/fileUploadAndDownload/editFileName','POST','','',''),(47,'p','888','/fileUploadAndDownload/findFile','GET','','',''),(54,'p','888','/fileUploadAndDownload/getFileList','POST','','',''),(55,'p','888','/fileUploadAndDownload/importURL','POST','','',''),(50,'p','888','/fileUploadAndDownload/removeChunk','POST','','',''),(51,'p','888','/fileUploadAndDownload/upload','POST','','',''),(164,'p','888','/info/createInfo','POST','','',''),(165,'p','888','/info/deleteInfo','DELETE','','',''),(166,'p','888','/info/deleteInfoByIds','DELETE','','',''),(168,'p','888','/info/findInfo','GET','','',''),(169,'p','888','/info/getInfoList','GET','','',''),(167,'p','888','/info/updateInfo','PUT','','',''),(58,'p','888','/jwt/jsonInBlacklist','POST','','',''),(30,'p','888','/menu/addBaseMenu','POST','','',''),(32,'p','888','/menu/addMenuAuthority','POST','','',''),(34,'p','888','/menu/deleteBaseMenu','POST','','',''),(36,'p','888','/menu/getBaseMenuById','POST','','',''),(31,'p','888','/menu/getBaseMenuTree','POST','','',''),(28,'p','888','/menu/getMenu','POST','','',''),(33,'p','888','/menu/getMenuAuthority','POST','','',''),(29,'p','888','/menu/getMenuList','POST','','',''),(35,'p','888','/menu/updateBaseMenu','POST','','',''),(142,'p','888','/simpleUploader/checkFileMd5','GET','','',''),(143,'p','888','/simpleUploader/mergeFileMd5','GET','','',''),(141,'p','888','/simpleUploader/upload','POST','','',''),(73,'p','888','/skills/createReference','POST','','',''),(70,'p','888','/skills/createResource','POST','','',''),(67,'p','888','/skills/createScript','POST','','',''),(76,'p','888','/skills/createTemplate','POST','','',''),(66,'p','888','/skills/deleteSkill','POST','','',''),(79,'p','888','/skills/getGlobalConstraint','POST','','',''),(74,'p','888','/skills/getReference','POST','','',''),(71,'p','888','/skills/getResource','POST','','',''),(68,'p','888','/skills/getScript','POST','','',''),(64,'p','888','/skills/getSkillDetail','POST','','',''),(63,'p','888','/skills/getSkillList','POST','','',''),(77,'p','888','/skills/getTemplate','POST','','',''),(62,'p','888','/skills/getTools','GET','','',''),(81,'p','888','/skills/packageSkill','POST','','',''),(80,'p','888','/skills/saveGlobalConstraint','POST','','',''),(75,'p','888','/skills/saveReference','POST','','',''),(72,'p','888','/skills/saveResource','POST','','',''),(69,'p','888','/skills/saveScript','POST','','',''),(65,'p','888','/skills/saveSkill','POST','','',''),(78,'p','888','/skills/saveTemplate','POST','','',''),(6,'p','888','/sysApiToken/createApiToken','POST','','',''),(8,'p','888','/sysApiToken/deleteApiToken','POST','','',''),(7,'p','888','/sysApiToken/getApiTokenList','POST','','',''),(129,'p','888','/sysDictionary/createSysDictionary','POST','','',''),(130,'p','888','/sysDictionary/deleteSysDictionary','DELETE','','',''),(132,'p','888','/sysDictionary/exportSysDictionary','GET','','',''),(126,'p','888','/sysDictionary/findSysDictionary','GET','','',''),(128,'p','888','/sysDictionary/getSysDictionaryList','GET','','',''),(131,'p','888','/sysDictionary/importSysDictionary','POST','','',''),(127,'p','888','/sysDictionary/updateSysDictionary','PUT','','',''),(119,'p','888','/sysDictionaryDetail/createSysDictionaryDetail','POST','','',''),(121,'p','888','/sysDictionaryDetail/deleteSysDictionaryDetail','DELETE','','',''),(117,'p','888','/sysDictionaryDetail/findSysDictionaryDetail','GET','','',''),(124,'p','888','/sysDictionaryDetail/getDictionaryDetailsByParent','GET','','',''),(125,'p','888','/sysDictionaryDetail/getDictionaryPath','GET','','',''),(122,'p','888','/sysDictionaryDetail/getDictionaryTreeList','GET','','',''),(123,'p','888','/sysDictionaryDetail/getDictionaryTreeListByType','GET','','',''),(120,'p','888','/sysDictionaryDetail/getSysDictionaryDetailList','GET','','',''),(118,'p','888','/sysDictionaryDetail/updateSysDictionaryDetail','PUT','','',''),(157,'p','888','/sysError/createSysError','POST','','',''),(158,'p','888','/sysError/deleteSysError','DELETE','','',''),(159,'p','888','/sysError/deleteSysErrorByIds','DELETE','','',''),(161,'p','888','/sysError/findSysError','GET','','',''),(162,'p','888','/sysError/getSysErrorList','GET','','',''),(163,'p','888','/sysError/getSysErrorSolution','GET','','',''),(160,'p','888','/sysError/updateSysError','PUT','','',''),(147,'p','888','/sysExportTemplate/createSysExportTemplate','POST','','',''),(148,'p','888','/sysExportTemplate/deleteSysExportTemplate','DELETE','','',''),(149,'p','888','/sysExportTemplate/deleteSysExportTemplateByIds','DELETE','','',''),(153,'p','888','/sysExportTemplate/exportExcel','GET','','',''),(154,'p','888','/sysExportTemplate/exportTemplate','GET','','',''),(151,'p','888','/sysExportTemplate/findSysExportTemplate','GET','','',''),(152,'p','888','/sysExportTemplate/getSysExportTemplateList','GET','','',''),(156,'p','888','/sysExportTemplate/importExcel','POST','','',''),(155,'p','888','/sysExportTemplate/previewSQL','GET','','',''),(150,'p','888','/sysExportTemplate/updateSysExportTemplate','PUT','','',''),(2,'p','888','/sysLoginLog/deleteLoginLog','DELETE','','',''),(3,'p','888','/sysLoginLog/deleteLoginLogByIds','DELETE','','',''),(4,'p','888','/sysLoginLog/findLoginLog','GET','','',''),(5,'p','888','/sysLoginLog/getLoginLogList','GET','','',''),(135,'p','888','/sysOperationRecord/createSysOperationRecord','POST','','',''),(137,'p','888','/sysOperationRecord/deleteSysOperationRecord','DELETE','','',''),(138,'p','888','/sysOperationRecord/deleteSysOperationRecordByIds','DELETE','','',''),(133,'p','888','/sysOperationRecord/findSysOperationRecord','GET','','',''),(136,'p','888','/sysOperationRecord/getSysOperationRecordList','GET','','',''),(134,'p','888','/sysOperationRecord/updateSysOperationRecord','PUT','','',''),(170,'p','888','/sysParams/createSysParams','POST','','',''),(171,'p','888','/sysParams/deleteSysParams','DELETE','','',''),(172,'p','888','/sysParams/deleteSysParamsByIds','DELETE','','',''),(174,'p','888','/sysParams/findSysParams','GET','','',''),(176,'p','888','/sysParams/getSysParam','GET','','',''),(175,'p','888','/sysParams/getSysParamsList','GET','','',''),(173,'p','888','/sysParams/updateSysParams','PUT','','',''),(61,'p','888','/system/getServerInfo','POST','','',''),(59,'p','888','/system/getSystemConfig','POST','','',''),(60,'p','888','/system/setSystemConfig','POST','','',''),(185,'p','888','/sysVersion/deleteSysVersion','DELETE','','',''),(186,'p','888','/sysVersion/deleteSysVersionByIds','DELETE','','',''),(182,'p','888','/sysVersion/downloadVersionJson','GET','','',''),(183,'p','888','/sysVersion/exportVersion','POST','','',''),(180,'p','888','/sysVersion/findSysVersion','GET','','',''),(181,'p','888','/sysVersion/getSysVersionList','GET','','',''),(184,'p','888','/sysVersion/importVersion','POST','','',''),(1,'p','888','/user/admin_register','POST','','',''),(42,'p','888','/user/changePassword','POST','','',''),(41,'p','888','/user/deleteUser','DELETE','','',''),(37,'p','888','/user/getUserInfo','GET','','',''),(40,'p','888','/user/getUserList','POST','','',''),(45,'p','888','/user/resetPassword','POST','','',''),(39,'p','888','/user/setSelfInfo','PUT','','',''),(46,'p','888','/user/setSelfSetting','PUT','','',''),(44,'p','888','/user/setUserAuthorities','POST','','',''),(43,'p','888','/user/setUserAuthority','POST','','',''),(38,'p','888','/user/setUserInfo','PUT','','',''),(188,'p','8881','/api/createApi','POST','','',''),(191,'p','8881','/api/deleteApi','POST','','',''),(193,'p','8881','/api/getAllApis','POST','','',''),(190,'p','8881','/api/getApiById','POST','','',''),(189,'p','8881','/api/getApiList','POST','','',''),(192,'p','8881','/api/updateApi','POST','','',''),(194,'p','8881','/authority/createAuthority','POST','','',''),(195,'p','8881','/authority/deleteAuthority','POST','','',''),(196,'p','8881','/authority/getAuthorityList','POST','','',''),(198,'p','8881','/authority/getUsersByAuthority','GET','','',''),(197,'p','8881','/authority/setDataAuthority','POST','','',''),(199,'p','8881','/authority/setRoleUsers','POST','','',''),(218,'p','8881','/casbin/getPolicyPathByAuthorityId','POST','','',''),(217,'p','8881','/casbin/updateCasbin','POST','','',''),(224,'p','8881','/customer/customer','DELETE','','',''),(225,'p','8881','/customer/customer','GET','','',''),(222,'p','8881','/customer/customer','POST','','',''),(223,'p','8881','/customer/customer','PUT','','',''),(226,'p','8881','/customer/customerList','GET','','',''),(214,'p','8881','/fileUploadAndDownload/deleteFile','POST','','',''),(215,'p','8881','/fileUploadAndDownload/editFileName','POST','','',''),(213,'p','8881','/fileUploadAndDownload/getFileList','POST','','',''),(216,'p','8881','/fileUploadAndDownload/importURL','POST','','',''),(212,'p','8881','/fileUploadAndDownload/upload','POST','','',''),(219,'p','8881','/jwt/jsonInBlacklist','POST','','',''),(202,'p','8881','/menu/addBaseMenu','POST','','',''),(204,'p','8881','/menu/addMenuAuthority','POST','','',''),(206,'p','8881','/menu/deleteBaseMenu','POST','','',''),(208,'p','8881','/menu/getBaseMenuById','POST','','',''),(203,'p','8881','/menu/getBaseMenuTree','POST','','',''),(200,'p','8881','/menu/getMenu','POST','','',''),(205,'p','8881','/menu/getMenuAuthority','POST','','',''),(201,'p','8881','/menu/getMenuList','POST','','',''),(207,'p','8881','/menu/updateBaseMenu','POST','','',''),(220,'p','8881','/system/getSystemConfig','POST','','',''),(221,'p','8881','/system/setSystemConfig','POST','','',''),(187,'p','8881','/user/admin_register','POST','','',''),(209,'p','8881','/user/changePassword','POST','','',''),(227,'p','8881','/user/getUserInfo','GET','','',''),(210,'p','8881','/user/getUserList','POST','','',''),(211,'p','8881','/user/setUserAuthority','POST','','',''),(229,'p','9528','/api/createApi','POST','','',''),(232,'p','9528','/api/deleteApi','POST','','',''),(234,'p','9528','/api/getAllApis','POST','','',''),(231,'p','9528','/api/getApiById','POST','','',''),(230,'p','9528','/api/getApiList','POST','','',''),(233,'p','9528','/api/updateApi','POST','','',''),(235,'p','9528','/authority/createAuthority','POST','','',''),(236,'p','9528','/authority/deleteAuthority','POST','','',''),(237,'p','9528','/authority/getAuthorityList','POST','','',''),(239,'p','9528','/authority/getUsersByAuthority','GET','','',''),(238,'p','9528','/authority/setDataAuthority','POST','','',''),(240,'p','9528','/authority/setRoleUsers','POST','','',''),(268,'p','9528','/autoCode/createTemp','POST','','',''),(275,'p','9528','/autoCode/deleteAIWorkflowSession','POST','','',''),(276,'p','9528','/autoCode/dumpAIWorkflowMarkdown','POST','','',''),(274,'p','9528','/autoCode/getAIWorkflowSessionDetail','POST','','',''),(273,'p','9528','/autoCode/getAIWorkflowSessionList','POST','','',''),(270,'p','9528','/autoCode/mcpStart','POST','','',''),(269,'p','9528','/autoCode/mcpStatus','POST','','',''),(271,'p','9528','/autoCode/mcpStop','POST','','',''),(272,'p','9528','/autoCode/saveAIWorkflowSession','POST','','',''),(259,'p','9528','/casbin/getPolicyPathByAuthorityId','POST','','',''),(258,'p','9528','/casbin/updateCasbin','POST','','',''),(266,'p','9528','/customer/customer','DELETE','','',''),(264,'p','9528','/customer/customer','GET','','',''),(265,'p','9528','/customer/customer','POST','','',''),(263,'p','9528','/customer/customer','PUT','','',''),(267,'p','9528','/customer/customerList','GET','','',''),(255,'p','9528','/fileUploadAndDownload/deleteFile','POST','','',''),(256,'p','9528','/fileUploadAndDownload/editFileName','POST','','',''),(254,'p','9528','/fileUploadAndDownload/getFileList','POST','','',''),(257,'p','9528','/fileUploadAndDownload/importURL','POST','','',''),(253,'p','9528','/fileUploadAndDownload/upload','POST','','',''),(260,'p','9528','/jwt/jsonInBlacklist','POST','','',''),(243,'p','9528','/menu/addBaseMenu','POST','','',''),(245,'p','9528','/menu/addMenuAuthority','POST','','',''),(247,'p','9528','/menu/deleteBaseMenu','POST','','',''),(249,'p','9528','/menu/getBaseMenuById','POST','','',''),(244,'p','9528','/menu/getBaseMenuTree','POST','','',''),(241,'p','9528','/menu/getMenu','POST','','',''),(246,'p','9528','/menu/getMenuAuthority','POST','','',''),(242,'p','9528','/menu/getMenuList','POST','','',''),(248,'p','9528','/menu/updateBaseMenu','POST','','',''),(261,'p','9528','/system/getSystemConfig','POST','','',''),(262,'p','9528','/system/setSystemConfig','POST','','',''),(228,'p','9528','/user/admin_register','POST','','',''),(250,'p','9528','/user/changePassword','POST','','',''),(277,'p','9528','/user/getUserInfo','GET','','',''),(251,'p','9528','/user/getUserList','POST','','',''),(252,'p','9528','/user/setUserAuthority','POST','','','');
/*!40000 ALTER TABLE `casbin_rule` ENABLE KEYS */;
UNLOCK TABLES;

--
-- Table structure for table `door_lock`
--

DROP TABLE IF EXISTS `door_lock`;
/*!40101 SET @saved_cs_client     = @@character_set_client */;
/*!50503 SET character_set_client = utf8mb4 */;
CREATE TABLE `door_lock` (
  `id` bigint NOT NULL AUTO_INCREMENT COMMENT '门锁id',
  `yard_sn` varchar(191) DEFAULT NULL COMMENT '园区sn（第三方）',
  `door_guid` varchar(191) DEFAULT NULL COMMENT '门禁id（第三方）',
  `door_name` varchar(191) DEFAULT NULL COMMENT '门禁名称（第三方）',
  `del_flag` char(2) CHARACTER SET utf8mb4 COLLATE utf8mb4_croatian_ci NOT NULL DEFAULT '0' COMMENT '逻辑删除标记（0：显示；1：隐藏）',
  `create_time` datetime(3) DEFAULT NULL COMMENT '创建时间',
  `update_time` datetime(3) DEFAULT NULL COMMENT '最后更新时间',
  `province_name` varchar(191) DEFAULT NULL COMMENT '省名',
  `city_name` varchar(191) DEFAULT NULL COMMENT '市名',
  `county_name` varchar(191) DEFAULT NULL COMMENT '区名',
  `detail_info` varchar(191) DEFAULT NULL COMMENT '详情地址',
  PRIMARY KEY (`id`) USING BTREE
) ENGINE=InnoDB AUTO_INCREMENT=2 DEFAULT CHARSET=utf8mb4 COLLATE=utf8mb4_0900_ai_ci ROW_FORMAT=DYNAMIC COMMENT='门锁表';
/*!40101 SET character_set_client = @saved_cs_client */;

--
-- Dumping data for table `door_lock`
--

LOCK TABLES `door_lock` WRITE;
/*!40000 ALTER TABLE `door_lock` DISABLE KEYS */;
INSERT INTO `door_lock` VALUES (1,'786537017627385856','5068416139942690838','xm静音仓','0','2025-05-29 10:47:46.000','2026-04-16 10:00:34.000',NULL,NULL,NULL,NULL);
/*!40000 ALTER TABLE `door_lock` ENABLE KEYS */;
UNLOCK TABLES;

--
-- Table structure for table `door_lock_history`
--

DROP TABLE IF EXISTS `door_lock_history`;
/*!40101 SET @saved_cs_client     = @@character_set_client */;
/*!50503 SET character_set_client = utf8mb4 */;
CREATE TABLE `door_lock_history` (
  `id` bigint NOT NULL AUTO_INCREMENT COMMENT '门锁id',
  `yard_sn` varchar(191) DEFAULT NULL COMMENT '园区sn（第三方）',
  `door_guid` varchar(191) DEFAULT NULL COMMENT '门禁id（第三方）',
  `operation` varchar(191) DEFAULT NULL COMMENT '操作记录(open：远程开门 reboot：重启)',
  `response` varchar(191) DEFAULT NULL COMMENT '第三方接口响应',
  `detail_info` varchar(191) DEFAULT NULL COMMENT '详情地址',
  `open_id` varchar(191) DEFAULT NULL COMMENT '用户标识',
  `create_time` datetime(3) DEFAULT NULL COMMENT '创建时间',
  `update_time` datetime(3) DEFAULT NULL COMMENT '最后更新时间',
  PRIMARY KEY (`id`) USING BTREE
) ENGINE=InnoDB AUTO_INCREMENT=124 DEFAULT CHARSET=utf8mb4 COLLATE=utf8mb4_0900_ai_ci ROW_FORMAT=DYNAMIC COMMENT='门锁操作历史表';
/*!40101 SET character_set_client = @saved_cs_client */;

--
-- Dumping data for table `door_lock_history`
--

LOCK TABLES `door_lock_history` WRITE;
/*!40000 ALTER TABLE `door_lock_history` DISABLE KEYS */;
INSERT INTO `door_lock_history` VALUES (1,'786537017627385856','5068416139942690838','open','400',NULL,'o_2jP6zd9W79TNucHkuemFrpFaPg','2025-06-24 16:00:22.000','2025-06-24 16:00:22.000'),(2,'786537017627385856','5068416139942690838','open','400',NULL,'o3h6g7c4ISkNNpmE6dHRvWHucSa0','2026-03-20 13:24:21.000','2026-03-20 13:24:21.000'),(3,'786537017627385856','5068416139942690838','open','400',NULL,'o3h6g7c4ISkNNpmE6dHRvWHucSa0','2026-03-20 14:14:31.000','2026-03-20 14:14:31.000'),(4,'786537017627385856','5068416139942690838','open','400',NULL,'o3h6g7aR3G6tkD7yjm4UsMDM1kWs','2026-03-20 17:11:14.000','2026-03-20 17:11:14.000'),(5,'786537017627385856','5068416139942690838','open','200',NULL,'o3h6g7aR3G6tkD7yjm4UsMDM1kWs','2026-03-20 17:12:18.000','2026-03-20 17:12:18.000'),(6,'786537017627385856','5068416139942690838','open','200',NULL,'o3h6g7ZqNuq4MYyBqMj3LbWJEGoY','2026-03-24 14:16:47.000','2026-03-24 14:16:47.000'),(7,'786537017627385856','5068416139942690838','open','200',NULL,'o3h6g7ZqNuq4MYyBqMj3LbWJEGoY','2026-03-24 14:17:33.000','2026-03-24 14:17:33.000'),(8,'786537017627385856','5068416139942690838','open','200',NULL,'o3h6g7ZqNuq4MYyBqMj3LbWJEGoY','2026-03-24 14:20:14.000','2026-03-24 14:20:14.000'),(9,'786537017627385856','5068416139942690838','open','200',NULL,'o3h6g7feoFdOMohbTNxHCr2-yF1s','2026-03-24 14:21:03.000','2026-03-24 14:21:03.000'),(10,'786537017627385856','5068416139942690838','open','200',NULL,'o3h6g7ZqNuq4MYyBqMj3LbWJEGoY','2026-03-24 14:28:19.000','2026-03-24 14:28:19.000'),(11,'786537017627385856','5068416139942690838','open','200',NULL,'o3h6g7RrnYZH-W_45YpuZi1mGLZw','2026-03-24 14:38:23.000','2026-03-24 14:38:23.000'),(12,'786537017627385856','5068416139942690838','open','200',NULL,'o3h6g7c5-wcVouRMCS2fuuTZjBuA','2026-03-24 14:44:43.000','2026-03-24 14:44:43.000'),(13,'786537017627385856','5068416139942690838','open','200',NULL,'o3h6g7feoFdOMohbTNxHCr2-yF1s','2026-03-24 15:12:50.000','2026-03-24 15:12:50.000'),(14,'786537017627385856','5068416139942690838','open','200',NULL,'o3h6g7YPqSzTpnsrMonJNMVopRDQ','2026-03-24 15:57:55.000','2026-03-24 15:57:55.000'),(15,'786537017627385856','5068416139942690838','open','200',NULL,'o3h6g7S3PgHX-X_siTmvvpI4Qz64','2026-03-24 16:17:03.000','2026-03-24 16:17:03.000'),(16,'786537017627385856','5068416139942690838','open','200',NULL,'o3h6g7feoFdOMohbTNxHCr2-yF1s','2026-03-24 16:32:34.000','2026-03-24 16:32:34.000'),(17,'786537017627385856','5068416139942690838','open','200',NULL,'o3h6g7ZqNuq4MYyBqMj3LbWJEGoY','2026-03-25 09:31:49.000','2026-03-25 09:31:49.000'),(18,'786537017627385856','5068416139942690838','open','200',NULL,'o3h6g7TOi2Pd0NnroMdXwvXK4oqM','2026-03-25 13:34:45.000','2026-03-25 13:34:45.000'),(19,'786537017627385856','5068416139942690838','open','200',NULL,'o3h6g7TOi2Pd0NnroMdXwvXK4oqM','2026-03-25 13:40:51.000','2026-03-25 13:40:51.000'),(20,'786537017627385856','5068416139942690838','open','200',NULL,'o3h6g7TOi2Pd0NnroMdXwvXK4oqM','2026-03-25 14:29:26.000','2026-03-25 14:29:26.000'),(21,'786537017627385856','5068416139942690838','open','200',NULL,'o3h6g7TOi2Pd0NnroMdXwvXK4oqM','2026-03-25 14:31:34.000','2026-03-25 14:31:34.000'),(22,'786537017627385856','5068416139942690838','open','200',NULL,'o3h6g7ZqNuq4MYyBqMj3LbWJEGoY','2026-03-25 15:21:30.000','2026-03-25 15:21:30.000'),(23,'786537017627385856','5068416139942690838','open','200',NULL,'o3h6g7c5-wcVouRMCS2fuuTZjBuA','2026-03-25 15:29:34.000','2026-03-25 15:29:34.000'),(24,'786537017627385856','5068416139942690838','open','400',NULL,'o3h6g7S3PgHX-X_siTmvvpI4Qz64','2026-03-25 17:53:21.000','2026-03-25 17:53:21.000'),(25,'786537017627385856','5068416139942690838','open','200',NULL,'o3h6g7feoFdOMohbTNxHCr2-yF1s','2026-03-26 09:57:01.000','2026-03-26 09:57:01.000'),(26,'786537017627385856','5068416139942690838','open','200',NULL,'o3h6g7feoFdOMohbTNxHCr2-yF1s','2026-03-26 10:00:28.000','2026-03-26 10:00:28.000'),(27,'786537017627385856','5068416139942690838','open','200',NULL,'o3h6g7TOi2Pd0NnroMdXwvXK4oqM','2026-03-26 11:50:06.000','2026-03-26 11:50:06.000'),(28,'786537017627385856','5068416139942690838','open','200',NULL,'o3h6g7TOi2Pd0NnroMdXwvXK4oqM','2026-03-26 16:41:15.000','2026-03-26 16:41:15.000'),(29,'786537017627385856','5068416139942690838','open','200',NULL,'o3h6g7TOi2Pd0NnroMdXwvXK4oqM','2026-03-26 16:42:11.000','2026-03-26 16:42:11.000'),(30,'786537017627385856','5068416139942690838','open','200',NULL,'o3h6g7TOi2Pd0NnroMdXwvXK4oqM','2026-03-26 16:56:57.000','2026-03-26 16:56:57.000'),(31,'786537017627385856','5068416139942690838','open','200',NULL,'o3h6g7TOi2Pd0NnroMdXwvXK4oqM','2026-03-26 17:00:47.000','2026-03-26 17:00:47.000'),(32,'786537017627385856','5068416139942690838','open','200',NULL,'o3h6g7TOi2Pd0NnroMdXwvXK4oqM','2026-03-26 17:01:03.000','2026-03-26 17:01:03.000'),(33,'786537017627385856','5068416139942690838','open','200',NULL,'o3h6g7TOi2Pd0NnroMdXwvXK4oqM','2026-03-26 17:02:49.000','2026-03-26 17:02:49.000'),(34,'786537017627385856','5068416139942690838','open','200',NULL,'o3h6g7TOi2Pd0NnroMdXwvXK4oqM','2026-03-26 17:03:45.000','2026-03-26 17:03:45.000'),(35,'786537017627385856','5068416139942690838','open','200',NULL,'o3h6g7TOi2Pd0NnroMdXwvXK4oqM','2026-03-26 17:06:40.000','2026-03-26 17:06:40.000'),(36,'786537017627385856','5068416139942690838','open','200',NULL,'o3h6g7TOi2Pd0NnroMdXwvXK4oqM','2026-03-26 17:07:32.000','2026-03-26 17:07:32.000'),(37,'786537017627385856','5068416139942690838','open','200',NULL,'o3h6g7TOi2Pd0NnroMdXwvXK4oqM','2026-03-26 17:15:00.000','2026-03-26 17:15:00.000'),(38,'786537017627385856','5068416139942690838','open','200',NULL,'o3h6g7TOi2Pd0NnroMdXwvXK4oqM','2026-03-26 17:15:31.000','2026-03-26 17:15:31.000'),(39,'786537017627385856','5068416139942690838','open','200',NULL,'o3h6g7TOi2Pd0NnroMdXwvXK4oqM','2026-03-26 17:30:39.000','2026-03-26 17:30:39.000'),(40,'786537017627385856','5068416139942690838','open','200',NULL,'o3h6g7TOi2Pd0NnroMdXwvXK4oqM','2026-03-26 17:31:21.000','2026-03-26 17:31:21.000'),(41,'786537017627385856','5068416139942690838','open','200',NULL,'o3h6g7UIrKP9B-LP83vmEEqYuUpY','2026-03-27 09:20:47.000','2026-03-27 09:20:47.000'),(42,'786537017627385856','5068416139942690838','open','200',NULL,'o3h6g7RrnYZH-W_45YpuZi1mGLZw','2026-03-27 10:26:33.000','2026-03-27 10:26:33.000'),(43,'786537017627385856','5068416139942690838','open','200',NULL,'o3h6g7TOi2Pd0NnroMdXwvXK4oqM','2026-03-27 10:45:23.000','2026-03-27 10:45:23.000'),(44,'786537017627385856','5068416139942690838','open','200',NULL,'o3h6g7TOi2Pd0NnroMdXwvXK4oqM','2026-03-27 10:45:56.000','2026-03-27 10:45:56.000'),(45,'786537017627385856','5068416139942690838','open','200',NULL,'o3h6g7TOi2Pd0NnroMdXwvXK4oqM','2026-03-27 10:57:45.000','2026-03-27 10:57:45.000'),(46,'786537017627385856','5068416139942690838','open','200',NULL,'o3h6g7c4ISkNNpmE6dHRvWHucSa0','2026-03-27 11:00:12.000','2026-03-27 11:00:12.000'),(47,'786537017627385856','5068416139942690838','open','200',NULL,'o3h6g7c4ISkNNpmE6dHRvWHucSa0','2026-03-27 11:09:16.000','2026-03-27 11:09:16.000'),(48,'786537017627385856','5068416139942690838','open','200',NULL,'o3h6g7eFnPidPOkKIyf5nazFYN7s','2026-03-27 11:21:21.000','2026-03-27 11:21:21.000'),(49,'786537017627385856','5068416139942690838','open','200',NULL,'o3h6g7TOi2Pd0NnroMdXwvXK4oqM','2026-03-27 11:23:29.000','2026-03-27 11:23:29.000'),(50,'786537017627385856','5068416139942690838','open','200',NULL,'o3h6g7TOi2Pd0NnroMdXwvXK4oqM','2026-03-27 11:24:17.000','2026-03-27 11:24:17.000'),(51,'786537017627385856','5068416139942690838','open','200',NULL,'o3h6g7c4ISkNNpmE6dHRvWHucSa0','2026-03-27 11:25:14.000','2026-03-27 11:25:14.000'),(52,'786537017627385856','5068416139942690838','open','200',NULL,'o3h6g7c4ISkNNpmE6dHRvWHucSa0','2026-03-27 11:32:56.000','2026-03-27 11:32:56.000'),(53,'786537017627385856','5068416139942690838','open','200',NULL,'o3h6g7TOi2Pd0NnroMdXwvXK4oqM','2026-03-27 11:46:01.000','2026-03-27 11:46:01.000'),(54,'786537017627385856','5068416139942690838','open','200',NULL,'o3h6g7TOi2Pd0NnroMdXwvXK4oqM','2026-03-27 11:46:49.000','2026-03-27 11:46:49.000'),(55,'786537017627385856','5068416139942690838','open','200',NULL,'o3h6g7TOi2Pd0NnroMdXwvXK4oqM','2026-03-27 11:47:45.000','2026-03-27 11:47:45.000'),(56,'786537017627385856','5068416139942690838','open','200',NULL,'o3h6g7TOi2Pd0NnroMdXwvXK4oqM','2026-03-27 11:51:26.000','2026-03-27 11:51:26.000'),(57,'786537017627385856','5068416139942690838','open','200',NULL,'o3h6g7TOi2Pd0NnroMdXwvXK4oqM','2026-03-27 12:54:08.000','2026-03-27 12:54:08.000'),(58,'786537017627385856','5068416139942690838','open','200',NULL,'o3h6g7TOi2Pd0NnroMdXwvXK4oqM','2026-03-27 13:06:10.000','2026-03-27 13:06:10.000'),(59,'786537017627385856','5068416139942690838','open','200',NULL,'o3h6g7TOi2Pd0NnroMdXwvXK4oqM','2026-03-27 13:06:46.000','2026-03-27 13:06:46.000'),(60,'786537017627385856','5068416139942690838','open','200',NULL,'o3h6g7TOi2Pd0NnroMdXwvXK4oqM','2026-03-27 13:19:05.000','2026-03-27 13:19:05.000'),(61,'786537017627385856','5068416139942690838','open','200',NULL,'o3h6g7TOi2Pd0NnroMdXwvXK4oqM','2026-03-27 14:43:35.000','2026-03-27 14:43:35.000'),(62,'786537017627385856','5068416139942690838','open','200',NULL,'o3h6g7TOi2Pd0NnroMdXwvXK4oqM','2026-03-27 14:48:45.000','2026-03-27 14:48:45.000'),(63,'786537017627385856','5068416139942690838','open','200',NULL,'o3h6g7TOi2Pd0NnroMdXwvXK4oqM','2026-03-27 14:49:36.000','2026-03-27 14:49:36.000'),(64,'786537017627385856','5068416139942690838','open','200',NULL,'o3h6g7TOi2Pd0NnroMdXwvXK4oqM','2026-03-27 14:50:02.000','2026-03-27 14:50:02.000'),(65,'786537017627385856','5068416139942690838','open','200',NULL,'o3h6g7TOi2Pd0NnroMdXwvXK4oqM','2026-03-27 14:50:28.000','2026-03-27 14:50:28.000'),(66,'786537017627385856','5068416139942690838','open','200',NULL,'o3h6g7TOi2Pd0NnroMdXwvXK4oqM','2026-03-27 15:41:07.000','2026-03-27 15:41:07.000'),(67,'786537017627385856','5068416139942690838','open','200',NULL,'o3h6g7feoFdOMohbTNxHCr2-yF1s','2026-03-28 09:31:34.000','2026-03-28 09:31:34.000'),(68,'786537017627385856','5068416139942690838','open','200',NULL,'o3h6g7UIrKP9B-LP83vmEEqYuUpY','2026-03-28 12:04:40.000','2026-03-28 12:04:40.000'),(69,'786537017627385856','5068416139942690838','open','200',NULL,'o3h6g7feoFdOMohbTNxHCr2-yF1s','2026-03-28 14:44:32.000','2026-03-28 14:44:32.000'),(70,'786537017627385856','5068416139942690838','open','200',NULL,'o3h6g7YPqSzTpnsrMonJNMVopRDQ','2026-03-28 16:37:52.000','2026-03-28 16:37:52.000'),(71,'786537017627385856','5068416139942690838','open','200',NULL,'o3h6g7UIrKP9B-LP83vmEEqYuUpY','2026-03-30 11:27:39.000','2026-03-30 11:27:39.000'),(72,'786537017627385856','5068416139942690838','open','200',NULL,'o3h6g7YPqSzTpnsrMonJNMVopRDQ','2026-03-30 14:25:33.000','2026-03-30 14:25:33.000'),(73,'786537017627385856','5068416139942690838','open','200',NULL,'o3h6g7UIrKP9B-LP83vmEEqYuUpY','2026-03-30 16:20:29.000','2026-03-30 16:20:29.000'),(74,'786537017627385856','5068416139942690838','open','200',NULL,'o3h6g7UIrKP9B-LP83vmEEqYuUpY','2026-03-31 08:56:04.000','2026-03-31 08:56:04.000'),(75,'786537017627385856','5068416139942690838','open','200',NULL,'o3h6g7UIrKP9B-LP83vmEEqYuUpY','2026-04-01 09:04:36.000','2026-04-01 09:04:36.000'),(76,'786537017627385856','5068416139942690838','open','200',NULL,'o3h6g7ZqNuq4MYyBqMj3LbWJEGoY','2026-04-01 09:52:38.000','2026-04-01 09:52:38.000'),(77,'786537017627385856','5068416139942690838','open','200',NULL,'o3h6g7UIrKP9B-LP83vmEEqYuUpY','2026-04-01 12:52:47.000','2026-04-01 12:52:47.000'),(78,'786537017627385856','5068416139942690838','open','200',NULL,'o3h6g7feoFdOMohbTNxHCr2-yF1s','2026-04-01 13:00:13.000','2026-04-01 13:00:13.000'),(79,'786537017627385856','5068416139942690838','open','200',NULL,'o3h6g7ZqNuq4MYyBqMj3LbWJEGoY','2026-04-01 14:14:55.000','2026-04-01 14:14:55.000'),(80,'786537017627385856','5068416139942690838','open','200',NULL,'o3h6g7UIrKP9B-LP83vmEEqYuUpY','2026-04-01 18:02:46.000','2026-04-01 18:02:46.000'),(81,'786537017627385856','5068416139942690838','open','200',NULL,'o3h6g7ZqNuq4MYyBqMj3LbWJEGoY','2026-04-02 09:53:27.000','2026-04-02 09:53:27.000'),(82,'786537017627385856','5068416139942690838','open','200',NULL,'o3h6g7UIrKP9B-LP83vmEEqYuUpY','2026-04-02 10:14:32.000','2026-04-02 10:14:32.000'),(83,'786537017627385856','5068416139942690838','open','200',NULL,'o3h6g7feoFdOMohbTNxHCr2-yF1s','2026-04-02 10:55:26.000','2026-04-02 10:55:26.000'),(84,'786537017627385856','5068416139942690838','open','200',NULL,'o3h6g7ZqNuq4MYyBqMj3LbWJEGoY','2026-04-02 14:38:04.000','2026-04-02 14:38:04.000'),(85,'786537017627385856','5068416139942690838','open','200',NULL,'o3h6g7feoFdOMohbTNxHCr2-yF1s','2026-04-02 15:16:49.000','2026-04-02 15:16:49.000'),(86,'786537017627385856','5068416139942690838','open','200',NULL,'o3h6g7UIrKP9B-LP83vmEEqYuUpY','2026-04-02 15:56:23.000','2026-04-02 15:56:23.000'),(87,'786537017627385856','5068416139942690838','open','200',NULL,'o3h6g7ZqNuq4MYyBqMj3LbWJEGoY','2026-04-03 10:59:37.000','2026-04-03 10:59:37.000'),(88,'786537017627385856','5068416139942690838','open','200',NULL,'o3h6g7ZqNuq4MYyBqMj3LbWJEGoY','2026-04-07 11:02:38.000','2026-04-07 11:02:38.000'),(89,'786537017627385856','5068416139942690838','open','200',NULL,'o3h6g7feoFdOMohbTNxHCr2-yF1s','2026-04-07 15:02:59.000','2026-04-07 15:02:59.000'),(90,'786537017627385856','5068416139942690838','open','200',NULL,'o3h6g7feoFdOMohbTNxHCr2-yF1s','2026-04-08 13:05:37.000','2026-04-08 13:05:37.000'),(91,'786537017627385856','5068416139942690838','open','200',NULL,'o3h6g7feoFdOMohbTNxHCr2-yF1s','2026-04-09 12:58:36.000','2026-04-09 12:58:36.000'),(92,'786537017627385856','5068416139942690838','open','200',NULL,'o3h6g7TOi2Pd0NnroMdXwvXK4oqM','2026-04-11 11:42:37.000','2026-04-11 11:42:37.000'),(93,'786537017627385856','5068416139942690838','open','400',NULL,'o3h6g7bfzTz7NMdPMVcPiIgRQpyQ','2026-04-12 10:46:34.000','2026-04-12 10:46:34.000'),(94,'786537017627385856','5068416139942690838','open','200',NULL,'o3h6g7aR3G6tkD7yjm4UsMDM1kWs','2026-04-12 10:50:31.000','2026-04-12 10:50:31.000'),(95,'786537017627385856','5068416139942690838','open','200',NULL,'o3h6g7feoFdOMohbTNxHCr2-yF1s','2026-04-12 11:10:26.000','2026-04-12 11:10:26.000'),(96,'786537017627385856','5068416139942690838','open','200',NULL,'o3h6g7feoFdOMohbTNxHCr2-yF1s','2026-04-12 11:22:32.000','2026-04-12 11:22:32.000'),(97,'786537017627385856','5068416139942690838','open','200',NULL,'o3h6g7UJjB9vOnUeQ38bwvNqbrbk','2026-04-13 10:11:38.000','2026-04-13 10:11:38.000'),(98,'786537017627385856','5068416139942690838','open','200',NULL,'o3h6g7feoFdOMohbTNxHCr2-yF1s','2026-04-13 10:28:23.000','2026-04-13 10:28:23.000'),(99,'786537017627385856','5068416139942690838','open','200',NULL,'o3h6g7feoFdOMohbTNxHCr2-yF1s','2026-04-13 14:54:22.000','2026-04-13 14:54:22.000'),(100,'786537017627385856','5068416139942690838','open','200',NULL,'o3h6g7feoFdOMohbTNxHCr2-yF1s','2026-04-13 14:59:53.000','2026-04-13 14:59:53.000'),(101,'786537017627385856','5068416139942690838','open','200',NULL,'o3h6g7UIrKP9B-LP83vmEEqYuUpY','2026-04-13 16:26:30.000','2026-04-13 16:26:30.000'),(102,'786537017627385856','5068416139942690838','open','200',NULL,'o3h6g7TOi2Pd0NnroMdXwvXK4oqM','2026-04-14 15:15:31.000','2026-04-14 15:15:31.000'),(103,'786537017627385856','5068416139942690838','open','200',NULL,'o3h6g7TOi2Pd0NnroMdXwvXK4oqM','2026-04-14 15:24:27.000','2026-04-14 15:24:27.000'),(104,'786537017627385856','5068416139942690838','open','200',NULL,'o3h6g7TOi2Pd0NnroMdXwvXK4oqM','2026-04-14 15:24:56.000','2026-04-14 15:24:56.000'),(105,'786537017627385856','5068416139942690838','open','200',NULL,'o3h6g7TOi2Pd0NnroMdXwvXK4oqM','2026-04-14 15:27:10.000','2026-04-14 15:27:10.000'),(106,'786537017627385856','5068416139942690838','open','200',NULL,'o3h6g7TOi2Pd0NnroMdXwvXK4oqM','2026-04-14 15:39:18.000','2026-04-14 15:39:18.000'),(107,'786537017627385856','5068416139942690838','open','200',NULL,'o3h6g7c4ISkNNpmE6dHRvWHucSa0','2026-04-14 15:47:22.000','2026-04-14 15:47:22.000'),(108,'786537017627385856','5068416139942690838','open','200',NULL,'o3h6g7TOi2Pd0NnroMdXwvXK4oqM','2026-04-14 15:56:01.000','2026-04-14 15:56:01.000'),(109,'786537017627385856','5068416139942690838','open','200',NULL,'o3h6g7TOi2Pd0NnroMdXwvXK4oqM','2026-04-14 15:58:50.000','2026-04-14 15:58:50.000'),(110,'786537017627385856','5068416139942690838','open','200',NULL,'o3h6g7TOi2Pd0NnroMdXwvXK4oqM','2026-04-14 15:59:55.000','2026-04-14 15:59:55.000'),(111,'786537017627385856','5068416139942690838','open','200',NULL,'o3h6g7TOi2Pd0NnroMdXwvXK4oqM','2026-04-14 16:01:39.000','2026-04-14 16:01:39.000'),(112,'786537017627385856','5068416139942690838','open','200',NULL,'o3h6g7TOi2Pd0NnroMdXwvXK4oqM','2026-04-14 16:30:29.000','2026-04-14 16:30:29.000'),(113,'786537017627385856','5068416139942690838','open','200',NULL,'o3h6g7TOi2Pd0NnroMdXwvXK4oqM','2026-04-14 16:32:58.000','2026-04-14 16:32:58.000'),(114,'786537017627385856','5068416139942690838','open','200',NULL,'o3h6g7TOi2Pd0NnroMdXwvXK4oqM','2026-04-14 16:33:31.000','2026-04-14 16:33:31.000'),(115,'786537017627385856','5068416139942690838','open','200',NULL,'o3h6g7TOi2Pd0NnroMdXwvXK4oqM','2026-04-14 16:37:19.000','2026-04-14 16:37:19.000'),(116,'786537017627385856','5068416139942690838','open','200',NULL,'o3h6g7TOi2Pd0NnroMdXwvXK4oqM','2026-04-14 16:59:27.000','2026-04-14 16:59:27.000'),(117,'786537017627385856','5068416139942690838','open','200',NULL,'o3h6g7TOi2Pd0NnroMdXwvXK4oqM','2026-04-14 17:03:17.000','2026-04-14 17:03:17.000'),(118,'786537017627385856','5068416139942690838','open','200',NULL,'o3h6g7TOi2Pd0NnroMdXwvXK4oqM','2026-04-14 17:05:19.000','2026-04-14 17:05:19.000'),(119,'786537017627385856','5068416139942690838','open','200',NULL,'o3h6g7TOi2Pd0NnroMdXwvXK4oqM','2026-04-14 17:05:50.000','2026-04-14 17:05:50.000'),(120,'786537017627385856','5068416139942690838','open','200',NULL,'o3h6g7TOi2Pd0NnroMdXwvXK4oqM','2026-04-14 17:09:18.000','2026-04-14 17:09:18.000'),(121,'786537017627385856','5068416139942690838','open','200',NULL,'o3h6g7TOi2Pd0NnroMdXwvXK4oqM','2026-04-14 17:14:12.000','2026-04-14 17:14:12.000'),(122,'786537017627385856','5068416139942690838','open','200',NULL,'o3h6g7feoFdOMohbTNxHCr2-yF1s','2026-04-14 17:22:10.000','2026-04-14 17:22:10.000'),(123,'786537017627385856','5068416139942690838','open','200',NULL,'o3h6g7feoFdOMohbTNxHCr2-yF1s','2026-04-15 14:16:14.000','2026-04-15 14:16:14.000');
/*!40000 ALTER TABLE `door_lock_history` ENABLE KEYS */;
UNLOCK TABLES;

--
-- Table structure for table `error_report_log`
--

DROP TABLE IF EXISTS `error_report_log`;
/*!40101 SET @saved_cs_client     = @@character_set_client */;
/*!50503 SET character_set_client = utf8mb4 */;
CREATE TABLE `error_report_log` (
  `error_report_log_id` int NOT NULL AUTO_INCREMENT COMMENT '错误日志报告ID',
  `create_time` datetime DEFAULT CURRENT_TIMESTAMP ON UPDATE CURRENT_TIMESTAMP COMMENT '创建时间',
  `update_time` datetime DEFAULT CURRENT_TIMESTAMP ON UPDATE CURRENT_TIMESTAMP COMMENT '更新时间',
  `equipment_id` varchar(255) CHARACTER SET utf8mb4 COLLATE utf8mb4_unicode_ci DEFAULT NULL COMMENT '设备ID',
  `log_path` varchar(255) CHARACTER SET utf8mb4 COLLATE utf8mb4_unicode_ci DEFAULT NULL COMMENT '文件位置',
  PRIMARY KEY (`error_report_log_id`) USING BTREE
) ENGINE=InnoDB AUTO_INCREMENT=619 DEFAULT CHARSET=utf8mb4 COLLATE=utf8mb4_unicode_ci ROW_FORMAT=DYNAMIC COMMENT='错误日志报告';
/*!40101 SET character_set_client = @saved_cs_client */;

--
-- Dumping data for table `error_report_log`
--

LOCK TABLES `error_report_log` WRITE;
/*!40000 ALTER TABLE `error_report_log` DISABLE KEYS */;
INSERT INTO `error_report_log` VALUES (1,'2026-04-10 09:19:01','2026-04-10 09:27:24','33b3e79844dea4e1','http://app.ximingtech.com:8083/profile/uploaderrorlog/2026/04/02/session_e51aa19b16a74d5ab93834c0526d6399_260401_20260402150340A108.zip'),(2,'2026-04-10 09:19:02','2026-04-10 09:27:24','33b3e79844dea4e1','http://app.ximingtech.com:8083/profile/uploaderrorlog/2026/04/02/session_9a2801fa47c74d86a4b142b213a1b3dc_260402_20260402150405A109.zip'),(3,'2026-04-10 09:19:03','2026-04-10 09:27:24','33b3e79844dea4e1','http://app.ximingtech.com:8083/profile/uploaderrorlog/2026/04/02/session_a1acb036d25f41148ede6ddcd967650a_250912_20260402150429A110.zip'),(4,'2026-04-10 09:19:04','2026-04-10 09:27:24','33b3e79844dea4e1','http://app.ximingtech.com:8083/profile/uploaderrorlog/2026/04/02/session_5b5420241a3d404daf4f8948a8ca06c3_260402_20260402150453A111.zip'),(5,'2026-04-10 09:19:05','2026-04-10 09:27:24','33b3e79844dea4e1','http://app.ximingtech.com:8083/profile/uploaderrorlog/2026/04/02/session_eaf2e5752e5e4cbca4cb76e8e8906022_250912_20260402150520A112.zip'),(6,'2026-04-10 09:19:06','2026-04-10 09:27:24','33b3e79844dea4e1','http://app.ximingtech.com:8083/profile/uploaderrorlog/2026/04/02/session_468ffd39ee66477b8414128e4469a0d3_260402_20260402150547A113.zip'),(7,'2026-04-10 09:19:07','2026-04-10 09:27:24','33b3e79844dea4e1','http://app.ximingtech.com:8083/profile/uploaderrorlog/2026/04/02/session_6a1e8e9bc2544708a14664d3cd86c7ea_260402_20260402150613A114.zip'),(8,'2026-04-10 09:19:08','2026-04-10 09:27:24','33b3e79844dea4e1','http://app.ximingtech.com:8083/profile/uploaderrorlog/2026/04/02/session_2a918c209728471cae62ac284daf69fa_260402_20260402150639A115.zip'),(9,'2026-04-10 09:19:09','2026-04-10 09:27:24','33b3e79844dea4e1','http://app.ximingtech.com:8083/profile/uploaderrorlog/2026/04/02/session_dbce3468bcb84673bd49e922c7559f8e_260401_20260402150706A116.zip'),(10,'2026-04-10 09:19:10','2026-04-10 09:27:24','33b3e79844dea4e1','http://app.ximingtech.com:8083/profile/uploaderrorlog/2026/04/02/session_80d175271ce5410eaede7bb594f5fb6b_260401_20260402150736A117.zip'),(11,'2026-04-10 09:19:11','2026-04-10 09:27:24','33b3e79844dea4e1','http://app.ximingtech.com:8083/profile/uploaderrorlog/2026/04/02/session_62ad5c1084064478b31b3cf93e2fe40e_260402_20260402150807A118.zip'),(12,'2026-04-10 09:19:12','2026-04-10 09:27:24','33b3e79844dea4e1','http://app.ximingtech.com:8083/profile/uploaderrorlog/2026/04/02/session_5eb1913f2f05467dbe5579f7d1aae2d5_260402_20260402150836A119.zip'),(13,'2026-04-10 09:19:13','2026-04-10 09:27:24','33b3e79844dea4e1','http://app.ximingtech.com:8083/profile/uploaderrorlog/2026/04/02/session_23e3c56e618046b2b5cbf2b8ff548b57_260402_20260402150902A120.zip'),(14,'2026-04-10 09:19:14','2026-04-10 09:27:24','33b3e79844dea4e1','http://app.ximingtech.com:8083/profile/uploaderrorlog/2026/04/02/session_a3a139c10d4f450eb2d07b1e01a92c80_260402_20260402150928A121.zip'),(15,'2026-04-10 09:19:15','2026-04-10 09:27:24','33b3e79844dea4e1','http://app.ximingtech.com:8083/profile/uploaderrorlog/2026/04/02/session_fb79a20389ed42cb826d7e11d13ca7d6_260402_20260402150950A122.zip'),(16,'2026-04-10 09:19:16','2026-04-10 09:27:24','33b3e79844dea4e1','http://app.ximingtech.com:8083/profile/uploaderrorlog/2026/04/02/session_00240cc8c03246c583456589885a782e_250912_20260402151013A123.zip'),(17,'2026-04-10 09:19:17','2026-04-10 09:27:24','33b3e79844dea4e1','http://app.ximingtech.com:8083/profile/uploaderrorlog/2026/04/02/session_dbbb7d6a60564d17b5febdecf28b2e2d_260402_20260402151035A124.zip'),(18,'2026-04-10 09:19:18','2026-04-10 09:27:24','33b3e79844dea4e1','http://app.ximingtech.com:8083/profile/uploaderrorlog/2026/04/02/session_5888793b66c2428090024ef21ef69a45_260402_20260402151056A125.zip'),(19,'2026-04-10 09:19:19','2026-04-10 09:27:24','33b3e79844dea4e1','http://app.ximingtech.com:8083/profile/uploaderrorlog/2026/04/02/session_0e1e77703c0a4ee7b8d4514dffb3d927_260402_20260402151117A126.zip'),(20,'2026-04-10 09:19:20','2026-04-10 09:27:24','33b3e79844dea4e1','http://app.ximingtech.com:8083/profile/uploaderrorlog/2026/04/02/session_dbb791c1dece4acfad1d896dfb3c1fac_260402_20260402151138A127.zip'),(21,'2026-04-10 09:19:21','2026-04-10 09:27:24','33b3e79844dea4e1','http://app.ximingtech.com:8083/profile/uploaderrorlog/2026/04/02/session_cd46eafa66ae4cc2af61f36c138feefb_260402_20260402151156A128.zip'),(22,'2026-04-10 09:19:22','2026-04-10 09:27:24','33b3e79844dea4e1','http://app.ximingtech.com:8083/profile/uploaderrorlog/2026/04/02/session_eab2733d16f641c0b3392f087975fcb5_260402_20260402151217A129.zip'),(23,'2026-04-10 09:19:23','2026-04-10 09:27:24','33b3e79844dea4e1','http://app.ximingtech.com:8083/profile/uploaderrorlog/2026/04/02/session_91365290e5f748c8a497ecb8dba6a454_250912_20260402151241A130.zip'),(24,'2026-04-10 09:19:24','2026-04-10 09:27:24','33b3e79844dea4e1','http://app.ximingtech.com:8083/profile/uploaderrorlog/2026/04/02/session_34d50a1e58964e428edb74a3b8e3b5a1_250912_20260402151308A131.zip'),(25,'2026-04-10 09:19:25','2026-04-10 09:27:24','33b3e79844dea4e1','http://app.ximingtech.com:8083/profile/uploaderrorlog/2026/04/02/session_16bd5a9b319947a9a2efd5f34c843e65_260402_20260402151334A132.zip'),(26,'2026-04-10 09:19:26','2026-04-10 09:27:24','33b3e79844dea4e1','http://app.ximingtech.com:8083/profile/uploaderrorlog/2026/04/02/session_cce39e8d2821414fb4e0f3b099db6427_260402_20260402151357A133.zip'),(27,'2026-04-10 09:19:27','2026-04-10 09:27:24','33b3e79844dea4e1','http://app.ximingtech.com:8083/profile/uploaderrorlog/2026/04/02/session_8c891c5c0a914ea9bb9cb3412332dd29_260402_20260402151421A134.zip'),(28,'2026-04-10 09:19:28','2026-04-10 09:27:24','33b3e79844dea4e1','http://app.ximingtech.com:8083/profile/uploaderrorlog/2026/04/02/session_6710df86afc54497a9782416f91bd1e7_260402_20260402151851A135.zip'),(29,'2026-04-10 09:19:29','2026-04-10 09:27:24','33b3e79844dea4e1','http://app.ximingtech.com:8083/profile/uploaderrorlog/2026/04/02/session_c9fb77a083f241e8922cecdd0f47f672_260402_20260402151917A136.zip'),(30,'2026-04-10 09:19:30','2026-04-10 09:27:24','33b3e79844dea4e1','http://app.ximingtech.com:8083/profile/uploaderrorlog/2026/04/02/session_18c33ed97dc644ed92de337060b3a502_260402_20260402151941A137.zip'),(31,'2026-04-10 09:19:31','2026-04-10 09:27:24','33b3e79844dea4e1','http://app.ximingtech.com:8083/profile/uploaderrorlog/2026/04/02/session_11ade7ab145740e0bba67bfb157e3b4c_260402_20260402154911A138.zip'),(32,'2026-04-10 09:19:32','2026-04-10 09:27:24','33b3e79844dea4e1','http://app.ximingtech.com:8083/profile/uploaderrorlog/2026/04/02/session_94626e9a6c294b27be1ec8e575617128_260402_20260402155742A139.zip'),(33,'2026-04-10 09:18:01','2026-04-10 09:27:24','09eea93a6c357fda','http://app.ximingtech.com:8083/profile/uploaderrorlog/2026/04/03/crash_SERIAL_BUILD_2026-02-28_20260403101925A140.log'),(34,'2026-04-10 09:18:02','2026-04-10 09:27:24','09eea93a6c357fda','http://app.ximingtech.com:8083/profile/uploaderrorlog/2026/04/03/crash_NETWORK_ERROR_2025-12-30_13-53-07_20260403101925A141.log'),(35,'2026-04-10 09:18:03','2026-04-10 09:27:24','09eea93a6c357fda','http://app.ximingtech.com:8083/profile/uploaderrorlog/2026/04/03/crash_SERIAL_BUILD_2025-12-30_20260403101925A142.log'),(36,'2026-04-10 09:18:04','2026-04-10 09:27:24','09eea93a6c357fda','http://app.ximingtech.com:8083/profile/uploaderrorlog/2026/04/03/crash_MOTO_ERROR_2025-12-30_20260403101925A143.log'),(37,'2026-04-10 09:18:05','2026-04-10 09:27:24','09eea93a6c357fda','http://app.ximingtech.com:8083/profile/uploaderrorlog/2026/04/03/crash_SERIAL_BUILD_2026-03-18_20260403101926A144.log'),(38,'2026-04-10 09:18:06','2026-04-10 09:27:24','09eea93a6c357fda','http://app.ximingtech.com:8083/profile/uploaderrorlog/2026/04/03/tombstone_00001767078719030436_1.0.0__com.xm.ark.anr_20260403101926A145.xcrash'),(39,'2026-04-10 09:18:07','2026-04-10 09:27:24','09eea93a6c357fda','http://app.ximingtech.com:8083/profile/uploaderrorlog/2026/04/03/crash_SERIAL_BUILD_2026-03-27_20260403101927A146.log'),(40,'2026-04-10 09:18:08','2026-04-10 09:27:24','09eea93a6c357fda','http://app.ximingtech.com:8083/profile/uploaderrorlog/2026/04/03/crash_MOTO_ERROR_2026-03-27_20260403101927A147.log'),(41,'2026-04-10 09:18:09','2026-04-10 09:27:24','09eea93a6c357fda','http://app.ximingtech.com:8083/profile/uploaderrorlog/2026/04/03/crash_SERIAL_BUILD_2026-03-28_20260403101927A148.log'),(42,'2026-04-10 09:18:10','2026-04-10 09:27:24','09eea93a6c357fda','http://app.ximingtech.com:8083/profile/uploaderrorlog/2026/04/03/crash_MOTO_ERROR_2026-03-28_20260403101928A149.log'),(43,'2026-04-10 09:19:33','2026-04-10 09:27:24','33b3e79844dea4e1','http://app.ximingtech.com:8083/profile/uploaderrorlog/2026/04/03/crash_SERIAL_BUILD_2026-04-01_20260403101928A150.log'),(44,'2026-04-10 09:18:11','2026-04-10 09:27:24','09eea93a6c357fda','http://app.ximingtech.com:8083/profile/uploaderrorlog/2026/04/03/crash_SERIAL_BUILD_2026-03-30_20260403101928A151.log'),(45,'2026-04-10 09:19:34','2026-04-10 09:27:24','33b3e79844dea4e1','http://app.ximingtech.com:8083/profile/uploaderrorlog/2026/04/03/crash_MOTO_ERROR_2026-04-01_20260403101928A152.log'),(46,'2026-04-10 09:18:12','2026-04-10 09:27:24','09eea93a6c357fda','http://app.ximingtech.com:8083/profile/uploaderrorlog/2026/04/03/crash_MOTO_ERROR_2026-03-30_20260403101928A153.log'),(47,'2026-04-10 09:19:35','2026-04-10 09:27:24','33b3e79844dea4e1','http://app.ximingtech.com:8083/profile/uploaderrorlog/2026/04/03/crash_NETWORK_ERROR_2025-09-12_13-02-10_20260403101928A154.log'),(48,'2026-04-10 09:19:36','2026-04-10 09:27:24','33b3e79844dea4e1','http://app.ximingtech.com:8083/profile/uploaderrorlog/2026/04/03/crash_SERIAL_BUILD_2025-09-12_20260403101929A155.log'),(49,'2026-04-10 09:18:13','2026-04-10 09:27:24','09eea93a6c357fda','http://app.ximingtech.com:8083/profile/uploaderrorlog/2026/04/03/crash_SERIAL_BUILD_2026-03-31_20260403101929A156.log'),(50,'2026-04-10 09:18:14','2026-04-10 09:27:24','09eea93a6c357fda','http://app.ximingtech.com:8083/profile/uploaderrorlog/2026/04/03/crash_MOTO_ERROR_2026-03-31_20260403101929A157.log'),(51,'2026-04-10 09:19:37','2026-04-10 09:27:24','33b3e79844dea4e1','http://app.ximingtech.com:8083/profile/uploaderrorlog/2026/04/03/crash_SERIAL_BUILD_2026-04-02_20260403101929A158.log'),(52,'2026-04-10 09:18:15','2026-04-10 09:27:24','09eea93a6c357fda','http://app.ximingtech.com:8083/profile/uploaderrorlog/2026/04/03/crash_NETWORK_ERROR_2025-12-30_13-53-08_20260403101929A159.log'),(53,'2026-04-10 09:19:38','2026-04-10 09:27:24','33b3e79844dea4e1','http://app.ximingtech.com:8083/profile/uploaderrorlog/2026/04/03/crash_MOTO_ERROR_2026-04-02_20260403101929A160.log'),(54,'2026-04-10 09:18:16','2026-04-10 09:27:24','09eea93a6c357fda','http://app.ximingtech.com:8083/profile/uploaderrorlog/2026/04/03/crash_SERIAL_BUILD_2026-04-01_20260403101929A161.log'),(55,'2026-04-10 09:18:17','2026-04-10 09:27:24','09eea93a6c357fda','http://app.ximingtech.com:8083/profile/uploaderrorlog/2026/04/03/crash_MOTO_ERROR_2026-04-01_20260403101930A162.log'),(56,'2026-04-10 09:18:18','2026-04-10 09:27:24','09eea93a6c357fda','http://app.ximingtech.com:8083/profile/uploaderrorlog/2026/04/03/crash_SERIAL_BUILD_2026-04-02_20260403101930A163.log'),(57,'2026-04-10 09:18:19','2026-04-10 09:27:24','09eea93a6c357fda','http://app.ximingtech.com:8083/profile/uploaderrorlog/2026/04/03/crash_MOTO_ERROR_2026-04-02_20260403101930A164.log'),(58,'2026-04-10 09:19:39','2026-04-10 09:27:24','33b3e79844dea4e1','http://app.ximingtech.com:8083/profile/uploaderrorlog/2026/04/03/session_30376c52983c4760a5d1ce3463e83f5f_260403_20260403102645A165.zip'),(59,'2026-04-10 09:19:40','2026-04-10 09:27:24','33b3e79844dea4e1','http://app.ximingtech.com:8083/profile/uploaderrorlog/2026/04/03/session_967dd669e3d44c6ca03d9a9459a4643a_260403_20260403110007A166.zip'),(60,'2026-04-10 09:19:41','2026-04-10 09:27:24','33b3e79844dea4e1','http://app.ximingtech.com:8083/profile/uploaderrorlog/2026/04/03/session_f6fb08ca6ca04e68add162e798ae01ef_260403_20260403110327A167.zip'),(61,'2026-04-10 09:19:42','2026-04-10 09:27:24','33b3e79844dea4e1','http://app.ximingtech.com:8083/profile/uploaderrorlog/2026/04/03/session_38a9d68d4ba044bea92925139954e1fb_260403_20260403112652A168.zip'),(62,'2026-04-10 09:19:43','2026-04-10 09:27:24','33b3e79844dea4e1','http://app.ximingtech.com:8083/profile/uploaderrorlog/2026/04/03/session_4d7e36c67b7d456d8e6425589501cb7f_260403_20260403113218A169.zip'),(63,'2026-04-10 09:19:44','2026-04-10 09:27:24','33b3e79844dea4e1','http://app.ximingtech.com:8083/profile/uploaderrorlog/2026/04/03/session_52e6a5941cef45cbabc525d2dfef1813_260403_20260403113248A170.zip'),(64,'2026-04-10 09:19:45','2026-04-10 09:27:24','33b3e79844dea4e1','http://app.ximingtech.com:8083/profile/uploaderrorlog/2026/04/03/session_3a3bacb552734ae2947d13e899b0b745_260403_20260403113411A171.zip'),(65,'2026-04-10 09:19:46','2026-04-10 09:27:24','33b3e79844dea4e1','http://app.ximingtech.com:8083/profile/uploaderrorlog/2026/04/03/session_5ba22792bf61437ba1986b6f461c22e7_260403_20260403113434A172.zip'),(66,'2026-04-10 09:19:47','2026-04-10 09:27:24','33b3e79844dea4e1','http://app.ximingtech.com:8083/profile/uploaderrorlog/2026/04/03/session_a5dfbdfc905044f7bcb543142081b1a9_260403_20260403132155A173.zip'),(67,'2026-04-10 09:20:01','2026-04-10 09:27:24','e54114a5738cfad8','http://app.ximingtech.com:8083/profile/uploaderrorlog/2026/04/03/crash_SERIAL_BUILD_2025-11-24_20260403134054A174.log'),(68,'2026-04-10 09:20:02','2026-04-10 09:27:24','e54114a5738cfad8','http://app.ximingtech.com:8083/profile/uploaderrorlog/2026/04/03/crash_SERIAL_BUILD_2026-03-04_20260403134054A175.log'),(69,'2026-04-10 09:20:03','2026-04-10 09:27:24','e54114a5738cfad8','http://app.ximingtech.com:8083/profile/uploaderrorlog/2026/04/03/crash_MOTO_ERROR_2026-03-04_20260403134054A176.log'),(70,'2026-04-10 09:20:04','2026-04-10 09:27:24','e54114a5738cfad8','http://app.ximingtech.com:8083/profile/uploaderrorlog/2026/04/03/crash_NETWORK_ERROR_2025-11-24_11-19-08_20260403134055A177.log'),(71,'2026-04-10 09:20:05','2026-04-10 09:27:24','e54114a5738cfad8','http://app.ximingtech.com:8083/profile/uploaderrorlog/2026/04/03/crash_NETWORK_ERROR_2025-11-24_11-19-09_20260403134055A178.log'),(72,'2026-04-10 09:20:06','2026-04-10 09:27:24','e54114a5738cfad8','http://app.ximingtech.com:8083/profile/uploaderrorlog/2026/04/03/crash_SERIAL_BUILD_2026-03-18_20260403134055A179.log'),(73,'2026-04-10 09:20:07','2026-04-10 09:27:24','e54114a5738cfad8','http://app.ximingtech.com:8083/profile/uploaderrorlog/2026/04/03/crash_MOTO_ERROR_2026-03-18_20260403134055A180.log'),(74,'2026-04-10 09:20:08','2026-04-10 09:27:24','e54114a5738cfad8','http://app.ximingtech.com:8083/profile/uploaderrorlog/2026/04/03/crash_SERIAL_BUILD_2026-03-27_20260403134055A181.log'),(75,'2026-04-10 09:20:09','2026-04-10 09:27:24','e54114a5738cfad8','http://app.ximingtech.com:8083/profile/uploaderrorlog/2026/04/03/crash_MOTO_ERROR_2026-03-27_20260403134055A182.log'),(76,'2026-04-10 09:20:10','2026-04-10 09:27:24','e54114a5738cfad8','http://app.ximingtech.com:8083/profile/uploaderrorlog/2026/04/03/crash_SERIAL_BUILD_2026-03-28_20260403134056A183.log'),(77,'2026-04-10 09:20:11','2026-04-10 09:27:24','e54114a5738cfad8','http://app.ximingtech.com:8083/profile/uploaderrorlog/2026/04/03/crash_MOTO_ERROR_2026-03-28_20260403134056A184.log'),(78,'2026-04-10 09:20:12','2026-04-10 09:27:24','e54114a5738cfad8','http://app.ximingtech.com:8083/profile/uploaderrorlog/2026/04/03/crash_SERIAL_BUILD_2026-03-30_20260403134056A185.log'),(79,'2026-04-10 09:20:13','2026-04-10 09:27:24','e54114a5738cfad8','http://app.ximingtech.com:8083/profile/uploaderrorlog/2026/04/03/crash_MOTO_ERROR_2026-03-30_20260403134056A186.log'),(80,'2026-04-10 09:20:14','2026-04-10 09:27:24','e54114a5738cfad8','http://app.ximingtech.com:8083/profile/uploaderrorlog/2026/04/03/crash_SERIAL_BUILD_2026-03-31_20260403134056A187.log'),(81,'2026-04-10 09:20:15','2026-04-10 09:27:24','e54114a5738cfad8','http://app.ximingtech.com:8083/profile/uploaderrorlog/2026/04/03/crash_MOTO_ERROR_2026-03-31_20260403134056A188.log'),(82,'2026-04-10 09:20:16','2026-04-10 09:27:24','e54114a5738cfad8','http://app.ximingtech.com:8083/profile/uploaderrorlog/2026/04/03/crash_SERIAL_BUILD_2026-04-01_20260403134057A189.log'),(83,'2026-04-10 09:20:17','2026-04-10 09:27:24','e54114a5738cfad8','http://app.ximingtech.com:8083/profile/uploaderrorlog/2026/04/03/crash_MOTO_ERROR_2026-04-01_20260403134057A190.log'),(84,'2026-04-10 09:20:18','2026-04-10 09:27:24','e54114a5738cfad8','http://app.ximingtech.com:8083/profile/uploaderrorlog/2026/04/03/crash_SERIAL_BUILD_2026-04-02_20260403134057A191.log'),(85,'2026-04-10 09:20:19','2026-04-10 09:27:24','e54114a5738cfad8','http://app.ximingtech.com:8083/profile/uploaderrorlog/2026/04/03/crash_MOTO_ERROR_2026-04-02_20260403134057A192.log'),(86,'2026-04-10 09:20:20','2026-04-10 09:27:24','e54114a5738cfad8','http://app.ximingtech.com:8083/profile/uploaderrorlog/2026/04/03/crash_SERIAL_BUILD_2026-04-03_20260403134057A193.log'),(87,'2026-04-10 09:20:21','2026-04-10 09:27:24','e54114a5738cfad8','http://app.ximingtech.com:8083/profile/uploaderrorlog/2026/04/03/crash_MOTO_ERROR_2026-04-03_20260403134057A194.log'),(88,'2026-04-10 09:20:22','2026-04-10 09:27:24','e54114a5738cfad8','http://app.ximingtech.com:8083/profile/uploaderrorlog/2026/04/03/crash_SERIAL_BUILD_2026-04-03_20260403134617A195.log'),(89,'2026-04-10 09:20:23','2026-04-10 09:27:24','e54114a5738cfad8','http://app.ximingtech.com:8083/profile/uploaderrorlog/2026/04/03/crash_NETWORK_ERROR_2025-11-24_11-19-08_20260403134617A196.log'),(90,'2026-04-10 09:20:24','2026-04-10 09:27:24','e54114a5738cfad8','http://app.ximingtech.com:8083/profile/uploaderrorlog/2026/04/03/crash_SERIAL_BUILD_2025-11-24_20260403134617A197.log'),(91,'2026-04-10 09:20:25','2026-04-10 09:27:24','e54114a5738cfad8','http://app.ximingtech.com:8083/profile/uploaderrorlog/2026/04/03/crash_SERIAL_BUILD_2026-04-03_20260403135943A198.log'),(92,'2026-04-10 09:20:26','2026-04-10 09:27:24','e54114a5738cfad8','http://app.ximingtech.com:8083/profile/uploaderrorlog/2026/04/03/crash_NETWORK_ERROR_2025-11-24_11-19-08_20260403135943A199.log'),(93,'2026-04-10 09:20:27','2026-04-10 09:27:24','e54114a5738cfad8','http://app.ximingtech.com:8083/profile/uploaderrorlog/2026/04/03/crash_SERIAL_BUILD_2025-11-24_20260403135943A200.log'),(94,'2026-04-10 09:20:28','2026-04-10 09:27:24','e54114a5738cfad8','http://app.ximingtech.com:8083/profile/uploaderrorlog/2026/04/03/crash_SERIAL_BUILD_2025-11-24_20260403140652A201.log'),(95,'2026-04-10 09:19:48','2026-04-10 09:27:24','33b3e79844dea4e1','http://app.ximingtech.com:8083/profile/uploaderrorlog/2026/04/03/session_877c3de2ad31406baa00e332d7c27d8d_260403_20260403172423A202.zip'),(96,'2026-04-10 09:19:49','2026-04-10 09:27:24','33b3e79844dea4e1','http://app.ximingtech.com:8083/profile/uploaderrorlog/2026/04/03/session_11c743580abc495abbd557f550811af3_260403_20260403172553A203.zip'),(97,'2026-04-10 09:19:50','2026-04-10 09:27:24','33b3e79844dea4e1','http://app.ximingtech.com:8083/profile/uploaderrorlog/2026/04/03/session_e85fe8a297194300b4519802335513d3_260403_20260403172622A204.zip'),(98,'2026-04-10 09:20:29','2026-04-10 09:27:24','e54114a5738cfad8','http://app.ximingtech.com:8083/profile/uploaderrorlog/2026/04/07/crash_SERIAL_BUILD_2025-11-24_20260407091358A205.log'),(99,'2026-04-10 09:20:30','2026-04-10 09:27:24','e54114a5738cfad8','http://app.ximingtech.com:8083/profile/uploaderrorlog/2026/04/07/crash_MOTO_ERROR_2025-11-24_20260407091359A206.log'),(100,'2026-04-10 09:20:31','2026-04-10 09:27:24','e54114a5738cfad8','http://app.ximingtech.com:8083/profile/uploaderrorlog/2026/04/07/crash_NETWORK_ERROR_2025-11-24_11-19-08_20260407091359A207.log'),(101,'2026-04-10 09:20:32','2026-04-10 09:27:24','e54114a5738cfad8','http://app.ximingtech.com:8083/profile/uploaderrorlog/2026/04/07/crash_SERIAL_BUILD_2026-04-03_20260407091359A208.log'),(102,'2026-04-10 09:20:33','2026-04-10 09:27:24','e54114a5738cfad8','http://app.ximingtech.com:8083/profile/uploaderrorlog/2026/04/07/crash_MOTO_ERROR_2026-04-03_20260407091359A209.log'),(103,'2026-04-10 09:19:51','2026-04-10 09:27:24','33b3e79844dea4e1','http://app.ximingtech.com:8083/profile/uploaderrorlog/2026/04/07/crash_SERIAL_BUILD_2026-04-03_20260407091424A210.log'),(104,'2026-04-10 09:19:52','2026-04-10 09:27:24','33b3e79844dea4e1','http://app.ximingtech.com:8083/profile/uploaderrorlog/2026/04/07/crash_MOTO_ERROR_2026-04-03_20260407091425A211.log'),(105,'2026-04-10 09:19:53','2026-04-10 09:27:24','33b3e79844dea4e1','http://app.ximingtech.com:8083/profile/uploaderrorlog/2026/04/07/crash_NETWORK_ERROR_2025-09-12_13-02-10_20260407091425A212.log'),(106,'2026-04-10 09:19:54','2026-04-10 09:27:24','33b3e79844dea4e1','http://app.ximingtech.com:8083/profile/uploaderrorlog/2026/04/07/crash_SERIAL_BUILD_2025-09-12_20260407091425A213.log'),(107,'2026-04-10 09:19:55','2026-04-10 09:27:24','33b3e79844dea4e1','http://app.ximingtech.com:8083/profile/uploaderrorlog/2026/04/07/crash_MOTO_ERROR_2026-04-07_20260407091757A214.log'),(108,'2026-04-10 09:19:56','2026-04-10 09:27:24','33b3e79844dea4e1','http://app.ximingtech.com:8083/profile/uploaderrorlog/2026/04/07/crash_NETWORK_ERROR_2026-04-07_09-16-59_20260407091757A215.log'),(109,'2026-04-10 09:19:57','2026-04-10 09:27:24','33b3e79844dea4e1','http://app.ximingtech.com:8083/profile/uploaderrorlog/2026/04/07/crash_SERIAL_BUILD_2026-04-07_20260407091757A216.log'),(110,'2026-04-10 09:19:58','2026-04-10 09:27:24','33b3e79844dea4e1','http://app.ximingtech.com:8083/profile/uploaderrorlog/2026/04/07/session_83cc9cf839644f19bee5a66328c2493e_250912_20260407091808A217.zip'),(111,'2026-04-10 09:19:59','2026-04-10 09:27:24','33b3e79844dea4e1','http://app.ximingtech.com:8083/profile/uploaderrorlog/2026/04/07/crash_SERIAL_BUILD_2026-04-07_20260407092039A218.log'),(112,'2026-04-10 09:20:00','2026-04-10 09:27:24','33b3e79844dea4e1','http://app.ximingtech.com:8083/profile/uploaderrorlog/2026/04/07/session_6673ed20e0c84b10b30cbfeee2f74fee_260407_20260407092418A219.zip'),(113,'2026-04-10 09:18:20','2026-04-10 09:18:43','09eea93a6c357fda','http://app.ximingtech.com:8083/profile/uploaderrorlog/2026/04/07/crash_SERIAL_BUILD_2026-04-03_20260407092514A220.log'),(114,'2026-04-10 09:18:21','2026-04-10 09:27:24','09eea93a6c357fda','http://app.ximingtech.com:8083/profile/uploaderrorlog/2026/04/07/crash_MOTO_ERROR_2026-04-03_20260407092514A221.log'),(115,'2026-04-10 09:18:22','2026-04-10 09:27:24','09eea93a6c357fda','http://app.ximingtech.com:8083/profile/uploaderrorlog/2026/04/07/crash_NETWORK_ERROR_2025-12-30_13-53-07_20260407092514A222.log'),(116,'2026-04-10 09:18:23','2026-04-10 09:27:24','09eea93a6c357fda','http://app.ximingtech.com:8083/profile/uploaderrorlog/2026/04/07/crash_SERIAL_BUILD_2025-12-30_20260407092515A223.log'),(117,'2026-04-10 09:20:01','2026-04-10 09:27:24','33b3e79844dea4e1','http://app.ximingtech.com:8083/profile/uploaderrorlog/2026/04/07/session_3cb2535219fb4662bc839cec58cb964d_260407_20260407110455A224.zip'),(118,'2026-04-10 09:20:02','2026-04-10 09:27:24','33b3e79844dea4e1','http://app.ximingtech.com:8083/profile/uploaderrorlog/2026/04/07/session_a6ad7d841f6b45b09486e5e8be90d925_260407_20260407110525A225.zip'),(119,'2026-04-10 09:18:24','2026-04-10 09:27:24','09eea93a6c357fda','http://app.ximingtech.com:8083/profile/uploaderrorlog/2026/04/07/crash_SERIAL_BUILD_2026-04-07_20260407113656A226.log'),(120,'2026-04-10 09:20:03','2026-04-10 09:27:24','33b3e79844dea4e1','http://app.ximingtech.com:8083/profile/uploaderrorlog/2026/04/07/session_6658d718a50d4d29869a976d962b67d6_260407_20260407113801A227.zip'),(121,'2026-04-10 09:18:25','2026-04-10 09:27:24','09eea93a6c357fda','http://app.ximingtech.com:8083/profile/uploaderrorlog/2026/04/07/crash_SERIAL_BUILD_2026-04-07_20260407114041A228.log'),(122,'2026-04-10 09:20:04','2026-04-10 09:27:24','33b3e79844dea4e1','http://app.ximingtech.com:8083/profile/uploaderrorlog/2026/04/07/session_397b09a75bcb464b8b1f61d3f282e793_260407_20260407122620A229.zip'),(123,'2026-04-10 09:20:05','2026-04-10 09:27:24','33b3e79844dea4e1','http://app.ximingtech.com:8083/profile/uploaderrorlog/2026/04/07/session_c4b28598aa28496e84b7eaea3489360e_260407_20260407122939A230.zip'),(124,'2026-04-10 09:20:06','2026-04-10 09:27:24','33b3e79844dea4e1','http://app.ximingtech.com:8083/profile/uploaderrorlog/2026/04/07/session_723ada3d41524cb1b4b90ef9b2ff6944_260407_20260407125258A231.zip'),(125,'2026-04-10 09:20:07','2026-04-10 09:27:24','33b3e79844dea4e1','http://app.ximingtech.com:8083/profile/uploaderrorlog/2026/04/07/session_056a780d52d746518e5c3224f04f3518_260407_20260407130017A232.zip'),(126,'2026-04-10 09:20:08','2026-04-10 09:27:24','33b3e79844dea4e1','http://app.ximingtech.com:8083/profile/uploaderrorlog/2026/04/07/session_a808c9f2c8054d0b87d0f918aa2b481a_260407_20260407150440A233.zip'),(127,'2026-04-10 09:20:09','2026-04-10 09:27:24','33b3e79844dea4e1','http://app.ximingtech.com:8083/profile/uploaderrorlog/2026/04/07/session_ce7fa85a0e4743db83601abd00a95cc2_260407_20260407150502A234.zip'),(128,'2026-04-10 09:20:10','2026-04-10 09:27:24','33b3e79844dea4e1','http://app.ximingtech.com:8083/profile/uploaderrorlog/2026/04/07/session_b706277164954de6b49728a7900b9070_260407_20260407150621A235.zip'),(129,'2026-04-10 09:20:11','2026-04-10 09:27:24','33b3e79844dea4e1','http://app.ximingtech.com:8083/profile/uploaderrorlog/2026/04/07/session_cd15a45c1e7e43568161f3ff5bfc5d2b_260407_20260407153238A236.zip'),(130,'2026-04-10 09:20:12','2026-04-10 09:27:24','33b3e79844dea4e1','http://app.ximingtech.com:8083/profile/uploaderrorlog/2026/04/07/session_3d6d11b89cbf41fc9311fcfad81adc69_260407_20260407153651A237.zip'),(131,'2026-04-10 09:20:13','2026-04-10 09:27:24','33b3e79844dea4e1','http://app.ximingtech.com:8083/profile/uploaderrorlog/2026/04/07/session_c07da6337b5547b19e41785c66915c7e_260407_20260407170117A001.zip'),(132,'2026-04-10 09:20:14','2026-04-10 09:27:24','33b3e79844dea4e1','http://app.ximingtech.com:8083/profile/uploaderrorlog/2026/04/07/session_e2b76f48cd1847c1b3c470e6599519bb_260407_20260407170147A002.zip'),(133,'2026-04-10 09:18:26','2026-04-10 09:27:24','09eea93a6c357fda','http://app.ximingtech.com:8083/profile/uploaderrorlog/2026/04/07/crash_SERIAL_BUILD_2026-04-07_20260407170409A003.log'),(134,'2026-04-10 09:18:27','2026-04-10 09:27:24','09eea93a6c357fda','http://app.ximingtech.com:8083/profile/uploaderrorlog/2026/04/07/crash_NETWORK_ERROR_2025-12-30_13-53-08_20260407170409A004.log'),(135,'2026-04-10 09:18:28','2026-04-10 09:27:24','09eea93a6c357fda','http://app.ximingtech.com:8083/profile/uploaderrorlog/2026/04/07/crash_SERIAL_BUILD_2025-12-30_20260407170409A005.log'),(136,'2026-04-10 09:20:15','2026-04-10 09:27:24','33b3e79844dea4e1','http://app.ximingtech.com:8083/profile/uploaderrorlog/2026/04/07/session_f53fe23a4a904b3f878b63c81f40c498_260407_20260407170619A006.zip'),(137,'2026-04-10 09:20:34','2026-04-10 09:27:24','e54114a5738cfad8','http://app.ximingtech.com:8083/profile/uploaderrorlog/2026/04/07/crash_MOTO_ERROR_2026-04-07_20260407170852A007.log'),(138,'2026-04-10 09:20:35','2026-04-10 09:27:24','e54114a5738cfad8','http://app.ximingtech.com:8083/profile/uploaderrorlog/2026/04/07/crash_SERIAL_BUILD_2026-04-07_20260407170935A008.log'),(139,'2026-04-10 09:20:16','2026-04-10 09:27:24','33b3e79844dea4e1','http://app.ximingtech.com:8083/profile/uploaderrorlog/2026/04/07/session_d18688e3e27045659b4428096394fd8b_260407_20260407171057A009.zip'),(140,'2026-04-10 09:20:17','2026-04-10 09:27:24','33b3e79844dea4e1','http://app.ximingtech.com:8083/profile/uploaderrorlog/2026/04/07/session_06925de9480f4ea68664fd9c28657e67_260407_20260407171733A010.zip'),(141,'2026-04-10 09:20:18','2026-04-10 09:27:24','33b3e79844dea4e1','http://app.ximingtech.com:8083/profile/uploaderrorlog/2026/04/07/session_545a18dd3c95461494dedf3e8336c5a8_260407_20260407172155A011.zip'),(142,'2026-04-10 09:20:19','2026-04-10 09:27:24','33b3e79844dea4e1','http://app.ximingtech.com:8083/profile/uploaderrorlog/2026/04/07/session_5a94049f3ef04dd08526a2562cfb808c_260407_20260407172627A012.zip'),(143,'2026-04-10 09:20:20','2026-04-10 09:27:24','33b3e79844dea4e1','http://app.ximingtech.com:8083/profile/uploaderrorlog/2026/04/07/session_23ba7d13b7c04f54bfbb1ffa33a3eeb9_260407_20260407172656A013.zip'),(144,'2026-04-10 09:20:21','2026-04-10 09:27:24','33b3e79844dea4e1','http://app.ximingtech.com:8083/profile/uploaderrorlog/2026/04/07/session_2d6b6578475a4249b84194fe33eecec4_260407_20260407172726A014.zip'),(145,'2026-04-10 09:20:22','2026-04-10 09:27:24','33b3e79844dea4e1','http://app.ximingtech.com:8083/profile/uploaderrorlog/2026/04/07/session_f1e9242bf3b942bb8b3ffb870c463fd3_260407_20260407174301A015.zip'),(146,'2026-04-10 09:20:23','2026-04-10 09:27:24','33b3e79844dea4e1','http://app.ximingtech.com:8083/profile/uploaderrorlog/2026/04/07/session_e280af30da0c4afda1553c7460a02a7d_260407_20260407174330A016.zip'),(147,'2026-04-10 09:20:24','2026-04-10 09:27:24','33b3e79844dea4e1','http://app.ximingtech.com:8083/profile/uploaderrorlog/2026/04/07/session_a2207fced92840ca9139ea759e417e3d_260407_20260407174359A017.zip'),(148,'2026-04-10 09:20:25','2026-04-10 09:27:24','33b3e79844dea4e1','http://app.ximingtech.com:8083/profile/uploaderrorlog/2026/04/07/session_6e6a5ed400ae4b7dbc133e61d118e2d2_260407_20260407174428A018.zip'),(149,'2026-04-10 09:20:26','2026-04-10 09:27:24','33b3e79844dea4e1','http://app.ximingtech.com:8083/profile/uploaderrorlog/2026/04/07/session_30cb690bc32646dd8ea5319d23810542_260407_20260407174502A019.zip'),(150,'2026-04-10 09:20:27','2026-04-10 09:27:24','33b3e79844dea4e1','http://app.ximingtech.com:8083/profile/uploaderrorlog/2026/04/07/session_8f040ab8e2bf41098c0189a58a53cc34_260407_20260407174536A020.zip'),(151,'2026-04-10 09:20:28','2026-04-10 09:27:24','33b3e79844dea4e1','http://app.ximingtech.com:8083/profile/uploaderrorlog/2026/04/07/session_cacfd3b96ada4f5f86bfdd8456b29e1c_260407_20260407174705A021.zip'),(152,'2026-04-10 09:20:29','2026-04-10 09:27:24','33b3e79844dea4e1','http://app.ximingtech.com:8083/profile/uploaderrorlog/2026/04/07/session_a0c84c6885ce4df9b1408036e5c00ae3_260407_20260407175040A022.zip'),(153,'2026-04-10 09:20:30','2026-04-10 09:27:24','33b3e79844dea4e1','http://app.ximingtech.com:8083/profile/uploaderrorlog/2026/04/07/session_7443cecb36684f5abfe1577841bca568_260407_20260407175217A023.zip'),(154,'2026-04-10 09:20:31','2026-04-10 09:27:24','33b3e79844dea4e1','http://app.ximingtech.com:8083/profile/uploaderrorlog/2026/04/07/session_89315acdef0241e8abab1fa9c760a6a8_260407_20260407175249A024.zip'),(155,'2026-04-10 09:20:32','2026-04-10 09:27:24','33b3e79844dea4e1','http://app.ximingtech.com:8083/profile/uploaderrorlog/2026/04/07/session_f26d5d8af7844b829b25efdf578acba1_260407_20260407175326A025.zip'),(156,'2026-04-10 09:20:33','2026-04-10 09:27:24','33b3e79844dea4e1','http://app.ximingtech.com:8083/profile/uploaderrorlog/2026/04/07/session_47ff19783fd84b858cb64ecd36827d38_260407_20260407175456A026.zip'),(157,'2026-04-10 09:20:34','2026-04-10 09:27:24','33b3e79844dea4e1','http://app.ximingtech.com:8083/profile/uploaderrorlog/2026/04/07/session_d43dfb1076ac4aa3baf4d100876b4786_260407_20260407175522A027.zip'),(158,'2026-04-10 09:20:35','2026-04-10 09:27:24','33b3e79844dea4e1','http://app.ximingtech.com:8083/profile/uploaderrorlog/2026/04/07/session_254c20c36a15420abd9cdd2c29d2d279_260407_20260407175544A028.zip'),(159,'2026-04-10 09:20:36','2026-04-10 09:27:24','e54114a5738cfad8','http://app.ximingtech.com:8083/profile/uploaderrorlog/2026/04/08/crash_SERIAL_BUILD_2026-04-07_20260408075651A029.log'),(160,'2026-04-10 09:20:37','2026-04-10 09:27:24','e54114a5738cfad8','http://app.ximingtech.com:8083/profile/uploaderrorlog/2026/04/08/crash_MOTO_ERROR_2026-04-07_20260408075652A030.log'),(161,'2026-04-10 09:20:38','2026-04-10 09:27:24','e54114a5738cfad8','http://app.ximingtech.com:8083/profile/uploaderrorlog/2026/04/08/crash_NETWORK_ERROR_2025-11-24_11-19-08_20260408075652A031.log'),(162,'2026-04-10 09:20:39','2026-04-10 09:27:24','e54114a5738cfad8','http://app.ximingtech.com:8083/profile/uploaderrorlog/2026/04/08/crash_SERIAL_BUILD_2025-11-24_20260408075653A032.log'),(163,'2026-04-10 09:20:36','2026-04-10 09:27:24','33b3e79844dea4e1','http://app.ximingtech.com:8083/profile/uploaderrorlog/2026/04/08/crash_SERIAL_BUILD_2026-04-07_20260408075654A033.log'),(164,'2026-04-10 09:20:37','2026-04-10 09:27:24','33b3e79844dea4e1','http://app.ximingtech.com:8083/profile/uploaderrorlog/2026/04/08/crash_MOTO_ERROR_2026-04-07_20260408075655A034.log'),(165,'2026-04-10 09:20:38','2026-04-10 09:27:24','33b3e79844dea4e1','http://app.ximingtech.com:8083/profile/uploaderrorlog/2026/04/08/crash_NETWORK_ERROR_2025-09-12_13-02-10_20260408075656A035.log'),(166,'2026-04-10 09:20:39','2026-04-10 09:27:24','33b3e79844dea4e1','http://app.ximingtech.com:8083/profile/uploaderrorlog/2026/04/08/crash_SERIAL_BUILD_2025-09-12_20260408075656A036.log'),(167,'2026-04-10 09:20:40','2026-04-10 09:27:24','33b3e79844dea4e1','http://app.ximingtech.com:8083/profile/uploaderrorlog/2026/04/08/session_748fe3c855264fd894820002e7ca3c25_250912_20260408080226A037.zip'),(168,'2026-04-10 09:20:41','2026-04-10 09:27:24','33b3e79844dea4e1','http://app.ximingtech.com:8083/profile/uploaderrorlog/2026/04/08/crash_SERIAL_BUILD_2026-04-08_20260408081750A038.log'),(169,'2026-04-10 09:20:42','2026-04-10 09:27:24','33b3e79844dea4e1','http://app.ximingtech.com:8083/profile/uploaderrorlog/2026/04/08/crash_MOTO_ERROR_2026-04-08_20260408081750A039.log'),(170,'2026-04-10 09:20:43','2026-04-10 09:27:24','33b3e79844dea4e1','http://app.ximingtech.com:8083/profile/uploaderrorlog/2026/04/08/crash_NETWORK_ERROR_2025-09-12_13-02-10_20260408081751A040.log'),(171,'2026-04-10 09:20:44','2026-04-10 09:27:24','33b3e79844dea4e1','http://app.ximingtech.com:8083/profile/uploaderrorlog/2026/04/08/crash_SERIAL_BUILD_2025-09-12_20260408081752A041.log'),(172,'2026-04-10 09:20:45','2026-04-10 09:27:24','33b3e79844dea4e1','http://app.ximingtech.com:8083/profile/uploaderrorlog/2026/04/08/crash_SERIAL_BUILD_2026-04-08_20260408093408A042.log'),(173,'2026-04-10 09:20:46','2026-04-10 09:27:24','33b3e79844dea4e1','http://app.ximingtech.com:8083/profile/uploaderrorlog/2026/04/08/crash_MOTO_ERROR_2026-04-08_20260408093409A043.log'),(174,'2026-04-10 09:20:47','2026-04-10 09:27:24','33b3e79844dea4e1','http://app.ximingtech.com:8083/profile/uploaderrorlog/2026/04/08/crash_NETWORK_ERROR_2025-09-12_13-02-10_20260408093409A044.log'),(175,'2026-04-10 09:20:48','2026-04-10 09:27:24','33b3e79844dea4e1','http://app.ximingtech.com:8083/profile/uploaderrorlog/2026/04/08/crash_SERIAL_BUILD_2025-09-12_20260408093409A045.log'),(176,'2026-04-10 09:20:49','2026-04-10 09:27:24','33b3e79844dea4e1','http://app.ximingtech.com:8083/profile/uploaderrorlog/2026/04/08/session_55e4f8c4193c4a84b8c299a907ba6ce0_250912_20260408093528A046.zip'),(177,'2026-04-10 09:20:50','2026-04-10 09:27:24','33b3e79844dea4e1','http://app.ximingtech.com:8083/profile/uploaderrorlog/2026/04/08/session_7b8f92a57da046a48bedbd97c005b634_250912_20260408093550A047.zip'),(178,'2026-04-10 09:20:51','2026-04-10 09:27:24','33b3e79844dea4e1','http://app.ximingtech.com:8083/profile/uploaderrorlog/2026/04/08/session_dca3c8f5cfac428fa6deabba13ec6292_260408_20260408103114A048.zip'),(179,'2026-04-10 09:20:52','2026-04-10 09:27:24','33b3e79844dea4e1','http://app.ximingtech.com:8083/profile/uploaderrorlog/2026/04/08/session_fd6179d164e24c12be6274f9225a47e1_260408_20260408103236A049.zip'),(180,'2026-04-10 09:20:53','2026-04-10 09:27:24','33b3e79844dea4e1','http://app.ximingtech.com:8083/profile/uploaderrorlog/2026/04/08/session_b24b14a093394a868f2dccb458efd83e_260408_20260408103254A050.zip'),(181,'2026-04-10 09:18:29','2026-04-10 09:27:24','09eea93a6c357fda','http://app.ximingtech.com:8083/profile/uploaderrorlog/2026/04/08/crash_SERIAL_BUILD_2026-04-07_20260408104738A051.log'),(182,'2026-04-10 09:18:30','2026-04-10 09:27:24','09eea93a6c357fda','http://app.ximingtech.com:8083/profile/uploaderrorlog/2026/04/08/crash_NETWORK_ERROR_2025-12-30_13-53-08_20260408104740A052.log'),(183,'2026-04-10 09:18:31','2026-04-10 09:27:24','09eea93a6c357fda','http://app.ximingtech.com:8083/profile/uploaderrorlog/2026/04/08/crash_SERIAL_BUILD_2025-12-30_20260408104741A053.log'),(184,'2026-04-10 09:18:32','2026-04-10 09:27:24','09eea93a6c357fda','http://app.ximingtech.com:8083/profile/uploaderrorlog/2026/04/08/crash_NETWORK_ERROR_2025-12-30_13-53-07_20260408104741A054.log'),(185,'2026-04-10 09:18:33','2026-04-10 09:27:24','09eea93a6c357fda','http://app.ximingtech.com:8083/profile/uploaderrorlog/2026/04/08/crash_SERIAL_BUILD_2026-04-08_20260408105810A055.log'),(186,'2026-04-10 09:18:34','2026-04-10 09:27:24','09eea93a6c357fda','http://app.ximingtech.com:8083/profile/uploaderrorlog/2026/04/08/crash_NETWORK_ERROR_2025-12-30_13-53-07_20260408105811A056.log'),(187,'2026-04-10 09:20:54','2026-04-10 09:27:24','33b3e79844dea4e1','http://app.ximingtech.com:8083/profile/uploaderrorlog/2026/04/08/session_6535f2ea62794a4cbc2e1eaaa52944b6_260408_20260408112318A057.zip'),(188,'2026-04-10 09:20:55','2026-04-10 09:27:24','33b3e79844dea4e1','http://app.ximingtech.com:8083/profile/uploaderrorlog/2026/04/08/session_f74f714682cc41f2bb6473f53a754d28_260408_20260408112454A058.zip'),(189,'2026-04-10 09:20:56','2026-04-10 09:27:24','33b3e79844dea4e1','http://app.ximingtech.com:8083/profile/uploaderrorlog/2026/04/08/session_f0fdde42991b4b459976a193a85eec99_260408_20260408112522A059.zip'),(190,'2026-04-10 09:20:57','2026-04-10 09:27:24','33b3e79844dea4e1','http://app.ximingtech.com:8083/profile/uploaderrorlog/2026/04/08/session_ab7babbb372a40b1b9c7b689f1e98b73_260408_20260408112852A060.zip'),(191,'2026-04-10 09:20:58','2026-04-10 09:27:24','33b3e79844dea4e1','http://app.ximingtech.com:8083/profile/uploaderrorlog/2026/04/08/session_274dde6fc00a440581cbba0632cd422a_260408_20260408112912A061.zip'),(192,'2026-04-10 09:20:59','2026-04-10 09:27:24','33b3e79844dea4e1','http://app.ximingtech.com:8083/profile/uploaderrorlog/2026/04/08/crash_SERIAL_BUILD_2026-04-08_20260408114130A062.log'),(193,'2026-04-10 09:21:00','2026-04-10 09:27:24','33b3e79844dea4e1','http://app.ximingtech.com:8083/profile/uploaderrorlog/2026/04/08/crash_MOTO_ERROR_2026-04-08_20260408114131A063.log'),(194,'2026-04-10 09:21:01','2026-04-10 09:27:24','33b3e79844dea4e1','http://app.ximingtech.com:8083/profile/uploaderrorlog/2026/04/08/crash_NETWORK_ERROR_2025-09-12_13-02-10_20260408114131A064.log'),(195,'2026-04-10 09:21:02','2026-04-10 09:27:24','33b3e79844dea4e1','http://app.ximingtech.com:8083/profile/uploaderrorlog/2026/04/08/crash_SERIAL_BUILD_2025-09-12_20260408114131A065.log'),(196,'2026-04-10 09:21:03','2026-04-10 09:27:24','33b3e79844dea4e1','http://app.ximingtech.com:8083/profile/uploaderrorlog/2026/04/08/crash_SERIAL_BUILD_2025-09-12_20260408114923A066.log'),(197,'2026-04-10 09:21:04','2026-04-10 09:27:24','33b3e79844dea4e1','http://app.ximingtech.com:8083/profile/uploaderrorlog/2026/04/08/crash_SERIAL_BUILD_2026-04-08_20260408114924A067.log'),(198,'2026-04-10 09:21:05','2026-04-10 09:27:24','33b3e79844dea4e1','http://app.ximingtech.com:8083/profile/uploaderrorlog/2026/04/08/crash_MOTO_ERROR_2026-04-08_20260408114924A068.log'),(199,'2026-04-10 09:21:06','2026-04-10 09:27:24','33b3e79844dea4e1','http://app.ximingtech.com:8083/profile/uploaderrorlog/2026/04/08/crash_NETWORK_ERROR_2025-09-12_13-02-10_20260408114924A069.log'),(200,'2026-04-10 09:21:07','2026-04-10 09:27:24','33b3e79844dea4e1','http://app.ximingtech.com:8083/profile/uploaderrorlog/2026/04/08/session_dc19242f5139427cbdc90f27b1830598_250912_20260408115442A070.zip'),(201,'2026-04-10 09:21:08','2026-04-10 09:27:24','33b3e79844dea4e1','http://app.ximingtech.com:8083/profile/uploaderrorlog/2026/04/08/session_8e3fa3bf9814417e909a64e7cca9a337_260408_20260408115500A071.zip'),(202,'2026-04-10 09:21:09','2026-04-10 09:27:24','33b3e79844dea4e1','http://app.ximingtech.com:8083/profile/uploaderrorlog/2026/04/08/session_3cba19e0146b4c5dae04a2f4c08b828f_260408_20260408115519A072.zip'),(203,'2026-04-10 09:21:10','2026-04-10 09:27:24','33b3e79844dea4e1','http://app.ximingtech.com:8083/profile/uploaderrorlog/2026/04/08/session_f831045883474d0d8ef02c8085b6c6cc_260408_20260408130741A073.zip'),(204,'2026-04-10 09:21:11','2026-04-10 09:27:24','33b3e79844dea4e1','http://app.ximingtech.com:8083/profile/uploaderrorlog/2026/04/08/session_40cac95510cc4e4a80cabe383361662d_260408_20260408130802A074.zip'),(205,'2026-04-10 09:21:12','2026-04-10 09:27:24','33b3e79844dea4e1','http://app.ximingtech.com:8083/profile/uploaderrorlog/2026/04/08/session_825b66064f734a56915c25914c461290_260408_20260408130836A075.zip'),(206,'2026-04-10 09:21:13','2026-04-10 09:27:24','33b3e79844dea4e1','http://app.ximingtech.com:8083/profile/uploaderrorlog/2026/04/08/session_54907bd6544141cb93ae950540900444_260408_20260408131544A076.zip'),(207,'2026-04-10 09:21:14','2026-04-10 09:27:24','33b3e79844dea4e1','http://app.ximingtech.com:8083/profile/uploaderrorlog/2026/04/08/session_5f50f27872604111bb688289798080d6_260408_20260408132225A077.zip'),(208,'2026-04-10 09:21:15','2026-04-10 09:27:24','33b3e79844dea4e1','http://app.ximingtech.com:8083/profile/uploaderrorlog/2026/04/08/session_1dbc2f3204bc4b7cb1216a1dbe56442d_260408_20260408132328A078.zip'),(209,'2026-04-10 09:21:16','2026-04-10 09:27:24','33b3e79844dea4e1','http://app.ximingtech.com:8083/profile/uploaderrorlog/2026/04/08/session_bce64e170188409ea4abd3f4b75422e1_260408_20260408133833A079.zip'),(210,'2026-04-10 09:21:17','2026-04-10 09:27:24','33b3e79844dea4e1','http://app.ximingtech.com:8083/profile/uploaderrorlog/2026/04/08/session_42679b89cf2d44f69d8063bc96ea338e_260408_20260408134146A080.zip'),(211,'2026-04-10 09:21:18','2026-04-10 09:27:24','33b3e79844dea4e1','http://app.ximingtech.com:8083/profile/uploaderrorlog/2026/04/08/session_f060bd6e74234d0bbdac9a51fe5f986d_260408_20260408141436A081.zip'),(212,'2026-04-10 09:21:19','2026-04-10 09:27:24','33b3e79844dea4e1','http://app.ximingtech.com:8083/profile/uploaderrorlog/2026/04/08/session_be22259767aa44efb35957b052d949ea_260408_20260408141719A082.zip'),(213,'2026-04-10 09:18:35','2026-04-10 09:27:24','09eea93a6c357fda','http://app.ximingtech.com:8083/profile/uploaderrorlog/2026/04/08/session_06d24dbcc8f3465fbf531fe8b7bc1ee9_260408_20260408143929A083.zip'),(214,'2026-04-10 09:18:36','2026-04-10 09:27:24','09eea93a6c357fda','http://app.ximingtech.com:8083/profile/uploaderrorlog/2026/04/08/crash_SERIAL_BUILD_2025-12-30_20260408150619A084.log'),(215,'2026-04-10 09:18:37','2026-04-10 09:27:24','09eea93a6c357fda','http://app.ximingtech.com:8083/profile/uploaderrorlog/2026/04/08/crash_SERIAL_BUILD_2026-04-08_20260408150619A085.log'),(216,'2026-04-10 09:18:38','2026-04-10 09:27:24','09eea93a6c357fda','http://app.ximingtech.com:8083/profile/uploaderrorlog/2026/04/08/crash_MOTO_ERROR_2026-04-08_20260408150619A086.log'),(217,'2026-04-10 09:18:39','2026-04-10 09:27:24','09eea93a6c357fda','http://app.ximingtech.com:8083/profile/uploaderrorlog/2026/04/08/crash_SERIAL_BUILD_2026-04-08_20260408150804A087.log'),(218,'2026-04-10 09:18:40','2026-04-10 09:27:24','09eea93a6c357fda','http://app.ximingtech.com:8083/profile/uploaderrorlog/2026/04/08/tombstone_00001775632062481882_1.0.0__com.xm.ark.anr_20260408150804A088.xcrash'),(219,'2026-04-10 09:21:20','2026-04-10 09:27:24','33b3e79844dea4e1','http://app.ximingtech.com:8083/profile/uploaderrorlog/2026/04/08/session_cc8ba097b3134dc9ab84310577564b9c_260408_20260408153350A089.zip'),(220,'2026-04-10 09:18:41','2026-04-10 09:27:24','09eea93a6c357fda','http://app.ximingtech.com:8083/profile/uploaderrorlog/2026/04/08/crash_SERIAL_BUILD_2026-04-08_20260408153543A090.log'),(221,'2026-04-10 09:18:42','2026-04-10 09:27:24','09eea93a6c357fda','http://app.ximingtech.com:8083/profile/uploaderrorlog/2026/04/08/crash_MOTO_ERROR_2026-04-08_20260408153543A091.log'),(222,'2026-04-10 09:18:43','2026-04-10 09:27:24','09eea93a6c357fda','http://app.ximingtech.com:8083/profile/uploaderrorlog/2026/04/08/crash_NETWORK_ERROR_2026-04-08_15-37-17_20260408153719A092.log'),(223,'2026-04-10 09:18:44','2026-04-10 09:27:24','09eea93a6c357fda','http://app.ximingtech.com:8083/profile/uploaderrorlog/2026/04/08/tombstone_00001775633801099398_1.0.0__com.xm.ark.anr_20260408153719A093.xcrash'),(224,'2026-04-10 09:18:45','2026-04-10 09:27:24','09eea93a6c357fda','http://app.ximingtech.com:8083/profile/uploaderrorlog/2026/04/08/tombstone_00001775633850389315_1.0.0__com.xm.ark.anr_20260408153814A094.xcrash'),(225,'2026-04-10 09:18:46','2026-04-10 09:27:24','09eea93a6c357fda','http://app.ximingtech.com:8083/profile/uploaderrorlog/2026/04/08/crash_SERIAL_BUILD_2026-04-08_20260408153953A095.log'),(226,'2026-04-10 09:18:47','2026-04-10 09:27:24','09eea93a6c357fda','http://app.ximingtech.com:8083/profile/uploaderrorlog/2026/04/08/crash_NETWORK_ERROR_2025-12-30_13-53-06_20260408154037A096.log'),(227,'2026-04-10 09:18:48','2026-04-10 09:27:24','09eea93a6c357fda','http://app.ximingtech.com:8083/profile/uploaderrorlog/2026/04/08/crash_SERIAL_BUILD_2025-12-30_20260408154037A097.log'),(228,'2026-04-10 09:18:49','2026-04-10 09:27:24','09eea93a6c357fda','http://app.ximingtech.com:8083/profile/uploaderrorlog/2026/04/08/crash_NETWORK_ERROR_2025-12-30_13-53-07_20260408154346A098.log'),(229,'2026-04-10 09:18:50','2026-04-10 09:27:24','09eea93a6c357fda','http://app.ximingtech.com:8083/profile/uploaderrorlog/2026/04/08/crash_SERIAL_BUILD_2025-12-30_20260408154346A099.log'),(230,'2026-04-10 09:18:51','2026-04-10 09:27:24','09eea93a6c357fda','http://app.ximingtech.com:8083/profile/uploaderrorlog/2026/04/08/crash_SERIAL_BUILD_2026-04-08_20260408154346A100.log'),(231,'2026-04-10 09:18:52','2026-04-10 09:27:24','09eea93a6c357fda','http://app.ximingtech.com:8083/profile/uploaderrorlog/2026/04/08/crash_SERIAL_BUILD_2026-04-08_20260408154441A101.log'),(232,'2026-04-10 09:18:53','2026-04-10 09:27:24','09eea93a6c357fda','http://app.ximingtech.com:8083/profile/uploaderrorlog/2026/04/08/tombstone_00001775634243401996_1.0.0__com.xm.ark.trace_20260408154442A102.xcrash'),(233,'2026-04-10 09:18:54','2026-04-10 09:27:24','09eea93a6c357fda','http://app.ximingtech.com:8083/profile/uploaderrorlog/2026/04/08/crash_NETWORK_ERROR_2025-12-30_13-53-07_20260408154442A103.log'),(234,'2026-04-10 09:18:55','2026-04-10 09:27:24','09eea93a6c357fda','http://app.ximingtech.com:8083/profile/uploaderrorlog/2026/04/08/crash_SERIAL_BUILD_2025-12-30_20260408154442A104.log'),(235,'2026-04-10 09:18:56','2026-04-10 09:27:24','09eea93a6c357fda','http://app.ximingtech.com:8083/profile/uploaderrorlog/2026/04/08/crash_SERIAL_BUILD_2025-12-30_20260408155247A105.log'),(236,'2026-04-10 09:18:57','2026-04-10 09:27:24','09eea93a6c357fda','http://app.ximingtech.com:8083/profile/uploaderrorlog/2026/04/08/crash_MOTO_ERROR_2025-12-30_20260408155247A106.log'),(237,'2026-04-10 09:18:58','2026-04-10 09:27:24','09eea93a6c357fda','http://app.ximingtech.com:8083/profile/uploaderrorlog/2026/04/08/crash_SERIAL_BUILD_2025-12-30_20260408155833A107.log'),(238,'2026-04-10 09:18:59','2026-04-10 09:27:24','09eea93a6c357fda','http://app.ximingtech.com:8083/profile/uploaderrorlog/2026/04/08/crash_NETWORK_ERROR_2025-12-30_13-53-07_20260408155833A108.log'),(239,'2026-04-10 09:19:00','2026-04-10 09:27:24','09eea93a6c357fda','http://app.ximingtech.com:8083/profile/uploaderrorlog/2026/04/08/crash_SERIAL_BUILD_2026-04-08_20260408160109A109.log'),(240,'2026-04-10 09:19:01','2026-04-10 09:27:24','09eea93a6c357fda','http://app.ximingtech.com:8083/profile/uploaderrorlog/2026/04/08/crash_SERIAL_BUILD_2026-04-08_20260408160624A110.log'),(241,'2026-04-10 09:19:02','2026-04-10 09:27:24','09eea93a6c357fda','http://app.ximingtech.com:8083/profile/uploaderrorlog/2026/04/08/crash_NETWORK_ERROR_2025-12-30_13-53-07_20260408160624A111.log'),(242,'2026-04-10 09:19:03','2026-04-10 09:27:24','09eea93a6c357fda','http://app.ximingtech.com:8083/profile/uploaderrorlog/2026/04/08/crash_SERIAL_BUILD_2025-12-30_20260408160624A112.log'),(243,'2026-04-10 09:19:04','2026-04-10 09:27:24','09eea93a6c357fda','http://app.ximingtech.com:8083/profile/uploaderrorlog/2026/04/08/crash_SERIAL_BUILD_2026-04-08_20260408161048A113.log'),(244,'2026-04-10 09:19:05','2026-04-10 09:27:24','09eea93a6c357fda','http://app.ximingtech.com:8083/profile/uploaderrorlog/2026/04/08/crash_NETWORK_ERROR_2025-12-30_13-53-07_20260408161048A114.log'),(245,'2026-04-10 09:19:06','2026-04-10 09:27:24','09eea93a6c357fda','http://app.ximingtech.com:8083/profile/uploaderrorlog/2026/04/08/crash_SERIAL_BUILD_2025-12-30_20260408161048A115.log'),(246,'2026-04-10 09:19:07','2026-04-10 09:27:24','09eea93a6c357fda','http://app.ximingtech.com:8083/profile/uploaderrorlog/2026/04/08/crash_NETWORK_ERROR_2025-12-30_13-53-07_20260408161328A116.log'),(247,'2026-04-10 09:19:08','2026-04-10 09:27:24','09eea93a6c357fda','http://app.ximingtech.com:8083/profile/uploaderrorlog/2026/04/08/crash_SERIAL_BUILD_2025-12-30_20260408161328A117.log'),(248,'2026-04-10 09:19:09','2026-04-10 09:27:24','09eea93a6c357fda','http://app.ximingtech.com:8083/profile/uploaderrorlog/2026/04/08/crash_NETWORK_ERROR_2025-12-30_13-53-07_20260408161756A118.log'),(249,'2026-04-10 09:19:10','2026-04-10 09:27:24','09eea93a6c357fda','http://app.ximingtech.com:8083/profile/uploaderrorlog/2026/04/08/crash_SERIAL_BUILD_2025-12-30_20260408161756A119.log'),(250,'2026-04-10 09:19:11','2026-04-10 09:27:24','09eea93a6c357fda','http://app.ximingtech.com:8083/profile/uploaderrorlog/2026/04/08/crash_SERIAL_BUILD_2026-04-08_20260408162111A120.log'),(251,'2026-04-10 09:19:12','2026-04-10 09:27:24','09eea93a6c357fda','http://app.ximingtech.com:8083/profile/uploaderrorlog/2026/04/08/crash_MOTO_ERROR_2026-04-08_20260408162112A121.log'),(252,'2026-04-10 09:19:13','2026-04-10 09:27:24','09eea93a6c357fda','http://app.ximingtech.com:8083/profile/uploaderrorlog/2026/04/08/crash_NETWORK_ERROR_2025-12-30_13-53-07_20260408162112A122.log'),(253,'2026-04-10 09:19:14','2026-04-10 09:27:24','09eea93a6c357fda','http://app.ximingtech.com:8083/profile/uploaderrorlog/2026/04/08/crash_SERIAL_BUILD_2025-12-30_20260408162112A123.log'),(254,'2026-04-10 09:19:15','2026-04-10 09:27:24','09eea93a6c357fda','http://app.ximingtech.com:8083/profile/uploaderrorlog/2026/04/08/crash_SERIAL_BUILD_2025-12-30_20260408162252A124.log'),(255,'2026-04-10 09:19:16','2026-04-10 09:27:24','09eea93a6c357fda','http://app.ximingtech.com:8083/profile/uploaderrorlog/2026/04/08/crash_SERIAL_BUILD_2026-04-08_20260408163303A125.log'),(256,'2026-04-10 09:19:17','2026-04-10 09:27:24','09eea93a6c357fda','http://app.ximingtech.com:8083/profile/uploaderrorlog/2026/04/08/tombstone_00001775637162590037_1.0.0__com.xm.ark.anr_20260408163303A126.xcrash'),(257,'2026-04-10 09:19:18','2026-04-10 09:27:24','09eea93a6c357fda','http://app.ximingtech.com:8083/profile/uploaderrorlog/2026/04/08/crash_SERIAL_BUILD_2026-04-08_20260408163530A127.log'),(258,'2026-04-10 09:19:19','2026-04-10 09:27:24','09eea93a6c357fda','http://app.ximingtech.com:8083/profile/uploaderrorlog/2026/04/08/crash_NETWORK_ERROR_2025-12-30_13-53-07_20260408163530A128.log'),(259,'2026-04-10 09:19:20','2026-04-10 09:27:24','09eea93a6c357fda','http://app.ximingtech.com:8083/profile/uploaderrorlog/2026/04/08/crash_SERIAL_BUILD_2025-12-30_20260408163530A129.log'),(260,'2026-04-10 09:19:21','2026-04-10 09:27:24','09eea93a6c357fda','http://app.ximingtech.com:8083/profile/uploaderrorlog/2026/04/08/crash_SERIAL_BUILD_2026-04-08_20260408163823A130.log'),(261,'2026-04-10 09:19:22','2026-04-10 09:27:24','09eea93a6c357fda','http://app.ximingtech.com:8083/profile/uploaderrorlog/2026/04/08/crash_NETWORK_ERROR_2025-12-30_13-53-07_20260408163824A131.log'),(262,'2026-04-10 09:19:23','2026-04-10 09:27:24','09eea93a6c357fda','http://app.ximingtech.com:8083/profile/uploaderrorlog/2026/04/08/crash_SERIAL_BUILD_2025-12-30_20260408163824A132.log'),(263,'2026-04-10 09:19:24','2026-04-10 09:27:24','09eea93a6c357fda','http://app.ximingtech.com:8083/profile/uploaderrorlog/2026/04/08/crash_SERIAL_BUILD_2026-04-08_20260408163949A133.log'),(264,'2026-04-10 09:19:25','2026-04-10 09:27:24','09eea93a6c357fda','http://app.ximingtech.com:8083/profile/uploaderrorlog/2026/04/08/crash_NETWORK_ERROR_2025-12-30_13-53-07_20260408163950A134.log'),(265,'2026-04-10 09:19:26','2026-04-10 09:27:24','09eea93a6c357fda','http://app.ximingtech.com:8083/profile/uploaderrorlog/2026/04/08/crash_SERIAL_BUILD_2025-12-30_20260408163950A135.log'),(266,'2026-04-10 09:21:21','2026-04-10 09:27:24','33b3e79844dea4e1','http://app.ximingtech.com:8083/profile/uploaderrorlog/2026/04/08/session_885aeb0be26b4089838a71ca7005fd9d_260408_20260408164521A136.zip'),(267,'2026-04-10 09:19:27','2026-04-10 09:27:24','09eea93a6c357fda','http://app.ximingtech.com:8083/profile/uploaderrorlog/2026/04/08/crash_SERIAL_BUILD_2026-04-08_20260408165511A137.log'),(268,'2026-04-10 09:19:28','2026-04-10 09:27:24','09eea93a6c357fda','http://app.ximingtech.com:8083/profile/uploaderrorlog/2026/04/08/crash_SERIAL_BUILD_2026-04-08_20260408170728A138.log'),(269,'2026-04-10 09:19:29','2026-04-10 09:27:24','09eea93a6c357fda','http://app.ximingtech.com:8083/profile/uploaderrorlog/2026/04/08/crash_NETWORK_ERROR_2025-12-30_13-53-07_20260408170728A139.log'),(270,'2026-04-10 09:19:30','2026-04-10 09:27:24','09eea93a6c357fda','http://app.ximingtech.com:8083/profile/uploaderrorlog/2026/04/08/crash_SERIAL_BUILD_2025-12-30_20260408170728A140.log'),(271,'2026-04-10 09:19:31','2026-04-10 09:27:24','09eea93a6c357fda','http://app.ximingtech.com:8083/profile/uploaderrorlog/2026/04/08/crash_SERIAL_BUILD_2026-04-08_20260408170936A141.log'),(272,'2026-04-10 09:19:32','2026-04-10 09:27:24','09eea93a6c357fda','http://app.ximingtech.com:8083/profile/uploaderrorlog/2026/04/08/crash_NETWORK_ERROR_2025-12-30_13-53-07_20260408170937A142.log'),(273,'2026-04-10 09:19:33','2026-04-10 09:27:24','09eea93a6c357fda','http://app.ximingtech.com:8083/profile/uploaderrorlog/2026/04/08/crash_SERIAL_BUILD_2025-12-30_20260408170937A143.log'),(274,'2026-04-10 09:21:22','2026-04-10 09:27:24','33b3e79844dea4e1','http://app.ximingtech.com:8083/profile/uploaderrorlog/2026/04/08/session_e9d54087869045f5bb6896d0d5f0bddf_260408_20260408170949A144.zip'),(275,'2026-04-10 09:19:34','2026-04-10 09:27:24','09eea93a6c357fda','http://app.ximingtech.com:8083/profile/uploaderrorlog/2026/04/08/crash_SERIAL_BUILD_2026-04-08_20260408173953A145.log'),(276,'2026-04-10 09:20:40','2026-04-10 09:27:24','e54114a5738cfad8','http://app.ximingtech.com:8083/profile/uploaderrorlog/2026/04/09/crash_SERIAL_BUILD_2026-04-08_20260409075105A146.log'),(277,'2026-04-10 09:20:41','2026-04-10 09:27:24','e54114a5738cfad8','http://app.ximingtech.com:8083/profile/uploaderrorlog/2026/04/09/crash_MOTO_ERROR_2026-04-08_20260409075105A147.log'),(278,'2026-04-10 09:20:42','2026-04-10 09:27:24','e54114a5738cfad8','http://app.ximingtech.com:8083/profile/uploaderrorlog/2026/04/09/crash_NETWORK_ERROR_2025-11-24_11-19-08_20260409075105A148.log'),(279,'2026-04-10 09:20:43','2026-04-10 09:27:24','e54114a5738cfad8','http://app.ximingtech.com:8083/profile/uploaderrorlog/2026/04/09/crash_SERIAL_BUILD_2025-11-24_20260409075105A149.log'),(280,'2026-04-10 09:21:23','2026-04-10 09:27:24','33b3e79844dea4e1','http://app.ximingtech.com:8083/profile/uploaderrorlog/2026/04/09/crash_SERIAL_BUILD_2026-04-08_20260409075213A150.log'),(281,'2026-04-10 09:21:24','2026-04-10 09:27:24','33b3e79844dea4e1','http://app.ximingtech.com:8083/profile/uploaderrorlog/2026/04/09/crash_MOTO_ERROR_2026-04-08_20260409075213A151.log'),(282,'2026-04-10 09:21:25','2026-04-10 09:27:24','33b3e79844dea4e1','http://app.ximingtech.com:8083/profile/uploaderrorlog/2026/04/09/crash_NETWORK_ERROR_2025-09-12_13-02-11_20260409075213A152.log'),(283,'2026-04-10 09:21:26','2026-04-10 09:27:24','33b3e79844dea4e1','http://app.ximingtech.com:8083/profile/uploaderrorlog/2026/04/09/crash_SERIAL_BUILD_2025-09-12_20260409075214A153.log'),(284,'2026-04-10 09:19:35','2026-04-10 09:27:24','09eea93a6c357fda','http://app.ximingtech.com:8083/profile/uploaderrorlog/2026/04/09/crash_SERIAL_BUILD_2026-04-08_20260409084148A154.log'),(285,'2026-04-10 09:19:36','2026-04-10 09:27:24','09eea93a6c357fda','http://app.ximingtech.com:8083/profile/uploaderrorlog/2026/04/09/crash_NETWORK_ERROR_2025-12-30_13-53-07_20260409084149A155.log'),(286,'2026-04-10 09:19:37','2026-04-10 09:27:24','09eea93a6c357fda','http://app.ximingtech.com:8083/profile/uploaderrorlog/2026/04/09/crash_SERIAL_BUILD_2025-12-30_20260409084149A156.log'),(287,'2026-04-10 09:21:27','2026-04-10 09:27:24','33b3e79844dea4e1','http://app.ximingtech.com:8083/profile/uploaderrorlog/2026/04/09/session_a747616906384641b764e648bd8cd2cf_250912_20260409090437A157.zip'),(288,'2026-04-10 09:21:28','2026-04-10 09:27:24','33b3e79844dea4e1','http://app.ximingtech.com:8083/profile/uploaderrorlog/2026/04/09/session_e9b9f6b6800841d288b4d58c7b37c896_260409_20260409090510A158.zip'),(289,'2026-04-10 09:21:29','2026-04-10 09:27:24','33b3e79844dea4e1','http://app.ximingtech.com:8083/profile/uploaderrorlog/2026/04/09/session_994bdd85dece4fa6988ad344f13bcac2_260409_20260409090541A159.zip'),(290,'2026-04-10 09:19:38','2026-04-10 09:27:24','09eea93a6c357fda','http://app.ximingtech.com:8083/profile/uploaderrorlog/2026/04/09/crash_SERIAL_BUILD_2026-04-09_20260409091005A160.log'),(291,'2026-04-10 09:19:39','2026-04-10 09:27:24','09eea93a6c357fda','http://app.ximingtech.com:8083/profile/uploaderrorlog/2026/04/09/crash_NETWORK_ERROR_2025-12-30_13-53-07_20260409091005A161.log'),(292,'2026-04-10 09:19:40','2026-04-10 09:27:24','09eea93a6c357fda','http://app.ximingtech.com:8083/profile/uploaderrorlog/2026/04/09/crash_SERIAL_BUILD_2025-12-30_20260409091005A162.log'),(293,'2026-04-10 09:19:41','2026-04-10 09:27:24','09eea93a6c357fda','http://app.ximingtech.com:8083/profile/uploaderrorlog/2026/04/09/crash_SERIAL_BUILD_2026-04-09_20260409091122A163.log'),(294,'2026-04-10 09:19:42','2026-04-10 09:27:24','09eea93a6c357fda','http://app.ximingtech.com:8083/profile/uploaderrorlog/2026/04/09/crash_NETWORK_ERROR_2025-12-30_13-53-07_20260409091122A164.log'),(295,'2026-04-10 09:19:43','2026-04-10 09:27:24','09eea93a6c357fda','http://app.ximingtech.com:8083/profile/uploaderrorlog/2026/04/09/tombstone_00001775697038677229_1.0.0__com.xm.ark.anr_20260409091123A165.xcrash'),(296,'2026-04-10 09:19:44','2026-04-10 09:27:24','09eea93a6c357fda','http://app.ximingtech.com:8083/profile/uploaderrorlog/2026/04/09/crash_SERIAL_BUILD_2025-12-30_20260409091123A166.log'),(297,'2026-04-10 09:21:30','2026-04-10 09:27:24','33b3e79844dea4e1','http://app.ximingtech.com:8083/profile/uploaderrorlog/2026/04/09/session_2aa94a6734d3456e999bfa5cc8cc78a9_260409_20260409091311A167.zip'),(298,'2026-04-10 09:19:45','2026-04-10 09:27:24','09eea93a6c357fda','http://app.ximingtech.com:8083/profile/uploaderrorlog/2026/04/09/crash_SERIAL_BUILD_2026-04-09_20260409091611A168.log'),(299,'2026-04-10 09:19:46','2026-04-10 09:27:24','09eea93a6c357fda','http://app.ximingtech.com:8083/profile/uploaderrorlog/2026/04/09/crash_NETWORK_ERROR_2025-12-30_13-53-07_20260409091612A169.log'),(300,'2026-04-10 09:19:47','2026-04-10 09:27:24','09eea93a6c357fda','http://app.ximingtech.com:8083/profile/uploaderrorlog/2026/04/09/crash_SERIAL_BUILD_2025-12-30_20260409091612A170.log'),(301,'2026-04-10 09:19:48','2026-04-10 09:27:24','09eea93a6c357fda','http://app.ximingtech.com:8083/profile/uploaderrorlog/2026/04/09/crash_SERIAL_BUILD_2025-12-30_20260409092021A171.log'),(302,'2026-04-10 09:19:49','2026-04-10 09:27:24','09eea93a6c357fda','http://app.ximingtech.com:8083/profile/uploaderrorlog/2026/04/09/crash_NETWORK_ERROR_2025-12-30_13-53-07_20260409092021A172.log'),(303,'2026-04-10 09:19:50','2026-04-10 09:27:24','09eea93a6c357fda','http://app.ximingtech.com:8083/profile/uploaderrorlog/2026/04/09/crash_SERIAL_BUILD_2026-04-09_20260409092933A173.log'),(304,'2026-04-10 09:19:51','2026-04-10 09:27:24','09eea93a6c357fda','http://app.ximingtech.com:8083/profile/uploaderrorlog/2026/04/09/crash_NETWORK_ERROR_2025-12-30_13-53-06_20260409092933A174.log'),(305,'2026-04-10 09:19:52','2026-04-10 09:27:24','09eea93a6c357fda','http://app.ximingtech.com:8083/profile/uploaderrorlog/2026/04/09/crash_SERIAL_BUILD_2025-12-30_20260409092933A175.log'),(306,'2026-04-10 09:19:53','2026-04-10 09:27:24','09eea93a6c357fda','http://app.ximingtech.com:8083/profile/uploaderrorlog/2026/04/09/crash_SERIAL_BUILD_2025-12-30_20260409093057A176.log'),(307,'2026-04-10 09:19:54','2026-04-10 09:27:24','09eea93a6c357fda','http://app.ximingtech.com:8083/profile/uploaderrorlog/2026/04/09/crash_NETWORK_ERROR_2025-12-30_13-53-06_20260409093057A177.log'),(308,'2026-04-10 09:19:55','2026-04-10 09:27:24','09eea93a6c357fda','http://app.ximingtech.com:8083/profile/uploaderrorlog/2026/04/09/crash_NETWORK_ERROR_2025-12-30_13-53-07_20260409093242A178.log'),(309,'2026-04-10 09:19:56','2026-04-10 09:27:24','09eea93a6c357fda','http://app.ximingtech.com:8083/profile/uploaderrorlog/2026/04/09/crash_SERIAL_BUILD_2025-12-30_20260409093446A179.log'),(310,'2026-04-10 09:19:57','2026-04-10 09:27:24','09eea93a6c357fda','http://app.ximingtech.com:8083/profile/uploaderrorlog/2026/04/09/crash_NETWORK_ERROR_2025-12-30_13-53-07_20260409093446A180.log'),(311,'2026-04-10 09:19:58','2026-04-10 09:27:24','09eea93a6c357fda','http://app.ximingtech.com:8083/profile/uploaderrorlog/2026/04/09/crash_SERIAL_BUILD_2026-04-09_20260409093721A181.log'),(312,'2026-04-10 09:19:59','2026-04-10 09:27:24','09eea93a6c357fda','http://app.ximingtech.com:8083/profile/uploaderrorlog/2026/04/09/crash_NETWORK_ERROR_2025-12-30_13-53-07_20260409093722A182.log'),(313,'2026-04-10 09:20:00','2026-04-10 09:27:24','09eea93a6c357fda','http://app.ximingtech.com:8083/profile/uploaderrorlog/2026/04/09/crash_SERIAL_BUILD_2025-12-30_20260409093722A183.log'),(314,'2026-04-10 09:20:01','2026-04-10 09:27:24','09eea93a6c357fda','http://app.ximingtech.com:8083/profile/uploaderrorlog/2026/04/09/crash_SERIAL_BUILD_2026-04-09_20260409101616A184.log'),(315,'2026-04-10 09:20:02','2026-04-10 09:27:24','09eea93a6c357fda','http://app.ximingtech.com:8083/profile/uploaderrorlog/2026/04/09/crash_SERIAL_BUILD_2026-04-09_20260409102254A185.log'),(316,'2026-04-10 09:20:03','2026-04-10 09:27:24','09eea93a6c357fda','http://app.ximingtech.com:8083/profile/uploaderrorlog/2026/04/09/crash_NETWORK_ERROR_2025-12-30_13-53-07_20260409102254A186.log'),(317,'2026-04-10 09:20:04','2026-04-10 09:27:24','09eea93a6c357fda','http://app.ximingtech.com:8083/profile/uploaderrorlog/2026/04/09/crash_SERIAL_BUILD_2025-12-30_20260409102254A187.log'),(318,'2026-04-10 09:20:05','2026-04-10 09:27:24','09eea93a6c357fda','http://app.ximingtech.com:8083/profile/uploaderrorlog/2026/04/09/crash_SERIAL_BUILD_2025-12-30_20260409102532A188.log'),(319,'2026-04-10 09:20:06','2026-04-10 09:27:24','09eea93a6c357fda','http://app.ximingtech.com:8083/profile/uploaderrorlog/2026/04/09/crash_NETWORK_ERROR_2025-12-30_13-53-07_20260409102533A189.log'),(320,'2026-04-10 09:20:07','2026-04-10 09:27:24','09eea93a6c357fda','http://app.ximingtech.com:8083/profile/uploaderrorlog/2026/04/09/crash_SERIAL_BUILD_2026-04-09_20260409102842A190.log'),(321,'2026-04-10 09:20:08','2026-04-10 09:27:24','09eea93a6c357fda','http://app.ximingtech.com:8083/profile/uploaderrorlog/2026/04/09/crash_MOTO_ERROR_2026-04-09_20260409102843A191.log'),(322,'2026-04-10 09:20:09','2026-04-10 09:27:24','09eea93a6c357fda','http://app.ximingtech.com:8083/profile/uploaderrorlog/2026/04/09/crash_NETWORK_ERROR_2025-12-30_13-53-07_20260409102843A192.log'),(323,'2026-04-10 09:20:10','2026-04-10 09:27:24','09eea93a6c357fda','http://app.ximingtech.com:8083/profile/uploaderrorlog/2026/04/09/crash_SERIAL_BUILD_2025-12-30_20260409102843A193.log'),(324,'2026-04-10 09:20:11','2026-04-10 09:27:24','09eea93a6c357fda','http://app.ximingtech.com:8083/profile/uploaderrorlog/2026/04/09/crash_SERIAL_BUILD_2026-04-09_20260409103026A194.log'),(325,'2026-04-10 09:20:12','2026-04-10 09:27:24','09eea93a6c357fda','http://app.ximingtech.com:8083/profile/uploaderrorlog/2026/04/09/crash_NETWORK_ERROR_2025-12-30_13-53-07_20260409103026A195.log'),(326,'2026-04-10 09:20:13','2026-04-10 09:27:24','09eea93a6c357fda','http://app.ximingtech.com:8083/profile/uploaderrorlog/2026/04/09/crash_SERIAL_BUILD_2025-12-30_20260409103027A196.log'),(327,'2026-04-10 09:21:31','2026-04-10 09:27:24','33b3e79844dea4e1','http://app.ximingtech.com:8083/profile/uploaderrorlog/2026/04/09/crash_SERIAL_BUILD_2026-04-09_20260409110922A197.log'),(328,'2026-04-10 09:21:32','2026-04-10 09:27:24','33b3e79844dea4e1','http://app.ximingtech.com:8083/profile/uploaderrorlog/2026/04/09/crash_MOTO_ERROR_2026-04-09_20260409110923A198.log'),(329,'2026-04-10 09:21:33','2026-04-10 09:27:24','33b3e79844dea4e1','http://app.ximingtech.com:8083/profile/uploaderrorlog/2026/04/09/crash_NETWORK_ERROR_2025-09-12_13-02-10_20260409110923A199.log'),(330,'2026-04-10 09:21:34','2026-04-10 09:27:24','33b3e79844dea4e1','http://app.ximingtech.com:8083/profile/uploaderrorlog/2026/04/09/crash_SERIAL_BUILD_2025-09-12_20260409110923A200.log'),(331,'2026-04-10 09:21:35','2026-04-10 09:27:24','33b3e79844dea4e1','http://app.ximingtech.com:8083/profile/uploaderrorlog/2026/04/09/session_c7a5a60fd64247d088683364210fbf1f_250912_20260409111136A201.zip'),(332,'2026-04-10 09:21:36','2026-04-10 09:27:24','33b3e79844dea4e1','http://app.ximingtech.com:8083/profile/uploaderrorlog/2026/04/09/session_7b356e4e555742369ccd3fd99ac586ba_250912_20260409124856A202.zip'),(333,'2026-04-10 09:21:37','2026-04-10 09:27:24','33b3e79844dea4e1','http://app.ximingtech.com:8083/profile/uploaderrorlog/2026/04/09/session_a27e250bd81b425aba761fca21844bd6_260409_20260409130018A203.zip'),(334,'2026-04-10 09:21:38','2026-04-10 09:27:24','33b3e79844dea4e1','http://app.ximingtech.com:8083/profile/uploaderrorlog/2026/04/09/session_e228f9fedcc944bbb139c48d536d211b_260409_20260409130040A204.zip'),(335,'2026-04-10 09:21:39','2026-04-10 09:27:24','33b3e79844dea4e1','http://app.ximingtech.com:8083/profile/uploaderrorlog/2026/04/09/session_b0a2b98cfd6e4eadb89fde4686973c2f_260409_20260409130202A205.zip'),(336,'2026-04-10 09:20:14','2026-04-10 09:27:24','09eea93a6c357fda','http://app.ximingtech.com:8083/profile/uploaderrorlog/2026/04/09/crash_SERIAL_BUILD_2026-04-09_20260409140836A206.log'),(337,'2026-04-10 09:20:15','2026-04-10 09:27:24','09eea93a6c357fda','http://app.ximingtech.com:8083/profile/uploaderrorlog/2026/04/09/crash_MOTO_ERROR_2026-04-09_20260409140836A207.log'),(338,'2026-04-10 09:20:16','2026-04-10 09:27:24','09eea93a6c357fda','http://app.ximingtech.com:8083/profile/uploaderrorlog/2026/04/09/crash_NETWORK_ERROR_2025-12-30_13-53-06_20260409140837A208.log'),(339,'2026-04-10 09:20:17','2026-04-10 09:27:24','09eea93a6c357fda','http://app.ximingtech.com:8083/profile/uploaderrorlog/2026/04/09/crash_SERIAL_BUILD_2025-12-30_20260409140837A209.log'),(340,'2026-04-10 09:20:18','2026-04-10 09:27:24','09eea93a6c357fda','http://app.ximingtech.com:8083/profile/uploaderrorlog/2026/04/09/crash_SERIAL_BUILD_2026-04-09_20260409141101A210.log'),(341,'2026-04-10 09:20:19','2026-04-10 09:27:24','09eea93a6c357fda','http://app.ximingtech.com:8083/profile/uploaderrorlog/2026/04/09/crash_NETWORK_ERROR_2025-12-30_13-53-07_20260409141101A211.log'),(342,'2026-04-10 09:20:20','2026-04-10 09:27:24','09eea93a6c357fda','http://app.ximingtech.com:8083/profile/uploaderrorlog/2026/04/09/crash_SERIAL_BUILD_2025-12-30_20260409141101A212.log'),(343,'2026-04-10 09:21:40','2026-04-10 09:27:24','33b3e79844dea4e1','http://app.ximingtech.com:8083/profile/uploaderrorlog/2026/04/09/session_446c2e6163274fba9092ac1b7f5ebea1_260409_20260409143521A213.zip'),(344,'2026-04-10 09:21:41','2026-04-10 09:27:24','33b3e79844dea4e1','http://app.ximingtech.com:8083/profile/uploaderrorlog/2026/04/09/session_e69c07953e274b4c98854aa8d87b8ccd_260409_20260409143846A214.zip'),(345,'2026-04-10 09:21:42','2026-04-10 09:27:24','33b3e79844dea4e1','http://app.ximingtech.com:8083/profile/uploaderrorlog/2026/04/09/crash_SERIAL_BUILD_2025-09-12_20260409153142A215.log'),(346,'2026-04-10 09:21:43','2026-04-10 09:27:24','33b3e79844dea4e1','http://app.ximingtech.com:8083/profile/uploaderrorlog/2026/04/09/crash_MOTO_ERROR_2025-09-12_20260409153143A216.log'),(347,'2026-04-10 09:21:44','2026-04-10 09:27:24','33b3e79844dea4e1','http://app.ximingtech.com:8083/profile/uploaderrorlog/2026/04/09/crash_SERIAL_BUILD_2026-04-09_20260409153143A217.log'),(348,'2026-04-10 09:21:45','2026-04-10 09:27:24','33b3e79844dea4e1','http://app.ximingtech.com:8083/profile/uploaderrorlog/2026/04/09/crash_MOTO_ERROR_2026-04-09_20260409153143A218.log'),(349,'2026-04-10 09:21:46','2026-04-10 09:27:24','33b3e79844dea4e1','http://app.ximingtech.com:8083/profile/uploaderrorlog/2026/04/09/crash_NETWORK_ERROR_2025-09-12_13-02-10_20260409153144A219.log'),(350,'2026-04-10 09:20:21','2026-04-10 09:27:24','09eea93a6c357fda','http://app.ximingtech.com:8083/profile/uploaderrorlog/2026/04/09/crash_SERIAL_BUILD_2026-04-09_20260409160958A220.log'),(351,'2026-04-10 09:20:22','2026-04-10 09:27:24','09eea93a6c357fda','http://app.ximingtech.com:8083/profile/uploaderrorlog/2026/04/09/crash_MOTO_ERROR_2026-04-09_20260409160959A221.log'),(352,'2026-04-10 09:20:23','2026-04-10 09:27:24','09eea93a6c357fda','http://app.ximingtech.com:8083/profile/uploaderrorlog/2026/04/09/crash_NETWORK_ERROR_2025-12-30_13-53-06_20260409160959A222.log'),(353,'2026-04-10 09:20:24','2026-04-10 09:27:24','09eea93a6c357fda','http://app.ximingtech.com:8083/profile/uploaderrorlog/2026/04/09/crash_SERIAL_BUILD_2025-12-30_20260409160959A223.log'),(354,'2026-04-10 09:20:25','2026-04-10 09:27:24','09eea93a6c357fda','http://app.ximingtech.com:8083/profile/uploaderrorlog/2026/04/09/crash_SERIAL_BUILD_2026-04-09_20260409163537A224.log'),(355,'2026-04-10 09:20:26','2026-04-10 09:27:24','09eea93a6c357fda','http://app.ximingtech.com:8083/profile/uploaderrorlog/2026/04/09/crash_MOTO_ERROR_2026-04-09_20260409163538A225.log'),(356,'2026-04-10 09:20:27','2026-04-10 09:27:24','09eea93a6c357fda','http://app.ximingtech.com:8083/profile/uploaderrorlog/2026/04/09/crash_SERIAL_BUILD_2026-04-09_20260409171957A226.log'),(357,'2026-04-10 09:20:28','2026-04-10 09:27:24','09eea93a6c357fda','http://app.ximingtech.com:8083/profile/uploaderrorlog/2026/04/09/crash_MOTO_ERROR_2026-04-09_20260409171957A227.log'),(358,'2026-04-10 09:21:47','2026-04-10 09:27:24','33b3e79844dea4e1','http://app.ximingtech.com:8083/profile/uploaderrorlog/2026/04/10/crash_SERIAL_BUILD_2026-04-09_20260410081539A228.log'),(359,'2026-04-10 09:21:48','2026-04-10 09:27:24','33b3e79844dea4e1','http://app.ximingtech.com:8083/profile/uploaderrorlog/2026/04/10/crash_NETWORK_ERROR_2025-09-12_13-02-10_20260410081540A229.log'),(360,'2026-04-10 09:21:49','2026-04-10 09:27:24','33b3e79844dea4e1','http://app.ximingtech.com:8083/profile/uploaderrorlog/2026/04/10/crash_SERIAL_BUILD_2025-09-12_20260410081540A230.log'),(361,'2026-04-10 09:21:50','2026-04-10 09:27:24','33b3e79844dea4e1','http://app.ximingtech.com:8083/profile/uploaderrorlog/2026/04/10/crash_SERIAL_BUILD_2026-04-10_20260410083651A231.log'),(362,'2026-03-20 13:32:01','2026-03-20 14:00:09','33b3e79844dea4e1','http://app.ximingtech.com:8083/profile/uploaderrorlog/2026/04/10/session_e014266c064f4569b8c42e50ea5b6373_260410_20260410105913A232.zip'),(363,'2026-03-15 22:39:40','2026-03-15 23:00:47','33b3e79844dea4e1','http://app.ximingtech.com:8083/profile/uploaderrorlog/2026/04/10/session_62c9440cd877423d80ea9184ad9a5fb6_260410_20260410110246A233.zip'),(364,'2026-03-17 08:40:18','2026-03-17 09:08:19','33b3e79844dea4e1','http://app.ximingtech.com:8083/profile/uploaderrorlog/2026/04/10/session_118713853a5542009e0a4f9c9142bbfd_260410_20260410145727A234.zip'),(365,'2026-03-25 20:43:40','2026-03-25 21:25:58','33b3e79844dea4e1','http://app.ximingtech.com:8083/profile/uploaderrorlog/2026/04/10/session_723e91163018460f8baf572eaf3a50cc_260410_20260410145956A235.zip'),(366,'2026-03-24 15:41:42','2026-03-24 15:53:15','33b3e79844dea4e1','http://app.ximingtech.com:8083/profile/uploaderrorlog/2026/04/10/session_2e226d1a3c774b079043d323b240b0a6_260410_20260410164333A236.zip'),(367,'2026-03-15 03:34:02','2026-03-15 03:52:52','33b3e79844dea4e1','http://app.ximingtech.com:8083/profile/uploaderrorlog/2026/04/10/session_ecf247012fca4b3aa5423bdda5c38427_260410_20260410164706A237.zip'),(368,'2026-03-25 10:26:04','2026-03-25 10:40:10','33b3e79844dea4e1','http://app.ximingtech.com:8083/profile/uploaderrorlog/2026/04/10/session_d3ac4fe6854845a08aa9ccc460c0fc76_260410_20260410165642A238.zip'),(369,'2026-04-05 10:03:49','2026-04-05 10:42:17','33b3e79844dea4e1','http://app.ximingtech.com:8083/profile/uploaderrorlog/2026/04/10/session_283a1ec44f35461d96abcc55bee73a72_260410_20260410165824A239.zip'),(370,'2026-04-01 13:12:47','2026-04-01 13:16:51','33b3e79844dea4e1','http://app.ximingtech.com:8083/profile/uploaderrorlog/2026/04/10/session_f75d4082dde940c1ae3690302194eb5c_260410_20260410170009A240.zip'),(371,'2026-04-09 04:23:18','2026-04-09 04:54:16','09eea93a6c357fda','http://app.ximingtech.com:8083/profile/uploaderrorlog/2026/04/11/crash_SERIAL_BUILD_2026-04-09_20260411082412A241.log'),(372,'2026-04-09 00:22:24','2026-04-09 00:34:19','09eea93a6c357fda','http://app.ximingtech.com:8083/profile/uploaderrorlog/2026/04/11/crash_MOTO_ERROR_2026-04-09_20260411082412A242.log'),(373,'2026-03-28 03:30:50','2026-03-28 03:38:36','ca2e0bd6e88c53c0','http://app.ximingtech.com:8083/profile/uploaderrorlog/2026/04/11/session_b20037c360ce4a66ac32cb7dae187375_260114_20260411082415A243.zip'),(374,'2026-04-13 03:19:09','2026-04-13 03:59:27','09eea93a6c357fda','http://app.ximingtech.com:8083/profile/uploaderrorlog/2026/04/11/crash_SERIAL_BUILD_2026-04-11_20260411082906A244.log'),(375,'2026-04-03 19:20:58','2026-04-03 19:56:58','09eea93a6c357fda','http://app.ximingtech.com:8083/profile/uploaderrorlog/2026/04/11/crash_MOTO_ERROR_2026-04-11_20260411082906A245.log'),(376,'2026-04-12 13:40:53','2026-04-12 14:02:10','09eea93a6c357fda','http://app.ximingtech.com:8083/profile/uploaderrorlog/2026/04/11/crash_SERIAL_BUILD_2025-12-30_20260411082906A246.log'),(377,'2026-03-24 01:42:50','2026-03-24 02:03:15','09eea93a6c357fda','http://app.ximingtech.com:8083/profile/uploaderrorlog/2026/04/11/crash_SERIAL_BUILD_2026-04-11_20260411083958A247.log'),(378,'2026-03-24 17:20:44','2026-03-24 17:37:13','09eea93a6c357fda','http://app.ximingtech.com:8083/profile/uploaderrorlog/2026/04/11/crash_MOTO_ERROR_2026-04-11_20260411083958A248.log'),(379,'2026-04-01 14:03:20','2026-04-01 14:12:59','09eea93a6c357fda','http://app.ximingtech.com:8083/profile/uploaderrorlog/2026/04/11/crash_SERIAL_BUILD_2026-04-11_20260411085249A249.log'),(380,'2026-03-26 02:51:29','2026-03-26 03:26:20','09eea93a6c357fda','http://app.ximingtech.com:8083/profile/uploaderrorlog/2026/04/11/crash_MOTO_ERROR_2026-04-11_20260411085249A250.log'),(381,'2026-04-11 11:43:04','2026-04-11 12:18:36','09eea93a6c357fda','http://app.ximingtech.com:8083/profile/uploaderrorlog/2026/04/11/crash_SERIAL_BUILD_2026-04-11_20260411090645A251.log'),(382,'2026-03-21 16:49:48','2026-03-21 16:51:11','09eea93a6c357fda','http://app.ximingtech.com:8083/profile/uploaderrorlog/2026/04/11/crash_MOTO_ERROR_2026-04-11_20260411090645A252.log'),(383,'2026-03-19 10:13:14','2026-03-19 10:19:48','09eea93a6c357fda','http://app.ximingtech.com:8083/profile/uploaderrorlog/2026/04/11/crash_SERIAL_BUILD_2026-04-11_20260411092247A253.log'),(384,'2026-04-12 06:38:03','2026-04-12 07:30:33','09eea93a6c357fda','http://app.ximingtech.com:8083/profile/uploaderrorlog/2026/04/11/crash_MOTO_ERROR_2026-04-11_20260411092247A254.log'),(385,'2026-04-05 21:58:33','2026-04-05 22:36:53','09eea93a6c357fda','http://app.ximingtech.com:8083/profile/uploaderrorlog/2026/04/11/crash_SERIAL_BUILD_2026-04-11_20260411092710A255.log'),(386,'2026-03-31 09:44:56','2026-03-31 10:00:51','09eea93a6c357fda','http://app.ximingtech.com:8083/profile/uploaderrorlog/2026/04/11/crash_MOTO_ERROR_2026-04-11_20260411092710A256.log'),(387,'2026-04-12 23:21:31','2026-04-12 23:39:00','09eea93a6c357fda','http://app.ximingtech.com:8083/profile/uploaderrorlog/2026/04/11/crash_NETWORK_ERROR_2025-12-30_13-53-07_20260411092711A257.log'),(388,'2026-04-01 07:59:14','2026-04-01 08:08:24','09eea93a6c357fda','http://app.ximingtech.com:8083/profile/uploaderrorlog/2026/04/11/crash_SERIAL_BUILD_2025-12-30_20260411092711A258.log'),(389,'2026-03-28 01:26:45','2026-03-28 01:43:37','09eea93a6c357fda','http://app.ximingtech.com:8083/profile/uploaderrorlog/2026/04/11/crash_SERIAL_BUILD_2025-12-30_20260411093446A259.log'),(390,'2026-03-21 15:29:51','2026-03-21 16:27:47','09eea93a6c357fda','http://app.ximingtech.com:8083/profile/uploaderrorlog/2026/04/11/crash_MOTO_ERROR_2025-12-30_20260411093446A260.log'),(391,'2026-03-28 05:21:12','2026-03-28 06:10:09','09eea93a6c357fda','http://app.ximingtech.com:8083/profile/uploaderrorlog/2026/04/11/crash_MOTO_ERROR_2026-04-11_20260411093446A261.log'),(392,'2026-03-30 22:08:55','2026-03-30 22:57:48','09eea93a6c357fda','http://app.ximingtech.com:8083/profile/uploaderrorlog/2026/04/11/crash_SERIAL_BUILD_2026-04-11_20260411093446A262.log'),(393,'2026-03-23 00:33:22','2026-03-23 00:41:29','09eea93a6c357fda','http://app.ximingtech.com:8083/profile/uploaderrorlog/2026/04/11/crash_SERIAL_BUILD_2026-04-11_20260411094800A263.log'),(394,'2026-03-28 15:08:43','2026-03-28 15:23:02','09eea93a6c357fda','http://app.ximingtech.com:8083/profile/uploaderrorlog/2026/04/11/crash_MOTO_ERROR_2026-04-11_20260411094801A264.log'),(395,'2026-03-26 06:40:01','2026-03-26 06:59:14','09eea93a6c357fda','http://app.ximingtech.com:8083/profile/uploaderrorlog/2026/04/11/crash_SERIAL_BUILD_2026-04-11_20260411095601A265.log'),(396,'2026-03-21 02:16:46','2026-03-21 03:13:07','09eea93a6c357fda','http://app.ximingtech.com:8083/profile/uploaderrorlog/2026/04/11/crash_MOTO_ERROR_2026-04-11_20260411095601A266.log'),(397,'2026-04-02 19:13:10','2026-04-02 20:11:03','09eea93a6c357fda','http://app.ximingtech.com:8083/profile/uploaderrorlog/2026/04/11/crash_SERIAL_BUILD_2026-04-11_20260411100049A267.log'),(398,'2026-03-21 20:34:03','2026-03-21 21:26:47','09eea93a6c357fda','http://app.ximingtech.com:8083/profile/uploaderrorlog/2026/04/11/crash_MOTO_ERROR_2026-04-11_20260411100049A268.log'),(399,'2026-04-09 13:43:22','2026-04-09 13:44:25','09eea93a6c357fda','http://app.ximingtech.com:8083/profile/uploaderrorlog/2026/04/11/crash_SERIAL_BUILD_2026-04-11_20260411100858A269.log'),(400,'2026-03-23 15:32:22','2026-03-23 15:57:43','09eea93a6c357fda','http://app.ximingtech.com:8083/profile/uploaderrorlog/2026/04/11/crash_MOTO_ERROR_2026-04-11_20260411100858A270.log'),(401,'2026-04-12 15:39:20','2026-04-12 16:31:43','09eea93a6c357fda','http://app.ximingtech.com:8083/profile/uploaderrorlog/2026/04/11/crash_SERIAL_BUILD_2026-04-11_20260411101122A271.log'),(402,'2026-04-05 01:31:03','2026-04-05 02:18:14','09eea93a6c357fda','http://app.ximingtech.com:8083/profile/uploaderrorlog/2026/04/11/crash_MOTO_ERROR_2026-04-11_20260411101122A272.log'),(403,'2026-04-10 19:50:45','2026-04-10 19:55:54','09eea93a6c357fda','http://app.ximingtech.com:8083/profile/uploaderrorlog/2026/04/11/crash_SERIAL_BUILD_2026-04-11_20260411101453A273.log'),(404,'2026-04-08 15:19:31','2026-04-08 15:52:40','09eea93a6c357fda','http://app.ximingtech.com:8083/profile/uploaderrorlog/2026/04/11/crash_MOTO_ERROR_2026-04-11_20260411101453A274.log'),(405,'2026-04-05 04:28:49','2026-04-05 05:12:28','33b3e79844dea4e1','http://app.ximingtech.com:8083/profile/uploaderrorlog/2026/04/11/crash_SERIAL_BUILD_2026-04-10_20260411113252A275.log'),(406,'2026-03-20 07:06:49','2026-03-20 07:57:52','33b3e79844dea4e1','http://app.ximingtech.com:8083/profile/uploaderrorlog/2026/04/11/crash_MOTO_ERROR_2026-04-10_20260411113252A276.log'),(407,'2026-03-19 10:45:03','2026-03-19 11:22:22','33b3e79844dea4e1','http://app.ximingtech.com:8083/profile/uploaderrorlog/2026/04/11/crash_NETWORK_ERROR_2025-09-12_13-02-10_20260411113253A277.log'),(408,'2026-03-26 08:09:27','2026-03-26 08:19:04','33b3e79844dea4e1','http://app.ximingtech.com:8083/profile/uploaderrorlog/2026/04/11/crash_SERIAL_BUILD_2025-09-12_20260411113253A278.log'),(409,'2026-03-14 22:08:57','2026-03-14 22:35:51','33b3e79844dea4e1','http://app.ximingtech.com:8083/profile/uploaderrorlog/2026/04/11/session_c0be92d320544e91ae04ca2a81013944_250912_20260411114405A279.zip'),(410,'2026-04-04 23:19:38','2026-04-04 23:24:12','a78f37f86e3beabc','http://app.ximingtech.com:8083/profile/uploaderrorlog/2026/04/11/crash_SERIAL_BUILD_2026-03-13_20260411122738A280.log'),(411,'2026-03-28 15:47:22','2026-03-28 16:12:04','a78f37f86e3beabc','http://app.ximingtech.com:8083/profile/uploaderrorlog/2026/04/11/crash_SERIAL_BUILD_2026-03-14_20260411122738A281.log'),(412,'2026-03-30 05:58:05','2026-03-30 06:06:27','a78f37f86e3beabc','http://app.ximingtech.com:8083/profile/uploaderrorlog/2026/04/11/crash_NETWORK_ERROR_2025-09-12_13-02-11_20260411122738A282.log'),(413,'2026-04-05 07:12:07','2026-04-05 08:08:58','a78f37f86e3beabc','http://app.ximingtech.com:8083/profile/uploaderrorlog/2026/04/11/crash_SERIAL_BUILD_2025-09-12_20260411122738A283.log'),(414,'2026-03-16 23:02:19','2026-03-16 23:47:09','a78f37f86e3beabc','http://app.ximingtech.com:8083/profile/uploaderrorlog/2026/04/11/crash_SERIAL_BUILD_2026-03-15_20260411122739A284.log'),(415,'2026-03-15 00:49:43','2026-03-15 01:29:52','a78f37f86e3beabc','http://app.ximingtech.com:8083/profile/uploaderrorlog/2026/04/11/crash_NETWORK_ERROR_2025-09-12_13-02-10_20260411122739A285.log'),(416,'2026-04-01 12:18:37','2026-04-01 13:18:01','a78f37f86e3beabc','http://app.ximingtech.com:8083/profile/uploaderrorlog/2026/04/11/crash_SERIAL_BUILD_2026-03-16_20260411122739A286.log'),(417,'2026-03-21 22:21:13','2026-03-21 23:08:40','a78f37f86e3beabc','http://app.ximingtech.com:8083/profile/uploaderrorlog/2026/04/11/crash_SERIAL_BUILD_2026-03-17_20260411122739A287.log'),(418,'2026-03-23 13:50:18','2026-03-23 13:57:10','a78f37f86e3beabc','http://app.ximingtech.com:8083/profile/uploaderrorlog/2026/04/11/crash_SERIAL_BUILD_2026-03-18_20260411122739A288.log'),(419,'2026-03-30 01:39:41','2026-03-30 01:43:21','a78f37f86e3beabc','http://app.ximingtech.com:8083/profile/uploaderrorlog/2026/04/11/tombstone_00001773710669608484_1.0.0__com.xm.ark.anr_20260411122742A289.xcrash'),(420,'2026-03-18 14:55:57','2026-03-18 15:03:43','a78f37f86e3beabc','http://app.ximingtech.com:8083/profile/uploaderrorlog/2026/04/11/crash_SERIAL_BUILD_2026-03-19_20260411122742A290.log'),(421,'2026-04-11 16:40:51','2026-04-11 17:35:34','a78f37f86e3beabc','http://app.ximingtech.com:8083/profile/uploaderrorlog/2026/04/11/crash_SERIAL_BUILD_2026-03-20_20260411122743A291.log'),(422,'2026-04-02 02:27:16','2026-04-02 02:37:04','a78f37f86e3beabc','http://app.ximingtech.com:8083/profile/uploaderrorlog/2026/04/11/crash_SERIAL_BUILD_2026-03-21_20260411122743A292.log'),(423,'2026-03-24 04:25:10','2026-03-24 05:18:54','a78f37f86e3beabc','http://app.ximingtech.com:8083/profile/uploaderrorlog/2026/04/11/crash_SERIAL_BUILD_2026-03-22_20260411122744A293.log'),(424,'2026-03-31 01:47:40','2026-03-31 02:20:40','a78f37f86e3beabc','http://app.ximingtech.com:8083/profile/uploaderrorlog/2026/04/11/crash_SERIAL_BUILD_2026-03-23_20260411122744A294.log'),(425,'2026-04-01 06:14:02','2026-04-01 06:37:25','a78f37f86e3beabc','http://app.ximingtech.com:8083/profile/uploaderrorlog/2026/04/11/crash_SERIAL_BUILD_2026-03-24_20260411122744A295.log'),(426,'2026-03-22 18:12:24','2026-03-22 18:39:39','a78f37f86e3beabc','http://app.ximingtech.com:8083/profile/uploaderrorlog/2026/04/11/crash_SERIAL_BUILD_2026-03-25_20260411122744A296.log'),(427,'2026-04-10 13:44:12','2026-04-10 13:51:41','a78f37f86e3beabc','http://app.ximingtech.com:8083/profile/uploaderrorlog/2026/04/11/crash_SERIAL_BUILD_2026-03-26_20260411122744A297.log'),(428,'2026-04-03 13:03:01','2026-04-03 13:20:05','a78f37f86e3beabc','http://app.ximingtech.com:8083/profile/uploaderrorlog/2026/04/11/crash_SERIAL_BUILD_2026-03-27_20260411122744A298.log'),(429,'2026-03-31 16:14:20','2026-03-31 16:31:20','a78f37f86e3beabc','http://app.ximingtech.com:8083/profile/uploaderrorlog/2026/04/11/crash_SERIAL_BUILD_2026-03-28_20260411122744A299.log'),(430,'2026-04-09 11:00:08','2026-04-09 11:49:32','a78f37f86e3beabc','http://app.ximingtech.com:8083/profile/uploaderrorlog/2026/04/11/crash_SERIAL_BUILD_2026-04-11_20260411172413A300.log'),(431,'2026-03-23 02:48:21','2026-03-23 02:53:58','a78f37f86e3beabc','http://app.ximingtech.com:8083/profile/uploaderrorlog/2026/04/11/crash_NETWORK_ERROR_2025-09-12_13-02-10_20260411172414A301.log'),(432,'2026-04-03 14:12:20','2026-04-03 14:34:32','a78f37f86e3beabc','http://app.ximingtech.com:8083/profile/uploaderrorlog/2026/04/11/crash_SERIAL_BUILD_2025-09-12_20260411172414A302.log'),(433,'2026-03-18 16:33:48','2026-03-18 16:45:15','a78f37f86e3beabc','http://app.ximingtech.com:8083/profile/uploaderrorlog/2026/04/12/crash_SERIAL_BUILD_2026-04-11_20260412092006A303.log'),(434,'2026-04-02 06:45:56','2026-04-02 07:03:44','a78f37f86e3beabc','http://app.ximingtech.com:8083/profile/uploaderrorlog/2026/04/12/crash_MOTO_ERROR_2026-04-11_20260412092007A304.log'),(435,'2026-04-02 15:23:31','2026-04-02 16:18:41','a78f37f86e3beabc','http://app.ximingtech.com:8083/profile/uploaderrorlog/2026/04/12/crash_NETWORK_ERROR_2025-09-12_13-02-10_20260412092007A305.log'),(436,'2026-03-29 03:28:19','2026-03-29 04:16:21','a78f37f86e3beabc','http://app.ximingtech.com:8083/profile/uploaderrorlog/2026/04/12/crash_SERIAL_BUILD_2025-09-12_20260412092007A306.log'),(437,'2026-03-30 11:21:00','2026-03-30 12:17:09','33b3e79844dea4e1','http://app.ximingtech.com:8083/profile/uploaderrorlog/2026/04/12/crash_SERIAL_BUILD_2026-04-11_20260412104841A307.log'),(438,'2026-04-05 04:19:10','2026-04-05 04:53:53','33b3e79844dea4e1','http://app.ximingtech.com:8083/profile/uploaderrorlog/2026/04/12/crash_MOTO_ERROR_2026-04-11_20260412104841A308.log'),(439,'2026-04-11 15:49:59','2026-04-11 16:24:13','33b3e79844dea4e1','http://app.ximingtech.com:8083/profile/uploaderrorlog/2026/04/12/crash_NETWORK_ERROR_2025-09-12_13-02-10_20260412104841A309.log'),(440,'2026-03-24 09:52:01','2026-03-24 10:30:10','33b3e79844dea4e1','http://app.ximingtech.com:8083/profile/uploaderrorlog/2026/04/12/crash_SERIAL_BUILD_2025-09-12_20260412104841A310.log'),(441,'2026-04-08 08:53:08','2026-04-08 09:49:57','33b3e79844dea4e1','http://app.ximingtech.com:8083/profile/uploaderrorlog/2026/04/12/crash_MOTO_ERROR_2025-09-12_20260412104842A311.log'),(442,'2026-04-06 19:56:19','2026-04-06 20:12:32','33b3e79844dea4e1','http://app.ximingtech.com:8083/profile/uploaderrorlog/2026/04/12/session_c7a92bd1cba149ebb332141f05dced8c_250912_20260412105108A312.zip'),(443,'2026-03-23 22:46:28','2026-03-23 23:23:18','33b3e79844dea4e1','http://app.ximingtech.com:8083/profile/uploaderrorlog/2026/04/12/session_02e677c350df4f3580c524d636f37e88_250912_20260412105228A313.zip'),(444,'2026-04-13 01:10:53','2026-04-13 01:24:52','33b3e79844dea4e1','http://app.ximingtech.com:8083/profile/uploaderrorlog/2026/04/12/crash_SERIAL_BUILD_2026-04-12_20260412111253A314.log'),(445,'2026-04-09 21:23:28','2026-04-09 22:17:36','33b3e79844dea4e1','http://app.ximingtech.com:8083/profile/uploaderrorlog/2026/04/12/crash_MOTO_ERROR_2026-04-12_20260412111254A315.log'),(446,'2026-04-08 23:42:50','2026-04-08 23:45:32','33b3e79844dea4e1','http://app.ximingtech.com:8083/profile/uploaderrorlog/2026/04/12/crash_NETWORK_ERROR_2025-09-12_13-02-10_20260412111254A316.log'),(447,'2026-03-21 05:57:21','2026-03-21 06:41:43','33b3e79844dea4e1','http://app.ximingtech.com:8083/profile/uploaderrorlog/2026/04/12/crash_SERIAL_BUILD_2025-09-12_20260412111254A317.log'),(448,'2026-04-02 07:38:56','2026-04-02 08:17:37','33b3e79844dea4e1','http://app.ximingtech.com:8083/profile/uploaderrorlog/2026/04/12/session_c52320ba23174e0081df5a4de219eb4d_260412_20260412111609A318.zip'),(449,'2026-04-10 07:38:30','2026-04-10 08:14:14','33b3e79844dea4e1','http://app.ximingtech.com:8083/profile/uploaderrorlog/2026/04/12/crash_SERIAL_BUILD_2026-04-12_20260412111834A319.log'),(450,'2026-03-24 16:16:01','2026-03-24 16:47:00','33b3e79844dea4e1','http://app.ximingtech.com:8083/profile/uploaderrorlog/2026/04/12/crash_MOTO_ERROR_2026-04-12_20260412111835A320.log'),(451,'2026-03-26 12:12:43','2026-03-26 12:39:40','33b3e79844dea4e1','http://app.ximingtech.com:8083/profile/uploaderrorlog/2026/04/12/crash_NETWORK_ERROR_2025-09-12_13-02-10_20260412111835A321.log'),(452,'2026-03-31 01:32:09','2026-03-31 02:25:37','33b3e79844dea4e1','http://app.ximingtech.com:8083/profile/uploaderrorlog/2026/04/12/crash_SERIAL_BUILD_2025-09-12_20260412111835A322.log'),(453,'2026-04-10 03:11:22','2026-04-10 04:04:37','33b3e79844dea4e1','http://app.ximingtech.com:8083/profile/uploaderrorlog/2026/04/12/session_abb26269921944cb81bff422eb4ae861_250912_20260412112056A323.zip'),(454,'2026-04-10 10:41:17','2026-04-10 11:32:02','33b3e79844dea4e1','http://app.ximingtech.com:8083/profile/uploaderrorlog/2026/04/12/crash_SERIAL_BUILD_2026-04-12_20260412131615A324.log'),(455,'2026-03-16 18:17:00','2026-03-16 18:22:06','33b3e79844dea4e1','http://app.ximingtech.com:8083/profile/uploaderrorlog/2026/04/12/crash_MOTO_ERROR_2026-04-12_20260412131616A325.log'),(456,'2026-03-24 23:06:06','2026-03-24 23:06:10','33b3e79844dea4e1','http://app.ximingtech.com:8083/profile/uploaderrorlog/2026/04/12/crash_NETWORK_ERROR_2025-09-12_13-02-10_20260412131616A326.log'),(457,'2026-04-11 22:17:46','2026-04-11 22:33:15','33b3e79844dea4e1','http://app.ximingtech.com:8083/profile/uploaderrorlog/2026/04/12/crash_SERIAL_BUILD_2025-09-12_20260412131616A327.log'),(458,'2026-04-09 11:37:22','2026-04-09 12:31:03','33b3e79844dea4e1','http://app.ximingtech.com:8083/profile/uploaderrorlog/2026/04/12/crash_NETWORK_ERROR_2025-09-12_13-02-10_20260412131653A328.log'),(459,'2026-04-11 08:04:50','2026-04-11 08:45:24','33b3e79844dea4e1','http://app.ximingtech.com:8083/profile/uploaderrorlog/2026/04/12/crash_SERIAL_BUILD_2025-09-12_20260412131653A329.log'),(460,'2026-04-08 12:50:16','2026-04-08 13:38:10','09eea93a6c357fda','http://app.ximingtech.com:8083/profile/uploaderrorlog/2026/04/13/crash_SERIAL_BUILD_2026-04-11_20260413081749A330.log'),(461,'2026-03-29 15:06:36','2026-03-29 15:11:35','09eea93a6c357fda','http://app.ximingtech.com:8083/profile/uploaderrorlog/2026/04/13/crash_MOTO_ERROR_2026-04-11_20260413081750A331.log'),(462,'2026-03-16 15:27:37','2026-03-16 15:51:12','09eea93a6c357fda','http://app.ximingtech.com:8083/profile/uploaderrorlog/2026/04/13/crash_NETWORK_ERROR_2025-12-30_13-53-07_20260413081750A332.log'),(463,'2026-04-08 01:40:17','2026-04-08 02:23:47','09eea93a6c357fda','http://app.ximingtech.com:8083/profile/uploaderrorlog/2026/04/13/crash_SERIAL_BUILD_2025-12-30_20260413081750A333.log'),(464,'2026-04-11 00:31:41','2026-04-11 00:45:56','33b3e79844dea4e1','http://app.ximingtech.com:8083/profile/uploaderrorlog/2026/04/13/crash_SERIAL_BUILD_2026-04-12_20260413081921A334.log'),(465,'2026-03-16 06:54:18','2026-03-16 07:53:38','33b3e79844dea4e1','http://app.ximingtech.com:8083/profile/uploaderrorlog/2026/04/13/crash_MOTO_ERROR_2026-04-12_20260413081921A335.log'),(466,'2026-04-09 18:21:17','2026-04-09 19:00:35','33b3e79844dea4e1','http://app.ximingtech.com:8083/profile/uploaderrorlog/2026/04/13/crash_NETWORK_ERROR_2025-09-12_13-02-10_20260413081921A336.log'),(467,'2026-03-17 10:30:40','2026-03-17 11:03:22','33b3e79844dea4e1','http://app.ximingtech.com:8083/profile/uploaderrorlog/2026/04/13/crash_SERIAL_BUILD_2025-09-12_20260413081921A337.log'),(468,'2026-04-12 22:25:46','2026-04-12 22:53:19','33b3e79844dea4e1','http://app.ximingtech.com:8083/profile/uploaderrorlog/2026/04/13/session_2180fee22e3847f6bba80653f4a41d68_250912_20260413082039A338.zip'),(469,'2026-04-06 07:28:32','2026-04-06 08:17:45','33b3e79844dea4e1','http://app.ximingtech.com:8083/profile/uploaderrorlog/2026/04/13/session_57d175ba19db410eb2d4fa0017488d6b_250912_20260413082206A339.zip'),(470,'2026-04-02 00:04:59','2026-04-02 00:32:16','a78f37f86e3beabc','http://app.ximingtech.com:8083/profile/uploaderrorlog/2026/04/13/crash_NETWORK_ERROR_2025-09-12_13-02-10_20260413085929A340.log'),(471,'2026-04-09 18:12:42','2026-04-09 18:28:14','a78f37f86e3beabc','http://app.ximingtech.com:8083/profile/uploaderrorlog/2026/04/13/crash_SERIAL_BUILD_2025-09-12_20260413085929A341.log'),(472,'2026-03-16 21:11:23','2026-03-16 22:00:56','a78f37f86e3beabc','http://app.ximingtech.com:8083/profile/uploaderrorlog/2026/04/13/crash_SERIAL_BUILD_2026-04-12_20260413085929A342.log'),(473,'2026-04-02 10:36:43','2026-04-02 10:58:36','09eea93a6c357fda','http://app.ximingtech.com:8083/profile/uploaderrorlog/2026/04/13/crash_SERIAL_BUILD_2026-04-13_20260413092222A343.log'),(474,'2026-03-22 22:50:00','2026-03-22 23:19:49','09eea93a6c357fda','http://app.ximingtech.com:8083/profile/uploaderrorlog/2026/04/13/crash_MOTO_ERROR_2026-04-13_20260413092222A344.log'),(475,'2026-04-03 14:14:14','2026-04-03 14:23:50','33b3e79844dea4e1','http://app.ximingtech.com:8083/profile/uploaderrorlog/2026/04/13/session_8aea6c23fa2e4bf8986e9cb336760df5_260413_20260413094938A345.zip'),(476,'2026-03-20 04:55:20','2026-03-20 05:29:27','33b3e79844dea4e1','http://app.ximingtech.com:8083/profile/uploaderrorlog/2026/04/13/session_04b3962358de482b99c3d17a841c83d0_260413_20260413095027A346.zip'),(477,'2026-04-01 01:18:04','2026-04-01 01:40:07','33b3e79844dea4e1','http://app.ximingtech.com:8083/profile/uploaderrorlog/2026/04/13/session_493ad05a35424ff3884be933a493a3cf_260413_20260413095127A347.zip'),(478,'2026-03-26 16:19:56','2026-03-26 17:11:56','09eea93a6c357fda','http://app.ximingtech.com:8083/profile/uploaderrorlog/2026/04/13/crash_SERIAL_BUILD_2026-04-13_20260413100232A348.log'),(479,'2026-03-27 22:31:08','2026-03-27 22:40:43','09eea93a6c357fda','http://app.ximingtech.com:8083/profile/uploaderrorlog/2026/04/13/crash_MOTO_ERROR_2026-04-13_20260413100232A349.log'),(480,'2026-04-09 04:46:45','2026-04-09 05:00:58','09eea93a6c357fda','http://app.ximingtech.com:8083/profile/uploaderrorlog/2026/04/13/crash_NETWORK_ERROR_2025-12-30_13-53-07_20260413100232A350.log'),(481,'2026-03-21 20:02:47','2026-03-21 20:06:45','09eea93a6c357fda','http://app.ximingtech.com:8083/profile/uploaderrorlog/2026/04/13/crash_SERIAL_BUILD_2025-12-30_20260413100232A351.log'),(482,'2026-04-11 13:47:00','2026-04-11 13:54:21','33b3e79844dea4e1','http://app.ximingtech.com:8083/profile/uploaderrorlog/2026/04/13/session_b0afcb0a6a6041e4a90cf44487f107c2_260413_20260413101416A352.zip'),(483,'2026-03-31 21:22:38','2026-03-31 22:06:39','33b3e79844dea4e1','http://app.ximingtech.com:8083/profile/uploaderrorlog/2026/04/13/session_5b27d5aac16547948ec233d9654618b3_260413_20260413101758A353.zip'),(484,'2026-04-01 06:02:02','2026-04-01 06:52:25','33b3e79844dea4e1','http://app.ximingtech.com:8083/profile/uploaderrorlog/2026/04/13/session_5f670b174ba340028c1143c0bb9058d0_260413_20260413103057A354.zip'),(485,'2026-03-15 06:09:45','2026-03-15 06:30:59','33b3e79844dea4e1','http://app.ximingtech.com:8083/profile/uploaderrorlog/2026/04/13/session_196cbbdf37334d4ca3e7410654ffedb1_260413_20260413104346A355.zip'),(486,'2026-03-19 02:41:49','2026-03-19 02:51:57','33b3e79844dea4e1','http://app.ximingtech.com:8083/profile/uploaderrorlog/2026/04/13/session_06650f76499b44ebb286b95ff6a47573_260413_20260413104429A356.zip'),(487,'2026-04-04 07:41:41','2026-04-04 07:43:04','33b3e79844dea4e1','http://app.ximingtech.com:8083/profile/uploaderrorlog/2026/04/13/crash_SERIAL_BUILD_2026-04-13_20260413110348A357.log'),(488,'2026-04-07 13:50:19','2026-04-07 14:45:23','33b3e79844dea4e1','http://app.ximingtech.com:8083/profile/uploaderrorlog/2026/04/13/crash_MOTO_ERROR_2026-04-13_20260413110349A358.log'),(489,'2026-03-14 13:35:39','2026-03-14 13:49:44','33b3e79844dea4e1','http://app.ximingtech.com:8083/profile/uploaderrorlog/2026/04/13/crash_NETWORK_ERROR_2025-09-12_13-02-10_20260413110349A359.log'),(490,'2026-04-08 01:39:27','2026-04-08 01:51:29','33b3e79844dea4e1','http://app.ximingtech.com:8083/profile/uploaderrorlog/2026/04/13/crash_SERIAL_BUILD_2025-09-12_20260413110349A360.log'),(491,'2026-03-30 17:03:21','2026-03-30 17:45:08','33b3e79844dea4e1','http://app.ximingtech.com:8083/profile/uploaderrorlog/2026/04/13/session_81783316813c4cfd9e8684ecc45acd99_250912_20260413110916A361.zip'),(492,'2026-04-10 09:03:36','2026-04-10 09:29:26','33b3e79844dea4e1','http://app.ximingtech.com:8083/profile/uploaderrorlog/2026/04/13/session_febb6fff82b548db8465f918557da485_260413_20260413111553A362.zip'),(493,'2026-03-19 06:32:53','2026-03-19 07:27:38','33b3e79844dea4e1','http://app.ximingtech.com:8083/profile/uploaderrorlog/2026/04/13/session_885d90ba2912446a8cb5df892ad16da6_260413_20260413111820A363.zip'),(494,'2026-04-12 06:47:20','2026-04-12 07:15:13','33b3e79844dea4e1','http://app.ximingtech.com:8083/profile/uploaderrorlog/2026/04/13/session_d3eb7224e6b44c27ad03e000f6b5da9f_260413_20260413111937A364.zip'),(495,'2026-04-07 09:58:12','2026-04-07 10:35:21','a78f37f86e3beabc','http://app.ximingtech.com:8083/profile/uploaderrorlog/2026/04/13/crash_SERIAL_BUILD_2026-04-13_20260413112459A365.log'),(496,'2026-03-29 20:14:36','2026-03-29 20:49:40','a78f37f86e3beabc','http://app.ximingtech.com:8083/profile/uploaderrorlog/2026/04/13/crash_MOTO_ERROR_2026-04-13_20260413112500A366.log'),(497,'2026-03-30 18:48:34','2026-03-30 19:20:30','a78f37f86e3beabc','http://app.ximingtech.com:8083/profile/uploaderrorlog/2026/04/13/crash_SERIAL_BUILD_2026-04-13_20260413113301A367.log'),(498,'2026-04-04 19:06:02','2026-04-04 19:57:15','a78f37f86e3beabc','http://app.ximingtech.com:8083/profile/uploaderrorlog/2026/04/13/crash_SERIAL_BUILD_2026-04-13_20260413113610A368.log'),(499,'2026-04-01 13:32:26','2026-04-01 13:58:08','a78f37f86e3beabc','http://app.ximingtech.com:8083/profile/uploaderrorlog/2026/04/13/session_cf7b78c9d40841cbbab1ff26f5fa6c05_260413_20260413113911A369.zip'),(500,'2026-03-16 01:16:50','2026-03-16 01:44:11','a78f37f86e3beabc','http://app.ximingtech.com:8083/profile/uploaderrorlog/2026/04/13/session_b5f730d645a64471ad371008b725a071_260413_20260413114312A370.zip'),(501,'2026-04-13 12:13:12','2026-04-13 12:13:12','a78f37f86e3beabc','http://app.ximingtech.com:8083/profile/uploaderrorlog/2026/04/13/crash_SERIAL_BUILD_2026-04-13_20260413121312A371.log'),(502,'2026-04-13 12:13:12','2026-04-13 12:13:12','a78f37f86e3beabc','http://app.ximingtech.com:8083/profile/uploaderrorlog/2026/04/13/crash_MOTO_ERROR_2026-04-13_20260413121312A372.log'),(503,'2026-04-13 12:15:18','2026-04-13 12:15:18','a78f37f86e3beabc','http://app.ximingtech.com:8083/profile/uploaderrorlog/2026/04/13/session_d639842db4574af1a01390e631e1e7ba_260413_20260413121518A373.zip'),(504,'2026-04-13 12:26:25','2026-04-13 12:26:25','a78f37f86e3beabc','http://app.ximingtech.com:8083/profile/uploaderrorlog/2026/04/13/session_cf0824a2490542c487f00b04d16b5b96_260413_20260413122625A374.zip'),(505,'2026-04-13 12:27:45','2026-04-13 12:27:45','a78f37f86e3beabc','http://app.ximingtech.com:8083/profile/uploaderrorlog/2026/04/13/crash_SERIAL_BUILD_2026-04-13_20260413122745A375.log'),(506,'2026-04-13 12:27:45','2026-04-13 12:27:45','a78f37f86e3beabc','http://app.ximingtech.com:8083/profile/uploaderrorlog/2026/04/13/crash_MOTO_ERROR_2026-04-13_20260413122745A376.log'),(507,'2026-04-13 12:27:46','2026-04-13 12:27:46','a78f37f86e3beabc','http://app.ximingtech.com:8083/profile/uploaderrorlog/2026/04/13/tombstone_00001776054447154835_1.0.0__com.xm.ark.anr_20260413122746A377.xcrash'),(508,'2026-04-13 12:28:53','2026-04-13 12:28:53','a78f37f86e3beabc','http://app.ximingtech.com:8083/profile/uploaderrorlog/2026/04/13/crash_NETWORK_ERROR_2025-09-12_13-02-11_20260413122853A378.log'),(509,'2026-04-13 12:28:53','2026-04-13 12:28:53','a78f37f86e3beabc','http://app.ximingtech.com:8083/profile/uploaderrorlog/2026/04/13/crash_SERIAL_BUILD_2025-09-12_20260413122853A379.log'),(510,'2026-04-13 12:32:35','2026-04-13 12:32:35','a78f37f86e3beabc','http://app.ximingtech.com:8083/profile/uploaderrorlog/2026/04/13/crash_SERIAL_BUILD_2026-04-13_20260413123235A380.log'),(511,'2026-04-13 12:32:35','2026-04-13 12:32:35','a78f37f86e3beabc','http://app.ximingtech.com:8083/profile/uploaderrorlog/2026/04/13/crash_NETWORK_ERROR_2025-09-12_13-02-10_20260413123235A381.log'),(512,'2026-04-13 12:32:35','2026-04-13 12:32:35','a78f37f86e3beabc','http://app.ximingtech.com:8083/profile/uploaderrorlog/2026/04/13/crash_SERIAL_BUILD_2025-09-12_20260413123235A382.log'),(513,'2026-04-13 12:33:48','2026-04-13 12:33:48','a78f37f86e3beabc','http://app.ximingtech.com:8083/profile/uploaderrorlog/2026/04/13/crash_SERIAL_BUILD_2025-09-12_20260413123348A383.log'),(514,'2026-04-13 12:33:48','2026-04-13 12:33:48','a78f37f86e3beabc','http://app.ximingtech.com:8083/profile/uploaderrorlog/2026/04/13/tombstone_00001757653390564767_1.0.0__com.xm.ark.anr_20260413123348A384.xcrash'),(515,'2026-04-13 12:34:53','2026-04-13 12:34:53','a78f37f86e3beabc','http://app.ximingtech.com:8083/profile/uploaderrorlog/2026/04/13/crash_SERIAL_BUILD_2025-09-12_20260413123453A385.log'),(516,'2026-04-13 12:34:53','2026-04-13 12:34:53','a78f37f86e3beabc','http://app.ximingtech.com:8083/profile/uploaderrorlog/2026/04/13/crash_SERIAL_BUILD_2026-04-13_20260413123453A386.log'),(517,'2026-04-13 12:34:54','2026-04-13 12:34:54','a78f37f86e3beabc','http://app.ximingtech.com:8083/profile/uploaderrorlog/2026/04/13/crash_NETWORK_ERROR_2025-09-12_13-02-10_20260413123454A387.log'),(518,'2026-04-13 12:36:53','2026-04-13 12:36:53','a78f37f86e3beabc','http://app.ximingtech.com:8083/profile/uploaderrorlog/2026/04/13/session_57221cb5acd54f4594219db611fb8bf1_250912_20260413123653A388.zip'),(519,'2026-04-13 14:22:02','2026-04-13 14:22:02','33b3e79844dea4e1','http://app.ximingtech.com:8083/profile/uploaderrorlog/2026/04/13/session_ca452a06ca8e4406bf097bd753860094_260413_20260413142202A389.zip'),(520,'2026-04-13 14:29:06','2026-04-13 14:29:06','33b3e79844dea4e1','http://app.ximingtech.com:8083/profile/uploaderrorlog/2026/04/13/session_dd18bb3ba431416a8b145819c64ca431_260413_20260413142906A390.zip'),(521,'2026-04-13 14:29:59','2026-04-13 14:29:59','33b3e79844dea4e1','http://app.ximingtech.com:8083/profile/uploaderrorlog/2026/04/13/session_365c95e4123741d0aa30ae42c188c3ec_260413_20260413142959A391.zip'),(522,'2026-04-13 14:56:45','2026-04-13 14:56:45','33b3e79844dea4e1','http://app.ximingtech.com:8083/profile/uploaderrorlog/2026/04/13/session_ada2a9a497cd4d5faae48418272adba1_260413_20260413145645A392.zip'),(523,'2026-04-13 15:02:48','2026-04-13 15:02:48','33b3e79844dea4e1','http://app.ximingtech.com:8083/profile/uploaderrorlog/2026/04/13/session_16b8968f54ff474d928e28a625e581fd_260413_20260413150248A393.zip'),(524,'2026-04-13 15:28:36','2026-04-13 15:28:36','33b3e79844dea4e1','http://app.ximingtech.com:8083/profile/uploaderrorlog/2026/04/13/crash_SERIAL_BUILD_2026-04-13_20260413152836A394.log'),(525,'2026-04-13 15:28:36','2026-04-13 15:28:36','33b3e79844dea4e1','http://app.ximingtech.com:8083/profile/uploaderrorlog/2026/04/13/crash_MOTO_ERROR_2026-04-13_20260413152836A395.log'),(526,'2026-04-13 15:28:55','2026-04-13 15:28:55','e54114a5738cfad8','http://app.ximingtech.com:8083/profile/uploaderrorlog/2026/04/13/crash_SERIAL_BUILD_2026-04-09_20260413152855A396.log'),(527,'2026-04-13 15:28:55','2026-04-13 15:28:55','e54114a5738cfad8','http://app.ximingtech.com:8083/profile/uploaderrorlog/2026/04/13/crash_MOTO_ERROR_2026-04-09_20260413152855A397.log'),(528,'2026-04-13 15:28:56','2026-04-13 15:28:56','e54114a5738cfad8','http://app.ximingtech.com:8083/profile/uploaderrorlog/2026/04/13/crash_NETWORK_ERROR_2025-11-24_11-19-08_20260413152856A398.log'),(529,'2026-04-13 15:28:56','2026-04-13 15:28:56','e54114a5738cfad8','http://app.ximingtech.com:8083/profile/uploaderrorlog/2026/04/13/crash_SERIAL_BUILD_2025-11-24_20260413152856A399.log'),(530,'2026-04-13 15:28:56','2026-04-13 15:28:56','e54114a5738cfad8','http://app.ximingtech.com:8083/profile/uploaderrorlog/2026/04/13/crash_MOTO_ERROR_2025-11-24_20260413152856A400.log'),(531,'2026-04-13 15:28:56','2026-04-13 15:28:56','e54114a5738cfad8','http://app.ximingtech.com:8083/profile/uploaderrorlog/2026/04/13/crash_MOTO_ERROR_2026-04-10_20260413152856A401.log'),(532,'2026-04-13 15:28:57','2026-04-13 15:28:57','e54114a5738cfad8','http://app.ximingtech.com:8083/profile/uploaderrorlog/2026/04/13/crash_SERIAL_BUILD_2026-04-10_20260413152857A402.log'),(533,'2026-04-13 15:28:57','2026-04-13 15:28:57','e54114a5738cfad8','http://app.ximingtech.com:8083/profile/uploaderrorlog/2026/04/13/crash_SERIAL_BUILD_2026-04-13_20260413152857A403.log'),(534,'2026-04-13 15:28:58','2026-04-13 15:28:58','e54114a5738cfad8','http://app.ximingtech.com:8083/profile/uploaderrorlog/2026/04/13/crash_MOTO_ERROR_2026-04-13_20260413152858A404.log'),(535,'2026-04-13 15:31:39','2026-04-13 15:31:39','33b3e79844dea4e1','http://app.ximingtech.com:8083/profile/uploaderrorlog/2026/04/13/session_4775a883d55d4bc9977cddac0ccb4854_260413_20260413153139A405.zip'),(536,'2026-04-13 15:32:39','2026-04-13 15:32:39','33b3e79844dea4e1','http://app.ximingtech.com:8083/profile/uploaderrorlog/2026/04/13/session_5ca47805b1d5440e9a802f26e4dc6334_260413_20260413153239A406.zip'),(537,'2026-04-13 15:33:33','2026-04-13 15:33:33','33b3e79844dea4e1','http://app.ximingtech.com:8083/profile/uploaderrorlog/2026/04/13/session_93ee5ed15e084105a6411d8dfd89b885_260413_20260413153333A407.zip'),(538,'2026-04-13 15:34:28','2026-04-13 15:34:28','33b3e79844dea4e1','http://app.ximingtech.com:8083/profile/uploaderrorlog/2026/04/13/session_d563f42ff42d4f3a9bb64ee4c312f783_260413_20260413153428A408.zip'),(539,'2026-04-13 15:35:02','2026-04-13 15:35:02','33b3e79844dea4e1','http://app.ximingtech.com:8083/profile/uploaderrorlog/2026/04/13/session_6e81ae6491a347e6b614d77993d5803e_260413_20260413153502A409.zip'),(540,'2026-04-13 15:37:58','2026-04-13 15:37:58','33b3e79844dea4e1','http://app.ximingtech.com:8083/profile/uploaderrorlog/2026/04/13/session_8c277de3076b44aba0e2b8331d754c1d_260413_20260413153758A410.zip'),(541,'2026-04-13 15:52:41','2026-04-13 15:52:41','33b3e79844dea4e1','http://app.ximingtech.com:8083/profile/uploaderrorlog/2026/04/13/session_5c233722e4c14047a775c7fd668a5ca9_260413_20260413155241A411.zip'),(542,'2026-04-13 15:55:36','2026-04-13 15:55:36','33b3e79844dea4e1','http://app.ximingtech.com:8083/profile/uploaderrorlog/2026/04/13/session_b47f5ad31929414699d64d073109f345_260413_20260413155536A412.zip'),(543,'2026-04-13 15:56:18','2026-04-13 15:56:18','33b3e79844dea4e1','http://app.ximingtech.com:8083/profile/uploaderrorlog/2026/04/13/session_af845ee3e8764448bd4d071f8bb44f99_260413_20260413155618A413.zip'),(544,'2026-04-13 15:56:53','2026-04-13 15:56:53','33b3e79844dea4e1','http://app.ximingtech.com:8083/profile/uploaderrorlog/2026/04/13/session_8b32d419e8ca46dc811b879ebf9864f8_260413_20260413155653A414.zip'),(545,'2026-04-13 16:32:42','2026-04-13 16:32:42','33b3e79844dea4e1','http://app.ximingtech.com:8083/profile/uploaderrorlog/2026/04/13/session_17f8577b097f41d1a58495f1c579c731_260413_20260413163242A415.zip'),(546,'2026-04-13 16:34:19','2026-04-13 16:34:19','33b3e79844dea4e1','http://app.ximingtech.com:8083/profile/uploaderrorlog/2026/04/13/session_926a0627255c42fcaa8e37cc12470100_260413_20260413163419A416.zip'),(547,'2026-04-13 16:43:04','2026-04-13 16:43:04','33b3e79844dea4e1','http://app.ximingtech.com:8083/profile/uploaderrorlog/2026/04/13/session_0990c15017dc4b83b79db6f8046e2b5f_260413_20260413164304A417.zip'),(548,'2026-04-13 16:50:43','2026-04-13 16:50:43','33b3e79844dea4e1','http://app.ximingtech.com:8083/profile/uploaderrorlog/2026/04/13/session_e5c5ec8b316d4b7aac84e46e25e68ea1_260413_20260413165043A418.zip'),(549,'2026-04-13 17:23:49','2026-04-13 17:23:49','33b3e79844dea4e1','http://app.ximingtech.com:8083/profile/uploaderrorlog/2026/04/13/crash_SERIAL_BUILD_2026-04-13_20260413172349A419.log'),(550,'2026-04-13 17:23:49','2026-04-13 17:23:49','33b3e79844dea4e1','http://app.ximingtech.com:8083/profile/uploaderrorlog/2026/04/13/crash_MOTO_ERROR_2026-04-13_20260413172349A420.log'),(551,'2026-04-13 17:23:49','2026-04-13 17:23:49','33b3e79844dea4e1','http://app.ximingtech.com:8083/profile/uploaderrorlog/2026/04/13/crash_NETWORK_ERROR_2025-09-12_13-02-10_20260413172349A421.log'),(552,'2026-04-13 17:23:49','2026-04-13 17:23:49','33b3e79844dea4e1','http://app.ximingtech.com:8083/profile/uploaderrorlog/2026/04/13/crash_SERIAL_BUILD_2025-09-12_20260413172349A422.log'),(553,'2026-04-14 08:11:36','2026-04-14 08:11:36','e54114a5738cfad8','http://app.ximingtech.com:8083/profile/uploaderrorlog/2026/04/14/crash_SERIAL_BUILD_2026-04-13_20260414081136A423.log'),(554,'2026-04-14 08:11:36','2026-04-14 08:11:36','e54114a5738cfad8','http://app.ximingtech.com:8083/profile/uploaderrorlog/2026/04/14/crash_MOTO_ERROR_2026-04-13_20260414081136A424.log'),(555,'2026-04-14 08:11:36','2026-04-14 08:11:36','e54114a5738cfad8','http://app.ximingtech.com:8083/profile/uploaderrorlog/2026/04/14/crash_NETWORK_ERROR_2025-11-24_11-19-08_20260414081136A425.log'),(556,'2026-04-14 08:11:36','2026-04-14 08:11:36','e54114a5738cfad8','http://app.ximingtech.com:8083/profile/uploaderrorlog/2026/04/14/crash_SERIAL_BUILD_2025-11-24_20260414081136A426.log'),(557,'2026-04-14 08:12:29','2026-04-14 08:12:29','33b3e79844dea4e1','http://app.ximingtech.com:8083/profile/uploaderrorlog/2026/04/14/crash_NETWORK_ERROR_2025-09-12_13-02-10_20260414081229A427.log'),(558,'2026-04-14 08:12:30','2026-04-14 08:12:30','33b3e79844dea4e1','http://app.ximingtech.com:8083/profile/uploaderrorlog/2026/04/14/crash_SERIAL_BUILD_2025-09-12_20260414081230A428.log'),(559,'2026-04-14 08:14:42','2026-04-14 08:14:42','33b3e79844dea4e1','http://app.ximingtech.com:8083/profile/uploaderrorlog/2026/04/14/session_1ec2a2b63ea94ec0bf49cf0c13ea73c8_260414_20260414081442A429.zip'),(560,'2026-04-14 08:19:25','2026-04-14 08:19:25','33b3e79844dea4e1','http://app.ximingtech.com:8083/profile/uploaderrorlog/2026/04/14/session_31b1765941424eab988813c04697b779_260414_20260414081925A430.zip'),(561,'2026-04-14 10:40:45','2026-04-14 10:40:45','33b3e79844dea4e1','http://app.ximingtech.com:8083/profile/uploaderrorlog/2026/04/14/session_d8113604cb1a4354a0c6a0351842cfb1_260414_20260414104045A431.zip'),(562,'2026-04-14 11:29:31','2026-04-14 11:29:31','33b3e79844dea4e1','http://app.ximingtech.com:8083/profile/uploaderrorlog/2026/04/14/session_e7b0003a8a6b45249d9a77105c81108e_260414_20260414112931A432.zip'),(563,'2026-04-14 11:33:10','2026-04-14 11:33:10','33b3e79844dea4e1','http://app.ximingtech.com:8083/profile/uploaderrorlog/2026/04/14/session_43552e40d20b444e9d66d8b67ebbad26_260414_20260414113310A433.zip'),(564,'2026-04-14 13:07:28','2026-04-14 13:07:28','33b3e79844dea4e1','http://app.ximingtech.com:8083/profile/uploaderrorlog/2026/04/14/session_4c16813da4c24db1963bbd6753479f9a_260414_20260414130728A434.zip'),(565,'2026-04-14 15:03:49','2026-04-14 15:03:49','33b3e79844dea4e1','http://app.ximingtech.com:8083/profile/uploaderrorlog/2026/04/14/session_40aac24837c147bb8d25b97ce28154d5_260414_20260414150349A435.zip'),(566,'2026-04-14 15:20:04','2026-04-14 15:20:04','33b3e79844dea4e1','http://app.ximingtech.com:8083/profile/uploaderrorlog/2026/04/14/crash_SERIAL_BUILD_2026-04-14_20260414152004A436.log'),(567,'2026-04-14 15:20:05','2026-04-14 15:20:05','33b3e79844dea4e1','http://app.ximingtech.com:8083/profile/uploaderrorlog/2026/04/14/crash_MOTO_ERROR_2026-04-14_20260414152005A437.log'),(568,'2026-04-14 15:24:27','2026-04-14 15:24:27','33b3e79844dea4e1','http://app.ximingtech.com:8083/profile/uploaderrorlog/2026/04/14/session_9288f618205449e1a69f9eef56dafc48_260414_20260414152427A438.zip'),(569,'2026-04-14 15:30:57','2026-04-14 15:30:57','33b3e79844dea4e1','http://app.ximingtech.com:8083/profile/uploaderrorlog/2026/04/14/session_69234b9b2d1847c38f37f93a84f9fe1c_260414_20260414153057A439.zip'),(570,'2026-04-14 15:58:18','2026-04-14 15:58:18','33b3e79844dea4e1','http://app.ximingtech.com:8083/profile/uploaderrorlog/2026/04/14/crash_SERIAL_BUILD_2026-04-14_20260414155818A440.log'),(571,'2026-04-14 15:58:18','2026-04-14 15:58:18','33b3e79844dea4e1','http://app.ximingtech.com:8083/profile/uploaderrorlog/2026/04/14/crash_MOTO_ERROR_2026-04-14_20260414155818A441.log'),(572,'2026-04-14 15:58:19','2026-04-14 15:58:19','33b3e79844dea4e1','http://app.ximingtech.com:8083/profile/uploaderrorlog/2026/04/14/crash_NETWORK_ERROR_2025-09-12_13-02-10_20260414155819A442.log'),(573,'2026-04-14 15:58:19','2026-04-14 15:58:19','33b3e79844dea4e1','http://app.ximingtech.com:8083/profile/uploaderrorlog/2026/04/14/crash_SERIAL_BUILD_2025-09-12_20260414155819A443.log'),(574,'2026-04-14 16:32:29','2026-04-14 16:32:29','33b3e79844dea4e1','http://app.ximingtech.com:8083/profile/uploaderrorlog/2026/04/14/crash_NETWORK_ERROR_2025-09-12_13-02-10_20260414163229A444.log'),(575,'2026-04-14 16:32:29','2026-04-14 16:32:29','33b3e79844dea4e1','http://app.ximingtech.com:8083/profile/uploaderrorlog/2026/04/14/crash_SERIAL_BUILD_2025-09-12_20260414163229A445.log'),(576,'2026-04-14 16:58:19','2026-04-14 16:58:19','33b3e79844dea4e1','http://app.ximingtech.com:8083/profile/uploaderrorlog/2026/04/14/crash_NETWORK_ERROR_2025-09-12_13-02-10_20260414165819A446.log'),(577,'2026-04-14 16:58:19','2026-04-14 16:58:19','33b3e79844dea4e1','http://app.ximingtech.com:8083/profile/uploaderrorlog/2026/04/14/crash_SERIAL_BUILD_2025-09-12_20260414165819A447.log'),(578,'2026-04-14 17:08:37','2026-04-14 17:08:37','33b3e79844dea4e1','http://app.ximingtech.com:8083/profile/uploaderrorlog/2026/04/14/crash_NETWORK_ERROR_2025-09-12_13-02-10_20260414170837A448.log'),(579,'2026-04-14 17:08:37','2026-04-14 17:08:37','33b3e79844dea4e1','http://app.ximingtech.com:8083/profile/uploaderrorlog/2026/04/14/crash_SERIAL_BUILD_2025-09-12_20260414170837A449.log'),(580,'2026-04-14 17:21:52','2026-04-14 17:21:52','33b3e79844dea4e1','http://app.ximingtech.com:8083/profile/uploaderrorlog/2026/04/14/crash_NETWORK_ERROR_2025-09-12_13-02-10_20260414172152A450.log'),(581,'2026-04-14 17:21:52','2026-04-14 17:21:52','33b3e79844dea4e1','http://app.ximingtech.com:8083/profile/uploaderrorlog/2026/04/14/crash_SERIAL_BUILD_2025-09-12_20260414172152A451.log'),(582,'2026-04-14 17:25:40','2026-04-14 17:25:40','33b3e79844dea4e1','http://app.ximingtech.com:8083/profile/uploaderrorlog/2026/04/14/session_e1da5c1b6eb6420ebce272d92df157e7_260414_20260414172540A452.zip'),(583,'2026-04-14 17:30:06','2026-04-14 17:30:06','33b3e79844dea4e1','http://app.ximingtech.com:8083/profile/uploaderrorlog/2026/04/14/session_fccb46a9fd0843f38d66cdf86bbc3ba7_260414_20260414173005A453.zip'),(584,'2026-04-15 08:48:15','2026-04-15 08:48:15','33b3e79844dea4e1','http://app.ximingtech.com:8083/profile/uploaderrorlog/2026/04/15/crash_SERIAL_BUILD_2026-04-14_20260415084815A454.log'),(585,'2026-04-15 08:48:16','2026-04-15 08:48:16','33b3e79844dea4e1','http://app.ximingtech.com:8083/profile/uploaderrorlog/2026/04/15/crash_MOTO_ERROR_2026-04-14_20260415084816A455.log'),(586,'2026-04-15 08:48:16','2026-04-15 08:48:16','33b3e79844dea4e1','http://app.ximingtech.com:8083/profile/uploaderrorlog/2026/04/15/crash_NETWORK_ERROR_2025-09-12_13-02-10_20260415084816A456.log'),(587,'2026-04-15 08:48:16','2026-04-15 08:48:16','33b3e79844dea4e1','http://app.ximingtech.com:8083/profile/uploaderrorlog/2026/04/15/crash_SERIAL_BUILD_2025-09-12_20260415084816A457.log'),(588,'2026-04-15 08:58:19','2026-04-15 08:58:19','e54114a5738cfad8','http://app.ximingtech.com:8083/profile/uploaderrorlog/2026/04/15/crash_SERIAL_BUILD_2026-04-14_20260415085819A458.log'),(589,'2026-04-15 08:58:20','2026-04-15 08:58:20','e54114a5738cfad8','http://app.ximingtech.com:8083/profile/uploaderrorlog/2026/04/15/crash_MOTO_ERROR_2026-04-14_20260415085820A459.log'),(590,'2026-04-15 08:58:20','2026-04-15 08:58:20','e54114a5738cfad8','http://app.ximingtech.com:8083/profile/uploaderrorlog/2026/04/15/crash_NETWORK_ERROR_2025-11-24_11-19-08_20260415085820A460.log'),(591,'2026-04-15 08:58:21','2026-04-15 08:58:21','e54114a5738cfad8','http://app.ximingtech.com:8083/profile/uploaderrorlog/2026/04/15/crash_SERIAL_BUILD_2025-11-24_20260415085821A461.log'),(592,'2026-04-15 08:59:02','2026-04-15 08:59:02','33b3e79844dea4e1','http://app.ximingtech.com:8083/profile/uploaderrorlog/2026/04/15/crash_NETWORK_ERROR_2025-09-12_13-02-10_20260415085902A462.log'),(593,'2026-04-15 08:59:02','2026-04-15 08:59:02','33b3e79844dea4e1','http://app.ximingtech.com:8083/profile/uploaderrorlog/2026/04/15/crash_SERIAL_BUILD_2025-09-12_20260415085902A463.log'),(594,'2026-04-15 11:20:49','2026-04-15 11:20:49','0269109dc7ea990b','http://app.ximingtech.com:8083/profile/uploaderrorlog/2026/04/15/crash_SERIAL_BUILD_2026-02-25_20260415112049A464.log'),(595,'2026-04-15 11:20:49','2026-04-15 11:20:49','0269109dc7ea990b','http://app.ximingtech.com:8083/profile/uploaderrorlog/2026/04/15/crash_NETWORK_ERROR_2025-08-12_15-47-41_20260415112049A465.log'),(596,'2026-04-15 11:20:50','2026-04-15 11:20:50','0269109dc7ea990b','http://app.ximingtech.com:8083/profile/uploaderrorlog/2026/04/15/crash_SERIAL_BUILD_2025-08-12_20260415112050A466.log'),(597,'2026-04-15 11:20:50','2026-04-15 11:20:50','0269109dc7ea990b','http://app.ximingtech.com:8083/profile/uploaderrorlog/2026/04/15/crash_SERIAL_BUILD_2026-03-21_20260415112050A467.log'),(598,'2026-04-15 11:20:50','2026-04-15 11:20:50','0269109dc7ea990b','http://app.ximingtech.com:8083/profile/uploaderrorlog/2026/04/15/crash_NETWORK_ERROR_2025-08-12_15-47-42_20260415112050A468.log'),(599,'2026-04-15 11:20:51','2026-04-15 11:20:51','0269109dc7ea990b','http://app.ximingtech.com:8083/profile/uploaderrorlog/2026/04/15/crash_SERIAL_BUILD_2026-03-23_20260415112051A469.log'),(600,'2026-04-15 11:23:57','2026-04-15 11:23:57','0269109dc7ea990b','http://app.ximingtech.com:8083/profile/uploaderrorlog/2026/04/15/crash_SERIAL_BUILD_2026-04-15_20260415112357A470.log'),(601,'2026-04-15 16:32:19','2026-04-15 16:32:19','33b3e79844dea4e1','http://app.ximingtech.com:8083/profile/uploaderrorlog/2026/04/15/crash_MOTO_ERROR_2025-09-12_20260415163219A471.log'),(602,'2026-04-15 16:32:19','2026-04-15 16:32:19','33b3e79844dea4e1','http://app.ximingtech.com:8083/profile/uploaderrorlog/2026/04/15/crash_NETWORK_ERROR_2025-09-12_13-02-10_20260415163219A472.log'),(603,'2026-04-15 16:32:19','2026-04-15 16:32:19','33b3e79844dea4e1','http://app.ximingtech.com:8083/profile/uploaderrorlog/2026/04/15/crash_SERIAL_BUILD_2025-09-12_20260415163219A473.log'),(604,'2026-04-15 16:32:20','2026-04-15 16:32:20','33b3e79844dea4e1','http://app.ximingtech.com:8083/profile/uploaderrorlog/2026/04/15/crash_NETWORK_ERROR_2025-09-12_13-02-11_20260415163220A474.log'),(605,'2026-04-15 16:36:36','2026-04-15 16:36:36','33b3e79844dea4e1','http://app.ximingtech.com:8083/profile/uploaderrorlog/2026/04/15/crash_SERIAL_BUILD_2026-04-15_20260415163636A475.log'),(606,'2026-04-15 16:36:36','2026-04-15 16:36:36','33b3e79844dea4e1','http://app.ximingtech.com:8083/profile/uploaderrorlog/2026/04/15/crash_MOTO_ERROR_2026-04-15_20260415163636A476.log'),(607,'2026-04-15 16:36:37','2026-04-15 16:36:37','33b3e79844dea4e1','http://app.ximingtech.com:8083/profile/uploaderrorlog/2026/04/15/crash_NETWORK_ERROR_2025-09-12_13-02-10_20260415163637A477.log'),(608,'2026-04-15 16:36:37','2026-04-15 16:36:37','33b3e79844dea4e1','http://app.ximingtech.com:8083/profile/uploaderrorlog/2026/04/15/crash_SERIAL_BUILD_2025-09-12_20260415163637A478.log'),(609,'2026-04-15 16:39:11','2026-04-15 16:39:11','33b3e79844dea4e1','http://app.ximingtech.com:8083/profile/uploaderrorlog/2026/04/15/crash_SERIAL_BUILD_2026-04-15_20260415163911A479.log'),(610,'2026-04-15 16:39:11','2026-04-15 16:39:11','33b3e79844dea4e1','http://app.ximingtech.com:8083/profile/uploaderrorlog/2026/04/15/crash_MOTO_ERROR_2026-04-15_20260415163911A480.log'),(611,'2026-04-15 16:39:11','2026-04-15 16:39:11','33b3e79844dea4e1','http://app.ximingtech.com:8083/profile/uploaderrorlog/2026/04/15/crash_NETWORK_ERROR_2025-09-12_13-02-10_20260415163911A481.log'),(612,'2026-04-15 16:39:11','2026-04-15 16:39:11','33b3e79844dea4e1','http://app.ximingtech.com:8083/profile/uploaderrorlog/2026/04/15/crash_SERIAL_BUILD_2025-09-12_20260415163911A482.log'),(613,'2026-04-16 08:11:44','2026-04-16 08:11:44','33b3e79844dea4e1','http://app.ximingtech.com:8083/profile/uploaderrorlog/2026/04/16/crash_SERIAL_BUILD_2026-04-15_20260416081144A483.log'),(614,'2026-04-16 08:11:45','2026-04-16 08:11:45','33b3e79844dea4e1','http://app.ximingtech.com:8083/profile/uploaderrorlog/2026/04/16/crash_MOTO_ERROR_2026-04-15_20260416081145A484.log'),(615,'2026-04-16 08:11:45','2026-04-16 08:11:45','33b3e79844dea4e1','http://app.ximingtech.com:8083/profile/uploaderrorlog/2026/04/16/crash_NETWORK_ERROR_2025-09-12_13-02-10_20260416081145A485.log'),(616,'2026-04-16 08:11:45','2026-04-16 08:11:45','33b3e79844dea4e1','http://app.ximingtech.com:8083/profile/uploaderrorlog/2026/04/16/crash_SERIAL_BUILD_2025-09-12_20260416081145A486.log'),(617,'2026-04-16 08:15:17','2026-04-16 08:15:17','33b3e79844dea4e1','http://app.ximingtech.com:8083/profile/uploaderrorlog/2026/04/16/crash_NETWORK_ERROR_2025-09-12_13-02-10_20260416081517A487.log'),(618,'2026-04-16 08:15:17','2026-04-16 08:15:17','33b3e79844dea4e1','http://app.ximingtech.com:8083/profile/uploaderrorlog/2026/04/16/crash_SERIAL_BUILD_2025-09-12_20260416081517A488.log');
/*!40000 ALTER TABLE `error_report_log` ENABLE KEYS */;
UNLOCK TABLES;

--
-- Table structure for table `exa_attachment_category`
--

DROP TABLE IF EXISTS `exa_attachment_category`;
/*!40101 SET @saved_cs_client     = @@character_set_client */;
/*!50503 SET character_set_client = utf8mb4 */;
CREATE TABLE `exa_attachment_category` (
  `id` bigint unsigned NOT NULL AUTO_INCREMENT,
  `created_at` datetime(3) DEFAULT NULL,
  `updated_at` datetime(3) DEFAULT NULL,
  `deleted_at` datetime(3) DEFAULT NULL,
  `name` varchar(255) COLLATE utf8mb4_general_ci DEFAULT NULL COMMENT '分类名称',
  `pid` bigint DEFAULT '0' COMMENT '父节点ID',
  PRIMARY KEY (`id`),
  KEY `idx_exa_attachment_category_deleted_at` (`deleted_at`)
) ENGINE=InnoDB DEFAULT CHARSET=utf8mb4 COLLATE=utf8mb4_general_ci;
/*!40101 SET character_set_client = @saved_cs_client */;

--
-- Dumping data for table `exa_attachment_category`
--

LOCK TABLES `exa_attachment_category` WRITE;
/*!40000 ALTER TABLE `exa_attachment_category` DISABLE KEYS */;
/*!40000 ALTER TABLE `exa_attachment_category` ENABLE KEYS */;
UNLOCK TABLES;

--
-- Table structure for table `exa_customers`
--

DROP TABLE IF EXISTS `exa_customers`;
/*!40101 SET @saved_cs_client     = @@character_set_client */;
/*!50503 SET character_set_client = utf8mb4 */;
CREATE TABLE `exa_customers` (
  `id` bigint unsigned NOT NULL AUTO_INCREMENT,
  `created_at` datetime(3) DEFAULT NULL,
  `updated_at` datetime(3) DEFAULT NULL,
  `deleted_at` datetime(3) DEFAULT NULL,
  `customer_name` varchar(191) COLLATE utf8mb4_general_ci DEFAULT NULL COMMENT '客户名',
  `customer_phone_data` varchar(191) COLLATE utf8mb4_general_ci DEFAULT NULL COMMENT '客户手机号',
  `sys_user_id` bigint unsigned DEFAULT NULL COMMENT '管理ID',
  `sys_user_authority_id` bigint unsigned DEFAULT NULL COMMENT '管理角色ID',
  PRIMARY KEY (`id`),
  KEY `idx_exa_customers_deleted_at` (`deleted_at`)
) ENGINE=InnoDB DEFAULT CHARSET=utf8mb4 COLLATE=utf8mb4_general_ci;
/*!40101 SET character_set_client = @saved_cs_client */;

--
-- Dumping data for table `exa_customers`
--

LOCK TABLES `exa_customers` WRITE;
/*!40000 ALTER TABLE `exa_customers` DISABLE KEYS */;
/*!40000 ALTER TABLE `exa_customers` ENABLE KEYS */;
UNLOCK TABLES;

--
-- Table structure for table `exa_file_chunks`
--

DROP TABLE IF EXISTS `exa_file_chunks`;
/*!40101 SET @saved_cs_client     = @@character_set_client */;
/*!50503 SET character_set_client = utf8mb4 */;
CREATE TABLE `exa_file_chunks` (
  `id` bigint unsigned NOT NULL AUTO_INCREMENT,
  `created_at` datetime(3) DEFAULT NULL,
  `updated_at` datetime(3) DEFAULT NULL,
  `deleted_at` datetime(3) DEFAULT NULL,
  `exa_file_id` bigint unsigned DEFAULT NULL,
  `file_chunk_number` bigint DEFAULT NULL,
  `file_chunk_path` varchar(191) COLLATE utf8mb4_general_ci DEFAULT NULL,
  PRIMARY KEY (`id`),
  KEY `idx_exa_file_chunks_deleted_at` (`deleted_at`)
) ENGINE=InnoDB DEFAULT CHARSET=utf8mb4 COLLATE=utf8mb4_general_ci;
/*!40101 SET character_set_client = @saved_cs_client */;

--
-- Dumping data for table `exa_file_chunks`
--

LOCK TABLES `exa_file_chunks` WRITE;
/*!40000 ALTER TABLE `exa_file_chunks` DISABLE KEYS */;
/*!40000 ALTER TABLE `exa_file_chunks` ENABLE KEYS */;
UNLOCK TABLES;

--
-- Table structure for table `exa_file_upload_and_downloads`
--

DROP TABLE IF EXISTS `exa_file_upload_and_downloads`;
/*!40101 SET @saved_cs_client     = @@character_set_client */;
/*!50503 SET character_set_client = utf8mb4 */;
CREATE TABLE `exa_file_upload_and_downloads` (
  `id` bigint unsigned NOT NULL AUTO_INCREMENT,
  `created_at` datetime(3) DEFAULT NULL,
  `updated_at` datetime(3) DEFAULT NULL,
  `deleted_at` datetime(3) DEFAULT NULL,
  `name` varchar(191) COLLATE utf8mb4_general_ci DEFAULT NULL COMMENT '文件名',
  `class_id` bigint DEFAULT '0' COMMENT '分类id',
  `url` varchar(191) COLLATE utf8mb4_general_ci DEFAULT NULL COMMENT '文件地址',
  `tag` varchar(191) COLLATE utf8mb4_general_ci DEFAULT NULL COMMENT '文件标签',
  `key` varchar(191) COLLATE utf8mb4_general_ci DEFAULT NULL COMMENT '编号',
  PRIMARY KEY (`id`),
  KEY `idx_exa_file_upload_and_downloads_deleted_at` (`deleted_at`)
) ENGINE=InnoDB AUTO_INCREMENT=4 DEFAULT CHARSET=utf8mb4 COLLATE=utf8mb4_general_ci;
/*!40101 SET character_set_client = @saved_cs_client */;

--
-- Dumping data for table `exa_file_upload_and_downloads`
--

LOCK TABLES `exa_file_upload_and_downloads` WRITE;
/*!40000 ALTER TABLE `exa_file_upload_and_downloads` DISABLE KEYS */;
INSERT INTO `exa_file_upload_and_downloads` VALUES (1,'2026-04-15 11:36:52.264','2026-04-15 11:36:52.264',NULL,'10.png',0,'https://qmplusimg.henrongyi.top/gvalogo.png','png','158787308910.png'),(2,'2026-04-15 11:36:52.264','2026-04-15 11:36:52.264',NULL,'logo.png',0,'https://qmplusimg.henrongyi.top/1576554439myAvatar.png','png','1587973709logo.png'),(3,'2026-04-16 20:50:08.464','2026-04-16 20:50:08.464',NULL,'【哲风壁纸】动漫角色-名侦探柯南.png',0,'uploads/file/ce126449a7e8860dcac8bf787ef4c790_20260416205008.png','png','ce126449a7e8860dcac8bf787ef4c790_20260416205008.png');
/*!40000 ALTER TABLE `exa_file_upload_and_downloads` ENABLE KEYS */;
UNLOCK TABLES;

--
-- Table structure for table `exa_files`
--

DROP TABLE IF EXISTS `exa_files`;
/*!40101 SET @saved_cs_client     = @@character_set_client */;
/*!50503 SET character_set_client = utf8mb4 */;
CREATE TABLE `exa_files` (
  `id` bigint unsigned NOT NULL AUTO_INCREMENT,
  `created_at` datetime(3) DEFAULT NULL,
  `updated_at` datetime(3) DEFAULT NULL,
  `deleted_at` datetime(3) DEFAULT NULL,
  `file_name` varchar(191) COLLATE utf8mb4_general_ci DEFAULT NULL,
  `file_md5` varchar(191) COLLATE utf8mb4_general_ci DEFAULT NULL,
  `file_path` varchar(191) COLLATE utf8mb4_general_ci DEFAULT NULL,
  `chunk_total` bigint DEFAULT NULL,
  `is_finish` tinyint(1) DEFAULT NULL,
  PRIMARY KEY (`id`),
  KEY `idx_exa_files_deleted_at` (`deleted_at`)
) ENGINE=InnoDB DEFAULT CHARSET=utf8mb4 COLLATE=utf8mb4_general_ci;
/*!40101 SET character_set_client = @saved_cs_client */;

--
-- Dumping data for table `exa_files`
--

LOCK TABLES `exa_files` WRITE;
/*!40000 ALTER TABLE `exa_files` DISABLE KEYS */;
/*!40000 ALTER TABLE `exa_files` ENABLE KEYS */;
UNLOCK TABLES;

--
-- Table structure for table `gen_table`
--

DROP TABLE IF EXISTS `gen_table`;
/*!40101 SET @saved_cs_client     = @@character_set_client */;
/*!50503 SET character_set_client = utf8mb4 */;
CREATE TABLE `gen_table` (
  `table_id` bigint NOT NULL AUTO_INCREMENT COMMENT '编号',
  `table_name` varchar(200) DEFAULT '' COMMENT '表名称',
  `table_comment` varchar(500) DEFAULT '' COMMENT '表描述',
  `sub_table_name` varchar(64) DEFAULT NULL COMMENT '关联子表的表名',
  `sub_table_fk_name` varchar(64) DEFAULT NULL COMMENT '子表关联的外键名',
  `class_name` varchar(100) DEFAULT '' COMMENT '实体类名称',
  `tpl_category` varchar(200) DEFAULT 'crud' COMMENT '使用的模板（crud单表操作 tree树表操作）',
  `package_name` varchar(100) DEFAULT NULL COMMENT '生成包路径',
  `module_name` varchar(30) DEFAULT NULL COMMENT '生成模块名',
  `business_name` varchar(30) DEFAULT NULL COMMENT '生成业务名',
  `function_name` varchar(50) DEFAULT NULL COMMENT '生成功能名',
  `function_author` varchar(50) DEFAULT NULL COMMENT '生成功能作者',
  `gen_type` char(1) DEFAULT '0' COMMENT '生成代码方式（0zip压缩包 1自定义路径）',
  `gen_path` varchar(200) DEFAULT '/' COMMENT '生成路径（不填默认项目路径）',
  `options` varchar(1000) DEFAULT NULL COMMENT '其它生成选项',
  `create_by` varchar(64) DEFAULT '' COMMENT '创建者',
  `create_time` datetime DEFAULT NULL COMMENT '创建时间',
  `update_by` varchar(64) DEFAULT '' COMMENT '更新者',
  `update_time` datetime DEFAULT NULL COMMENT '更新时间',
  `remark` varchar(500) DEFAULT NULL COMMENT '备注',
  PRIMARY KEY (`table_id`) USING BTREE
) ENGINE=InnoDB AUTO_INCREMENT=9 DEFAULT CHARSET=utf8mb3 ROW_FORMAT=DYNAMIC COMMENT='代码生成业务表';
/*!40101 SET character_set_client = @saved_cs_client */;

--
-- Dumping data for table `gen_table`
--

LOCK TABLES `gen_table` WRITE;
/*!40000 ALTER TABLE `gen_table` DISABLE KEYS */;
INSERT INTO `gen_table` VALUES (2,'mx_user','用户信息表',NULL,NULL,'MxUser','crud','com.ruoyi.system','system','user','用户信息','ruoyi','0','/',NULL,'admin','2024-08-05 10:49:30','',NULL,NULL),(3,'mx_store','门店信息表',NULL,NULL,'MxStore','crud','com.ruoyi.system','system','store','门店信息','ruoyi','0','/',NULL,'admin','2024-08-05 17:03:06','',NULL,NULL),(4,'mx_store_member','门店成员信息表',NULL,NULL,'MxStoreMember','crud','com.ruoyi.system','system','member','门店成员信息','ruoyi','0','/',NULL,'admin','2024-08-05 17:03:06','',NULL,NULL),(5,'optometry_data','眼镜验光数据表',NULL,NULL,'OptometryData','crud','com.ruoyi.system','system','data','眼镜验光数据','ruoyi','0','/',NULL,'admin','2024-08-06 14:16:33','',NULL,NULL),(6,'optometry_records','验光记录表',NULL,NULL,'OptometryRecords','crud','com.ruoyi.system','system','records','验光记录','ruoyi','0','/',NULL,'admin','2024-08-06 14:16:33','',NULL,NULL),(7,'vision_test_results','视图验光数据表',NULL,NULL,'VisionTestResults','crud','com.ruoyi.system','system','results','视图验光数据','ruoyi','0','/',NULL,'admin','2024-08-12 11:07:09','',NULL,NULL),(8,'try_optometry','试戴验光表',NULL,NULL,'TryOptometry','crud','com.ruoyi.system','system','optometry','试戴验光','ruoyi','0','/',NULL,'admin','2024-08-12 11:07:22','',NULL,NULL);
/*!40000 ALTER TABLE `gen_table` ENABLE KEYS */;
UNLOCK TABLES;

--
-- Table structure for table `gen_table_column`
--

DROP TABLE IF EXISTS `gen_table_column`;
/*!40101 SET @saved_cs_client     = @@character_set_client */;
/*!50503 SET character_set_client = utf8mb4 */;
CREATE TABLE `gen_table_column` (
  `column_id` bigint NOT NULL AUTO_INCREMENT COMMENT '编号',
  `table_id` bigint DEFAULT NULL COMMENT '归属表编号',
  `column_name` varchar(200) DEFAULT NULL COMMENT '列名称',
  `column_comment` varchar(500) DEFAULT NULL COMMENT '列描述',
  `column_type` varchar(100) DEFAULT NULL COMMENT '列类型',
  `java_type` varchar(500) DEFAULT NULL COMMENT 'JAVA类型',
  `java_field` varchar(200) DEFAULT NULL COMMENT 'JAVA字段名',
  `is_pk` char(1) DEFAULT NULL COMMENT '是否主键（1是）',
  `is_increment` char(1) DEFAULT NULL COMMENT '是否自增（1是）',
  `is_required` char(1) DEFAULT NULL COMMENT '是否必填（1是）',
  `is_insert` char(1) DEFAULT NULL COMMENT '是否为插入字段（1是）',
  `is_edit` char(1) DEFAULT NULL COMMENT '是否编辑字段（1是）',
  `is_list` char(1) DEFAULT NULL COMMENT '是否列表字段（1是）',
  `is_query` char(1) DEFAULT NULL COMMENT '是否查询字段（1是）',
  `query_type` varchar(200) DEFAULT 'EQ' COMMENT '查询方式（等于、不等于、大于、小于、范围）',
  `html_type` varchar(200) DEFAULT NULL COMMENT '显示类型（文本框、文本域、下拉框、复选框、单选框、日期控件）',
  `dict_type` varchar(200) DEFAULT '' COMMENT '字典类型',
  `sort` int DEFAULT NULL COMMENT '排序',
  `create_by` varchar(64) DEFAULT '' COMMENT '创建者',
  `create_time` datetime DEFAULT NULL COMMENT '创建时间',
  `update_by` varchar(64) DEFAULT '' COMMENT '更新者',
  `update_time` datetime DEFAULT NULL COMMENT '更新时间',
  PRIMARY KEY (`column_id`) USING BTREE
) ENGINE=InnoDB AUTO_INCREMENT=112 DEFAULT CHARSET=utf8mb3 ROW_FORMAT=DYNAMIC COMMENT='代码生成业务表字段';
/*!40101 SET character_set_client = @saved_cs_client */;

--
-- Dumping data for table `gen_table_column`
--

LOCK TABLES `gen_table_column` WRITE;
/*!40000 ALTER TABLE `gen_table_column` DISABLE KEYS */;
INSERT INTO `gen_table_column` VALUES (9,2,'user_id','用户ID','bigint(20)','Long','userId','1','1',NULL,'1',NULL,NULL,NULL,'EQ','input','',1,'admin','2024-08-05 10:49:30','','2024-08-05 11:23:02'),(10,2,'create_time','生成日期','datetime','Date','createTime','0','0',NULL,'1',NULL,NULL,NULL,'EQ','datetime','',2,'admin','2024-08-05 10:49:30','','2024-08-05 11:23:02'),(11,2,'update_time','最近编辑时间','datetime','Date','updateTime','0','0',NULL,'1','1',NULL,NULL,'EQ','datetime','',3,'admin','2024-08-05 10:49:30','','2024-08-05 11:23:02'),(12,2,'latest_checkup_date_time','最近检查日期','datetime','Date','latestCheckupDateTime','0','0',NULL,'1','1','1','1','EQ','datetime','',4,'admin','2024-08-05 10:49:30','','2024-08-05 11:23:02'),(13,2,'name','姓名','varchar(24)','String','name','0','0',NULL,'1','1','1','1','LIKE','input','',5,'admin','2024-08-05 10:49:30','','2024-08-05 11:23:02'),(14,2,'gender','性别 1:男性 0:女性','int(1)','Integer','gender','0','0',NULL,'1','1','1','1','EQ','input','',6,'admin','2024-08-05 10:49:30','','2024-08-05 11:23:02'),(15,2,'date_of_birth','出生年月','date','Date','dateOfBirth','0','0',NULL,'1','1','1','1','EQ','datetime','',7,'admin','2024-08-05 10:49:30','','2024-08-05 11:23:02'),(16,2,'age','年龄','int(11)','Long','age','0','0',NULL,'1','1','1','1','EQ','input','',8,'admin','2024-08-05 10:49:30','','2024-08-05 11:23:02'),(17,2,'phone_number','手机号码','varchar(50)','String','phoneNumber','0','0','1','1','1','1','1','EQ','input','',9,'admin','2024-08-05 10:49:30','','2024-08-05 11:23:02'),(18,2,'qq_number','qq号','varchar(50)','String','qqNumber','0','0',NULL,'1','1','1','1','EQ','input','',11,'admin','2024-08-05 10:49:30','','2024-08-05 11:23:02'),(19,2,'email_address','邮箱','varchar(50)','String','emailAddress','0','0',NULL,'1','1','1','1','EQ','input','',12,'admin','2024-08-05 10:49:30','','2024-08-05 11:23:02'),(20,2,'identification_number','身份证号','varchar(50)','String','identificationNumber','0','0',NULL,'1','1','1','1','EQ','input','',13,'admin','2024-08-05 10:49:30','','2024-08-05 11:23:02'),(21,2,'wechat','微信','varchar(50)','String','wechat','0','0',NULL,'1','1','1','1','EQ','input','',14,'admin','2024-08-05 10:49:30','','2024-08-05 11:23:02'),(22,2,'medical_insurance_account','医保账号','varchar(50)','String','medicalInsuranceAccount','0','0',NULL,'1','1','1','1','EQ','input','',15,'admin','2024-08-05 10:49:30','','2024-08-05 11:23:02'),(23,2,'city','城市','varchar(50)','String','city','0','0',NULL,'1','1','1','1','EQ','input','',16,'admin','2024-08-05 10:49:30','','2024-08-05 11:23:02'),(24,2,'contact_address','联系地址','varchar(500)','String','contactAddress','0','0',NULL,'1','1','1','1','EQ','textarea','',17,'admin','2024-08-05 10:49:30','','2024-08-05 11:23:02'),(25,2,'occupation','职业','varchar(50)','String','occupation','0','0',NULL,'1','1','1','1','EQ','input','',18,'admin','2024-08-05 10:49:30','','2024-08-05 11:23:02'),(26,2,'company','单位','varchar(50)','String','company','0','0',NULL,'1','1','1','1','EQ','input','',19,'admin','2024-08-05 10:49:30','','2024-08-05 11:23:02'),(27,2,'remarks','备注','varchar(500)','String','remarks','0','0',NULL,'1','1','1','1','EQ','textarea','',20,'admin','2024-08-05 10:49:30','','2024-08-05 11:23:02'),(28,2,'glasses_need','配镜需求','varchar(50)','String','glassesNeed','0','0',NULL,'1','1','1','1','EQ','input','',21,'admin','2024-08-05 10:49:30','','2024-08-05 11:23:02'),(29,2,'dominant_eye','主视眼','varchar(50)','String','dominantEye','0','0',NULL,'1','1','1','1','EQ','input','',22,'admin','2024-08-05 10:49:30','','2024-08-05 11:23:02'),(30,2,'is_delete','逻辑删0否1是','int(1)','Integer','isDelete','0','0',NULL,'1','1','1','1','EQ','input','',23,'admin','2024-08-05 10:49:30','','2024-08-05 11:23:02'),(31,2,'password','密码','varchar(255)','String','password','0','0','1','1','1','1','1','EQ','input','',10,'','2024-08-05 11:23:02','',NULL),(32,3,'store_id','门店ID','bigint(20)','Long','storeId','1','1',NULL,'1',NULL,NULL,NULL,'EQ','input','',1,'admin','2024-08-05 17:03:06','',NULL),(33,3,'create_time','创建日期','datetime','Date','createTime','0','0',NULL,'1',NULL,NULL,NULL,'EQ','datetime','',2,'admin','2024-08-05 17:03:06','',NULL),(34,3,'update_time','更新时间','datetime','Date','updateTime','0','0',NULL,'1','1',NULL,NULL,'EQ','datetime','',3,'admin','2024-08-05 17:03:06','',NULL),(35,3,'user_id','用户ID','bigint(20)','Long','userId','0','0','1','1','1','1','1','EQ','input','',4,'admin','2024-08-05 17:03:06','',NULL),(36,3,'brand_id','品牌编号','varchar(50)','String','brandId','0','0',NULL,'1','1','1','1','EQ','input','',5,'admin','2024-08-05 17:03:06','',NULL),(37,3,'store_number','门店编号','varchar(50)','String','storeNumber','0','0',NULL,'1','1','1','1','EQ','input','',6,'admin','2024-08-05 17:03:06','',NULL),(38,3,'store_name_english','门店名称','varchar(50)','String','storeNameEnglish','0','0',NULL,'1','1','1','1','EQ','input','',7,'admin','2024-08-05 17:03:06','',NULL),(39,3,'is_delete','逻辑删0否1是','int(1)','Integer','isDelete','0','0',NULL,'1','1','1','1','EQ','input','',8,'admin','2024-08-05 17:03:06','',NULL),(40,4,'store_id','门店ID','bigint(20)','Long','storeId','1','1',NULL,'1',NULL,NULL,NULL,'EQ','input','',1,'admin','2024-08-05 17:03:06','',NULL),(41,4,'create_time','创建日期','datetime','Date','createTime','0','0',NULL,'1',NULL,NULL,NULL,'EQ','datetime','',2,'admin','2024-08-05 17:03:06','',NULL),(42,4,'update_time','更新时间','datetime','Date','updateTime','0','0',NULL,'1','1',NULL,NULL,'EQ','datetime','',3,'admin','2024-08-05 17:03:06','',NULL),(43,4,'user_id','用户ID','bigint(20)','Long','userId','0','0','1','1','1','1','1','EQ','input','',4,'admin','2024-08-05 17:03:06','',NULL),(44,4,'post','职位：1店长，2验光师，3顾客','bigint(20)','Long','post','0','0','1','1','1','1','1','EQ','input','',5,'admin','2024-08-05 17:03:06','',NULL),(45,4,'is_delete','逻辑删0否1是','int(1)','Integer','isDelete','0','0',NULL,'1','1','1','1','EQ','input','',6,'admin','2024-08-05 17:03:06','',NULL),(46,5,'optometry_id','眼镜验光ID','bigint(20)','Long','optometryId','1','1',NULL,'1',NULL,NULL,NULL,'EQ','input','',1,'admin','2024-08-06 14:16:33','',NULL),(47,5,'optometry_records_id','验光记录ID','bigint(20)','Long','optometryRecordsId','0','0',NULL,'1','1','1','1','EQ','input','',2,'admin','2024-08-06 14:16:33','',NULL),(48,5,'create_time','创建日期','datetime','Date','createTime','0','0',NULL,'1',NULL,NULL,NULL,'EQ','datetime','',3,'admin','2024-08-06 14:16:33','',NULL),(49,5,'update_time','更新时间','datetime','Date','updateTime','0','0',NULL,'1','1',NULL,NULL,'EQ','datetime','',4,'admin','2024-08-06 14:16:33','',NULL),(50,5,'spherical_mirror','球镜数据','varchar(50)','String','sphericalMirror','0','0',NULL,'1','1','1','1','EQ','input','',5,'admin','2024-08-06 14:16:33','',NULL),(51,5,'cylindrical_mirror','柱镜数据','varchar(50)','String','cylindricalMirror','0','0',NULL,'1','1','1','1','EQ','input','',6,'admin','2024-08-06 14:16:33','',NULL),(52,5,'position_of_axis','轴位数据','varchar(50)','String','positionOfAxis','0','0',NULL,'1','1','1','1','EQ','input','',7,'admin','2024-08-06 14:16:33','',NULL),(53,5,'addend','ADD数据','varchar(50)','String','addend','0','0',NULL,'1','1','1','1','EQ','input','',8,'admin','2024-08-06 14:16:33','',NULL),(54,5,'distance_of_pupil','瞳距数据','varchar(50)','String','distanceOfPupil','0','0',NULL,'1','1','1','1','EQ','input','',9,'admin','2024-08-06 14:16:33','',NULL),(55,5,'horizontal_prism','水平棱镜数据','varchar(50)','String','horizontalPrism','0','0',NULL,'1','1','1','1','EQ','input','',10,'admin','2024-08-06 14:16:33','',NULL),(56,5,'vertical_prism','垂直棱镜数据','varchar(50)','String','verticalPrism','0','0',NULL,'1','1','1','1','EQ','input','',11,'admin','2024-08-06 14:16:33','',NULL),(57,5,'type','分类数据（1=电脑验光仪，2=查片仪，3=验光头，4=最终配镜）','int(1)','Integer','type','0','0','1','1','1','1','1','EQ','select','',12,'admin','2024-08-06 14:16:33','',NULL),(58,5,'near_far','远近数据（0=远，1=近）','int(1)','Integer','nearFar','0','0',NULL,'1','1','1','1','EQ','input','',13,'admin','2024-08-06 14:16:33','',NULL),(59,5,'left_right_eyes','左右眼数据（0=左眼，1=右眼）','int(1)','Integer','leftRightEyes','0','0','1','1','1','1','1','EQ','input','',14,'admin','2024-08-06 14:16:33','',NULL),(60,6,'optometry_records_id','验光记录ID','bigint(20)','Long','optometryRecordsId','1','1',NULL,'1',NULL,NULL,NULL,'EQ','input','',1,'admin','2024-08-06 14:16:34','',NULL),(61,6,'create_time','创建日期','datetime','Date','createTime','0','0',NULL,'1',NULL,NULL,NULL,'EQ','datetime','',2,'admin','2024-08-06 14:16:34','',NULL),(62,6,'update_time','更新时间','datetime','Date','updateTime','0','0',NULL,'1','1',NULL,NULL,'EQ','datetime','',3,'admin','2024-08-06 14:16:34','',NULL),(63,6,'customer_id','顾客ID','bigint(20)','Long','customerId','0','0',NULL,'1','1','1','1','EQ','input','',4,'admin','2024-08-06 14:16:34','',NULL),(64,6,'customer_name','顾客姓名','varchar(255)','String','customerName','0','0','1','1','1','1','1','LIKE','input','',5,'admin','2024-08-06 14:16:34','',NULL),(65,6,'optometrist_id','验光师ID','bigint(20)','Long','optometristId','0','0','1','1','1','1','1','EQ','input','',6,'admin','2024-08-06 14:16:34','',NULL),(66,6,'optometrist_name','验光师姓名','varchar(255)','String','optometristName','0','0',NULL,'1','1','1','1','LIKE','input','',7,'admin','2024-08-06 14:16:34','',NULL),(67,6,'store_id','门店ID','bigint(20)','Long','storeId','0','0','1','1','1','1','1','EQ','input','',8,'admin','2024-08-06 14:16:34','',NULL),(68,6,'store_name','门店名称','varchar(255)','String','storeName','0','0','1','1','1','1','1','LIKE','input','',9,'admin','2024-08-06 14:16:34','',NULL),(69,6,'store_phone','门店电话','varchar(20)','String','storePhone','0','0','1','1','1','1','1','EQ','input','',10,'admin','2024-08-06 14:16:34','',NULL),(70,7,'results_id',NULL,'int(11)','Long','resultsId','1','1',NULL,'1',NULL,NULL,NULL,'EQ','input','',1,'admin','2024-08-12 11:07:09','',NULL),(71,7,'optometry_records_id','验光记录ID','bigint(20)','Long','optometryRecordsId','0','0',NULL,'1','1','1','1','EQ','input','',2,'admin','2024-08-12 11:07:09','',NULL),(72,7,'create_time','创建日期','datetime','Date','createTime','0','0',NULL,'1',NULL,NULL,NULL,'EQ','datetime','',3,'admin','2024-08-12 11:07:09','',NULL),(73,7,'update_time','更新时间','datetime','Date','updateTime','0','0',NULL,'1','1',NULL,NULL,'EQ','datetime','',4,'admin','2024-08-12 11:07:09','',NULL),(74,7,'ww4points','沃氏4点','varchar(50)','String','ww4points','0','0',NULL,'1','1','1','1','EQ','input','',5,'admin','2024-08-12 11:07:09','',NULL),(75,7,'stereo_view','立体观','varchar(50)','String','stereoView','0','0',NULL,'1','1','1','1','EQ','input','',6,'admin','2024-08-12 11:07:09','',NULL),(76,7,'vgf_bi','隐斜（远）BI','varchar(50)','String','vgfBi','0','0',NULL,'1','1','1','1','EQ','input','',7,'admin','2024-08-12 11:07:09','',NULL),(77,7,'vgf_bu','隐斜（远）BU','varchar(50)','String','vgfBu','0','0',NULL,'1','1','1','1','EQ','input','',8,'admin','2024-08-12 11:07:09','',NULL),(78,7,'pnif_bi_1','正负融像（远）BI1','varchar(50)','String','pnifBi1','0','0',NULL,'1','1','1','1','EQ','input','',9,'admin','2024-08-12 11:07:09','',NULL),(79,7,'pnif_bi_2','正负融像（远）BI2','varchar(50)','String','pnifBi2','0','0',NULL,'1','1','1','1','EQ','input','',10,'admin','2024-08-12 11:07:09','',NULL),(80,7,'pnif_bi_3','正负融像（远）BI3','varchar(50)','String','pnifBi3','0','0',NULL,'1','1','1','1','EQ','input','',11,'admin','2024-08-12 11:07:09','',NULL),(81,7,'pnif_bu_1','正负融像（远）BU1','varchar(50)','String','pnifBu1','0','0',NULL,'1','1','1','1','EQ','input','',12,'admin','2024-08-12 11:07:09','',NULL),(82,7,'pnif_bu_2','正负融像（远）BU2','varchar(50)','String','pnifBu2','0','0',NULL,'1','1','1','1','EQ','input','',13,'admin','2024-08-12 11:07:09','',NULL),(83,7,'pnif_bu_3','正负融像（远）BU3','varchar(50)','String','pnifBu3','0','0',NULL,'1','1','1','1','EQ','input','',14,'admin','2024-08-12 11:07:09','',NULL),(84,7,'vgn_bi','隐斜（近）BI','varchar(50)','String','vgnBi','0','0',NULL,'1','1','1','1','EQ','input','',15,'admin','2024-08-12 11:07:09','',NULL),(85,7,'vgn_bu','隐斜（近）BU','varchar(50)','String','vgnBu','0','0',NULL,'1','1','1','1','EQ','input','',16,'admin','2024-08-12 11:07:09','',NULL),(86,7,'aca','梯度法','varchar(50)','String','aca','0','0',NULL,'1','1','1','1','EQ','input','',17,'admin','2024-08-12 11:07:09','',NULL),(87,7,'pnin_bi_1','正负融像（近）BI1','varchar(50)','String','pninBi1','0','0',NULL,'1','1','1','1','EQ','input','',18,'admin','2024-08-12 11:07:09','',NULL),(88,7,'pnin_bi_2','正负融像（近）BI2','varchar(50)','String','pninBi2','0','0',NULL,'1','1','1','1','EQ','input','',19,'admin','2024-08-12 11:07:09','',NULL),(89,7,'pnin_bi_3','正负融像（近）BI3','varchar(50)','String','pninBi3','0','0',NULL,'1','1','1','1','EQ','input','',20,'admin','2024-08-12 11:07:09','',NULL),(90,7,'pnin_bu_1','正负融像（近）BU1','varchar(50)','String','pninBu1','0','0',NULL,'1','1','1','1','EQ','input','',21,'admin','2024-08-12 11:07:09','',NULL),(91,7,'pnin_bu_2','正负融像（近）BU2','varchar(50)','String','pninBu2','0','0',NULL,'1','1','1','1','EQ','input','',22,'admin','2024-08-12 11:07:09','',NULL),(92,7,'pnin_bu_3','正负融像（近）BU3','varchar(50)','String','pninBu3','0','0',NULL,'1','1','1','1','EQ','input','',23,'admin','2024-08-12 11:07:09','',NULL),(93,7,'nra','负相对调节NRA','varchar(50)','String','nra','0','0',NULL,'1','1','1','1','EQ','input','',24,'admin','2024-08-12 11:07:09','',NULL),(94,7,'bcc','调节反应BCC','varchar(255)','String','bcc','0','0',NULL,'1','1','1','1','EQ','input','',25,'admin','2024-08-12 11:07:09','',NULL),(95,7,'pra','正相对调节PRA','varchar(255)','String','pra','0','0',NULL,'1','1','1','1','EQ','input','',26,'admin','2024-08-12 11:07:09','',NULL),(96,7,'reverse_beat','反转拍','varchar(50)','String','reverseBeat','0','0',NULL,'1','1','1','1','EQ','input','',27,'admin','2024-08-12 11:07:09','',NULL),(97,7,'visual_chart','视力表','varchar(50)','String','visualChart','0','0',NULL,'1','1','1','1','EQ','input','',28,'admin','2024-08-12 11:07:09','',NULL),(98,7,'binoculus','双眼','varchar(50)','String','binoculus','0','0',NULL,'1','1','1','1','EQ','input','',29,'admin','2024-08-12 11:07:09','',NULL),(99,7,'left_eye','左眼','varchar(50)','String','leftEye','0','0',NULL,'1','1','1','1','EQ','input','',30,'admin','2024-08-12 11:07:09','',NULL),(100,7,'right_eye','右眼','varchar(50)','String','rightEye','0','0',NULL,'1','1','1','1','EQ','input','',31,'admin','2024-08-12 11:07:09','',NULL),(101,7,'try_optometry_id','试戴验光id','bigint(20)','Long','tryOptometryId','0','0',NULL,'1','1','1','1','EQ','input','',32,'admin','2024-08-12 11:07:09','',NULL),(102,7,'diagnosis_name','诊断名称','bigint(20)','Long','diagnosisName','0','0',NULL,'1','1','1','1','LIKE','input','',33,'admin','2024-08-12 11:07:09','',NULL),(103,7,'diagnosis_abnormal','诊断异常名称','varchar(50)','String','diagnosisAbnormal','0','0',NULL,'1','1','1','1','EQ','input','',34,'admin','2024-08-12 11:07:09','',NULL),(104,7,'rests','其他','varchar(255)','String','rests','0','0',NULL,'1','1','1','1','EQ','input','',35,'admin','2024-08-12 11:07:09','',NULL),(105,7,'sugggestions','建议方案','varchar(255)','String','sugggestions','0','0',NULL,'1','1','1','1','EQ','input','',36,'admin','2024-08-12 11:07:09','',NULL),(106,8,'try_optometry_id','主键ID','int(11)','Long','tryOptometryId','1','1',NULL,'1',NULL,NULL,NULL,'EQ','input','',1,'admin','2024-08-12 11:07:22','',NULL),(107,8,'left_right_eyes','左右眼睛（0左，1右）','int(11)','Long','leftRightEyes','0','0',NULL,'1','1','1','1','EQ','input','',2,'admin','2024-08-12 11:07:22','',NULL),(108,8,'spherical_mirror','球镜','varchar(50)','String','sphericalMirror','0','0',NULL,'1','1','1','1','EQ','input','',3,'admin','2024-08-12 11:07:22','',NULL),(109,8,'cylindrical_mirror','柱镜','varchar(50)','String','cylindricalMirror','0','0',NULL,'1','1','1','1','EQ','input','',4,'admin','2024-08-12 11:07:22','',NULL),(110,8,'position_of_axis','轴位','varchar(50)','String','positionOfAxis','0','0',NULL,'1','1','1','1','EQ','input','',5,'admin','2024-08-12 11:07:22','',NULL),(111,8,'addend','ADD','varchar(50)','String','addend','0','0',NULL,'1','1','1','1','EQ','input','',6,'admin','2024-08-12 11:07:22','',NULL);
/*!40000 ALTER TABLE `gen_table_column` ENABLE KEYS */;
UNLOCK TABLES;

--
-- Table structure for table `goods_category`
--

DROP TABLE IF EXISTS `goods_category`;
/*!40101 SET @saved_cs_client     = @@character_set_client */;
/*!50503 SET character_set_client = utf8mb4 */;
CREATE TABLE `goods_category` (
  `id` varchar(32) CHARACTER SET utf8mb4 COLLATE utf8mb4_croatian_ci NOT NULL COMMENT 'PK',
  `enable` char(2) COLLATE utf8mb4_croatian_ci NOT NULL COMMENT '（1：开启；0：关闭）',
  `parent_id` varchar(32) CHARACTER SET utf8mb4 COLLATE utf8mb4_croatian_ci DEFAULT NULL COMMENT '父分类编号',
  `name` varchar(16) CHARACTER SET utf8mb4 COLLATE utf8mb4_croatian_ci DEFAULT NULL COMMENT '名称',
  `description` varchar(255) CHARACTER SET utf8mb4 COLLATE utf8mb4_croatian_ci DEFAULT NULL COMMENT '描述',
  `pic_url` varchar(255) CHARACTER SET utf8mb4 COLLATE utf8mb4_croatian_ci DEFAULT NULL COMMENT '图片',
  `sort` smallint DEFAULT NULL COMMENT '排序',
  `create_time` datetime(3) DEFAULT NULL COMMENT '创建时间',
  `update_time` datetime(3) DEFAULT NULL COMMENT '最后更新时间',
  `del_flag` char(2) COLLATE utf8mb4_croatian_ci DEFAULT '0' COMMENT '逻辑删除标记',
  PRIMARY KEY (`id`) USING BTREE
) ENGINE=InnoDB DEFAULT CHARSET=utf8mb4 COLLATE=utf8mb4_croatian_ci ROW_FORMAT=DYNAMIC COMMENT='分类表';
/*!40101 SET character_set_client = @saved_cs_client */;

--
-- Dumping data for table `goods_category`
--

LOCK TABLES `goods_category` WRITE;
/*!40000 ALTER TABLE `goods_category` DISABLE KEYS */;
INSERT INTO `goods_category` VALUES ('1900362375073705986','1','0','镜框','','/profile/upload/2025/04/02/O1CN01kFoUtK27ezMftJV2n_!!2213854717823-0-cib_20250402160607A001.jpg',1,'2025-03-14 09:44:31.000','2026-04-16 09:59:56.000','0'),('1900364456392208385','1','1900362375073705986','军达','军达，显白，放大你的眼','/profile/upload/2025/04/02/O1CN01a248j423ffZy7Wy5R_!!2212057487283-0-cib_20250402160623A002.jpg',1,'2025-03-14 09:52:48.000','2026-04-16 10:00:12.000','0'),('1900364702459441153','1','1900362375073705986','科迪讯','款式多，库存多，发货迅速','/profile/upload/2025/04/02/O1CN01aDLmEj250Z4n2wWGK_!!2209559537464-0-cib_20250402160638A003.jpg',2,'2025-03-14 09:53:46.000','2025-03-14 09:53:46.000','0'),('1900364881426198529','1','1900362375073705986','仟伊','高级感十足','/profile/upload/2025/04/02/O1CN01YzjaWa1xPk5BrPYfI_!!2212781886436-0-cib_20250402160649A004.jpg',3,'2025-03-14 09:54:29.000','2025-03-14 09:54:29.000','0'),('1910138691179040769','1','0','镜片','','/profile/upload/2025/04/10/9208511322_708216336_20250410091206A001.jpg',2,'2025-04-10 09:12:07.000','2025-04-10 09:12:07.000','0'),('1910138691179041236','1','1910138691179040769','视特耐','','/profile/upload/2025/04/10/O1CN01Eq9Q1T1Yar7kkYjcp_!!3044073076-0-cib_20250410091520A002.jpg',1,'2025-04-10 09:14:30.000','2025-04-10 09:15:06.000','0'),('1910139821145509890','1','1910138691179040769','蔡司','','/profile/upload/2025/04/10/蔡司_20250410103353A004.jpg',2,'2025-04-10 09:16:36.000','2025-04-10 09:16:36.000','0'),('1910139977504968706','1','1910138691179040769','凯米','','/profile/upload/2025/04/10/O1CN01hAKK232LM7YodZFG1_!!1856649677-0-cib_20250410091712A004.jpg',3,'2025-04-10 09:17:13.000','2025-04-10 09:17:13.000','0'),('1910147834342289410','1','1910138691179040769','明月','','/profile/upload/2025/04/10/明月_20250410094825A001.jpg',4,'2025-04-10 09:48:27.000','2025-04-10 09:48:27.000','0');
/*!40000 ALTER TABLE `goods_category` ENABLE KEYS */;
UNLOCK TABLES;

--
-- Table structure for table `goods_spu`
--

DROP TABLE IF EXISTS `goods_spu`;
/*!40101 SET @saved_cs_client     = @@character_set_client */;
/*!50503 SET character_set_client = utf8mb4 */;
CREATE TABLE `goods_spu` (
  `id` varchar(32) CHARACTER SET utf8mb4 COLLATE utf8mb4_croatian_ci NOT NULL COMMENT 'PK',
  `spu_code` varchar(32) CHARACTER SET utf8mb4 COLLATE utf8mb4_croatian_ci DEFAULT NULL COMMENT 'spu编码',
  `name` varchar(200) CHARACTER SET utf8mb4 COLLATE utf8mb4_croatian_ci NOT NULL DEFAULT '' COMMENT 'spu名字',
  `sell_point` varchar(500) CHARACTER SET utf8mb4 COLLATE utf8mb4_croatian_ci NOT NULL DEFAULT '' COMMENT '卖点',
  `description` text CHARACTER SET utf8mb4 COLLATE utf8mb4_croatian_ci NOT NULL COMMENT '描述',
  `category_first` varchar(32) CHARACTER SET utf8mb4 COLLATE utf8mb4_croatian_ci NOT NULL COMMENT '一级分类ID',
  `category_second` varchar(32) CHARACTER SET utf8mb4 COLLATE utf8mb4_croatian_ci DEFAULT NULL COMMENT '二级分类ID',
  `tag` varchar(255) CHARACTER SET utf8mb4 COLLATE utf8mb4_croatian_ci DEFAULT NULL COMMENT '标签',
  `pic_urls` varchar(1024) CHARACTER SET utf8mb4 COLLATE utf8mb4_croatian_ci NOT NULL DEFAULT '' COMMENT '商品图片',
  `shelf` char(2) CHARACTER SET utf8mb4 COLLATE utf8mb4_croatian_ci NOT NULL DEFAULT '0' COMMENT '是否上架（1是 0否）',
  `sort` int NOT NULL DEFAULT '0' COMMENT '排序字段',
  `sales_price` decimal(10,2) DEFAULT NULL COMMENT '销售价格',
  `market_price` decimal(10,2) DEFAULT NULL COMMENT '市场价',
  `cost_price` decimal(10,2) DEFAULT NULL COMMENT '成本价',
  `stock` int NOT NULL DEFAULT '0' COMMENT '库存',
  `sale_num` int DEFAULT '0' COMMENT '销量',
  `create_time` datetime(3) DEFAULT NULL COMMENT '创建时间',
  `update_time` datetime(3) DEFAULT NULL COMMENT '最后更新时间',
  `del_flag` char(2) COLLATE utf8mb4_croatian_ci NOT NULL DEFAULT '0' COMMENT '逻辑删除标记',
  `version` bigint DEFAULT NULL,
  `sales_num` bigint DEFAULT '0' COMMENT '销量',
  PRIMARY KEY (`id`) USING BTREE,
  FULLTEXT KEY `idx_fulltext_search` (`name`,`sell_point`,`description`,`tag`) /*!50100 WITH PARSER `ngram` */ 
) ENGINE=InnoDB DEFAULT CHARSET=utf8mb4 COLLATE=utf8mb4_croatian_ci ROW_FORMAT=DYNAMIC COMMENT='商品表';
/*!40101 SET character_set_client = @saved_cs_client */;

--
-- Dumping data for table `goods_spu`
--

LOCK TABLES `goods_spu` WRITE;
/*!40000 ALTER TABLE `goods_spu` DISABLE KEYS */;
INSERT INTO `goods_spu` VALUES ('1900363838747389953','','军达-冰蓝色镜框','好看','噶安徽就卡死爱迪生\n','1900362375073705986','1900364456392208385','国产,进口','[\"/profile/upload/2025/04/16/bls_20250416185945A029.jpg\",\"uploads/file/ce126449a7e8860dcac8bf787ef4c790_20260416205008.png\"]','1',0,0.01,0.01,9.00,946,28,'2025-03-14 09:50:20.000','2026-04-16 20:50:12.863','0',131,0),('1900378351710318593','2312','金色','高端大气','<p>噶安徽就卡死爱迪生的两个角色公司开了个看</p><p>安徽卡号</p><p>司法考试计划阿萨分类\n</p>','1900362375073705986','1900364456392208385','国产','[\"/profile/upload/2025/04/07/O1CN01a4p6a523ffIYFl6XA_!!2212057487283-0-cib_20250402162410A007_20250407111457A001.jpg\"]','1',0,0.01,12.00,10.00,489,27,'2025-03-14 10:48:01.000','2025-03-19 09:41:27.000','0',37,0),('1900378673224691713','2122','简约椭圆','时尚高颜值','asdzx','1900362375073705986','1900364456392208385','进口','[\"/profile/upload/2025/04/14/O1CN01rwlGpu23ffZwigOaQ_!!2212057487283-0-cib_20250414084955A009.jpg\"]','1',0,0.01,12.00,10.00,699,22,'2025-03-14 10:49:17.000','2025-03-19 11:05:33.000','0',18,0),('1900379604263710721','2124','优雅精致纯钛架','纯钛，斯文典雅，万搭','zxczx','1900362375073705986','1900364456392208385','进口','[\"/profile/upload/2025/04/16/O1CN01a4p6a523ffIYFl6XA_!!2212057487283-0-cib_20250402162410A007_20250416194940A002.jpg\"]','1',0,0.01,18.00,13.00,2499,123,'2025-03-14 10:52:59.000','2025-03-19 11:05:33.000','0',15,0),('1900382455924862977','','星耀黑银','高级感','<p> asda</p>','1900362375073705986','1900364881426198529','进口','[\"/profile/upload/2025/04/02/2_20250402162503A010.jpg\"]','1',0,0.01,14.00,10.00,6,26,'2025-03-14 11:04:19.000','2025-03-19 11:05:33.000','0',10,0),('1900382773244932098','','巴黎灰岛','神秘','<p>mnhsd</p>','1900362375073705986','1900364881426198529','国产','[\"/profile/upload/2025/04/02/O1CN01fiWHYn250Yylo5yp4_!!2209559537464-0-cib_20250402162518A011.jpg\"]','1',0,0.01,15.00,11.00,9,29,'2025-03-14 11:05:35.000','2025-03-19 09:41:31.000','0',8,0),('1900383214020145154','','方框男生镜框','细腻质感，立体轮廓','123132','1900362375073705986','1900364702459441153','国产','[\"/dev-api/profile/upload/2025/04/02/O1CN01aDLmEj250Z4n2wWGK_!!2209559537464-0-cib_20250402162529A012.jpg\"]','1',0,50.00,22.00,15.00,99,129,'2025-03-14 11:07:20.000','2025-03-19 09:41:32.000','0',4,0),('1900383473018417154','111','全框','轻便，耐摔','<p>hyh</p>','1900362375073705986','1900364702459441153','全框','[\"/profile/upload/2025/04/02/O1CN01AVDr61250ZBTE7nQD_!!2209559537464-0-cib_20250402162542A013.jpg\"]','1',0,0.01,18.00,13.00,148,66,'2025-03-14 11:08:22.000','2025-03-19 11:05:22.000','0',6,0),('1900384263716024321','112','商务男士半框','高品质，轻奢高尚','<p>jih</p>','1900362375073705986','1900364702459441153','半框,进口','[\"/profile/upload/2025/04/02/O1CN01YzjaWa1xPk5BrPYfI_!!2212781886436-0-cib_20250402162556A014.jpg\"]','1',0,0.01,34.00,17.00,199,204,'2025-03-14 11:11:30.000','2025-03-24 13:18:39.000','0',2,0),('1900384575709327362','113','潮色金属半框','真空IP电镀','&lt;!DOCTYPE html&gt;&lt;html lang=\"en\"&gt;&lt;head&gt;    &lt;meta charset=\"UTF-8\"&gt;    &lt;meta name=\"viewport\" content=\"width=device-width, initial-scale=1.0\"&gt;    &lt;title&gt;商品介绍&lt;/title&gt;    &lt;style&gt;        body {            font-family: Arial, sans-serif;            line-height: 1.6;            margin: 0;            padding: 0;            background-color: #f4f4f4;        }        .container {            width: 80%;            margin: auto;            overflow: hidden;        }        .product-intro {            background: #fff;            padding: 20px;            margin-top: 20px;            border-radius: 5px;            box-shadow: 0 0 10px rgba(0, 0, 0, 0.1);        }        .product-intro h1 {            color: #333;        }        .product-intro img {            max-width: 100%;            height: auto;            margin-bottom: 20px;        }        .product-intro p {            margin-bottom: 10px;        }        .product-intro ul {            margin: 0;            padding: 0;            list-style: none;        }        .product-intro ul li {            margin-bottom: 10px;            padding-left: 20px;            position: relative;        }        .product-intro ul li::before {            content: \"•\";            position: absolute;            left: 0;            color: #ff6347;            font-size: 20px;        }        .product-intro .price {            font-size: 24px;            color: #ff6347;            margin-top: 20px;        }        .product-intro .btn {            display: inline-block;            background: #ff6347;            color: #fff;            padding: 10px 20px;            text-decoration: none;            border-radius: 5px;            margin-top: 20px;        }        .product-intro .btn:hover {            background: #e0533e;        }    &lt;/style&gt;&lt;/head&gt;&lt;body&gt;    &lt;div class=\"container\"&gt;        &lt;div class=\"product-intro\"&gt;            &lt;h1&gt;智能手表&lt;/h1&gt;            &lt;img src=\"https://via.placeholder.com/500x300\" alt=\"智能手表\"&gt;            &lt;p&gt;这是一款功能强大的智能手表，适合追求时尚与科技的您。&lt;/p&gt;            &lt;ul&gt;                &lt;li&gt;高清触摸屏，操作流畅便捷&lt;/li&gt;                &lt;li&gt;多种运动模式，满足您的运动需求&lt;/li&gt;                &lt;li&gt;健康监测功能，实时关注您的身体状况&lt;/li&gt;                &lt;li&gt;长续航电池，让您无需频繁充电&lt;/li&gt;            &lt;/ul&gt;            &lt;div class=\"price\"&gt;￥999.00&lt;/div&gt;                  &lt;/div&gt;    &lt;/div&gt;&lt;/body&gt;&lt;/html&gt;','1900362375073705986','1900364702459441153','进口,全框','[\"/dev-api/profile/upload/2025/04/02/O1CN01zd7cxa250ZGppw10H_!!2209559537464-0-cib_20250402162609A015.jpg\"]','1',0,10.00,28.00,16.00,189,142,'2025-03-14 11:12:44.000','2025-03-24 13:18:58.000','0',7,0),('1910142888230309889','1231321','蔡司','进口','<p>国际大品牌</p>','1910138691179040769','1910139821145509890','进口,树脂','[\"/profile/upload/2025/04/10/cs1_20250410103456A005.jpg\"]','1',0,0.01,12.00,7.00,99994,4,'2025-04-10 09:28:47.000','2025-04-10 09:28:47.000','0',9,0),('1910148048591532034','','明月','超亮高清超薄非球面防蓝光定制近视高度配眼镜片','耐磨，易清洁','1910138691179040769','1910147834342289410','树脂','[\"/profile/upload/2025/04/10/明月_20250410102247A003.jpg\"]','1',0,0.01,9.00,6.00,9998,0,'2025-04-10 09:49:18.000','2026-04-16 13:09:54.391','0',5,0);
/*!40000 ALTER TABLE `goods_spu` ENABLE KEYS */;
UNLOCK TABLES;

--
-- Table structure for table `goods_spu_banners`
--

DROP TABLE IF EXISTS `goods_spu_banners`;
/*!40101 SET @saved_cs_client     = @@character_set_client */;
/*!50503 SET character_set_client = utf8mb4 */;
CREATE TABLE `goods_spu_banners` (
  `id` int NOT NULL AUTO_INCREMENT COMMENT 'ID',
  `goods_spu_id` varchar(32) DEFAULT NULL COMMENT '商品SPU ID',
  `banner_img_url` varchar(255) DEFAULT NULL COMMENT '图片',
  `create_time` datetime(3) DEFAULT NULL COMMENT '创建时间',
  `update_time` datetime(3) DEFAULT NULL COMMENT '更新时间',
  PRIMARY KEY (`id`) USING BTREE
) ENGINE=InnoDB AUTO_INCREMENT=6 DEFAULT CHARSET=utf8mb4 COLLATE=utf8mb4_0900_ai_ci ROW_FORMAT=DYNAMIC COMMENT='轮播图表';
/*!40101 SET character_set_client = @saved_cs_client */;

--
-- Dumping data for table `goods_spu_banners`
--

LOCK TABLES `goods_spu_banners` WRITE;
/*!40000 ALTER TABLE `goods_spu_banners` DISABLE KEYS */;
INSERT INTO `goods_spu_banners` VALUES (2,'1900384263716024321','/profile/upload/2025/04/14/O1CN01a4p6a523ffIYFl6XA_!!2212057487283-0-cib_20250402162410A007_20250414102400A019.jpg','2025-04-13 16:46:40.000','2025-04-14 10:24:01.000'),(4,'1900378351710318593','/profile/upload/2025/04/14/bls_20250414103725A022.jpg','2025-04-13 17:02:57.000','2025-04-14 10:37:27.000'),(5,'1910142888230309889','/profile/upload/2025/04/14/bls_20250414103824A023.jpg','2025-04-13 17:03:49.000','2025-04-14 10:38:25.000');
/*!40000 ALTER TABLE `goods_spu_banners` ENABLE KEYS */;
UNLOCK TABLES;

--
-- Table structure for table `gva_announcements_info`
--

DROP TABLE IF EXISTS `gva_announcements_info`;
/*!40101 SET @saved_cs_client     = @@character_set_client */;
/*!50503 SET character_set_client = utf8mb4 */;
CREATE TABLE `gva_announcements_info` (
  `id` bigint unsigned NOT NULL AUTO_INCREMENT,
  `created_at` datetime(3) DEFAULT NULL,
  `updated_at` datetime(3) DEFAULT NULL,
  `deleted_at` datetime(3) DEFAULT NULL,
  `title` varchar(191) COLLATE utf8mb4_general_ci DEFAULT NULL COMMENT '公告标题',
  `content` text COLLATE utf8mb4_general_ci COMMENT '公告内容',
  `user_id` bigint DEFAULT NULL COMMENT '发布者',
  `attachments` json DEFAULT NULL COMMENT '相关附件',
  PRIMARY KEY (`id`),
  KEY `idx_gva_announcements_info_deleted_at` (`deleted_at`)
) ENGINE=InnoDB DEFAULT CHARSET=utf8mb4 COLLATE=utf8mb4_general_ci;
/*!40101 SET character_set_client = @saved_cs_client */;

--
-- Dumping data for table `gva_announcements_info`
--

LOCK TABLES `gva_announcements_info` WRITE;
/*!40000 ALTER TABLE `gva_announcements_info` DISABLE KEYS */;
/*!40000 ALTER TABLE `gva_announcements_info` ENABLE KEYS */;
UNLOCK TABLES;

--
-- Table structure for table `installing_packages`
--

DROP TABLE IF EXISTS `installing_packages`;
/*!40101 SET @saved_cs_client     = @@character_set_client */;
/*!50503 SET character_set_client = utf8mb4 */;
CREATE TABLE `installing_packages` (
  `installing_id` int NOT NULL AUTO_INCREMENT COMMENT '安装包ID',
  `create_time` datetime(3) DEFAULT NULL COMMENT '创建时间',
  `update_time` datetime(3) DEFAULT NULL COMMENT '更新时间',
  `package_name` varchar(100) COLLATE utf8mb4_unicode_ci DEFAULT NULL COMMENT '包名',
  `app` varchar(100) COLLATE utf8mb4_unicode_ci DEFAULT NULL COMMENT '应用名称',
  `url` varchar(500) COLLATE utf8mb4_unicode_ci DEFAULT NULL COMMENT '应用下载地址',
  `version_code` int DEFAULT NULL COMMENT '版本号',
  `version_name` varchar(50) COLLATE utf8mb4_unicode_ci DEFAULT NULL COMMENT '应用版本',
  `note` text COLLATE utf8mb4_unicode_ci COMMENT '更新内容',
  `forced_updating` int DEFAULT '0' COMMENT '是否强制更新0否1是',
  `create_by` varchar(64) COLLATE utf8mb4_unicode_ci DEFAULT NULL COMMENT '创建者',
  `update_by` varchar(64) COLLATE utf8mb4_unicode_ci DEFAULT NULL COMMENT '更新者',
  `remark` varchar(500) COLLATE utf8mb4_unicode_ci DEFAULT NULL COMMENT '备注',
  `app_name` varchar(100) COLLATE utf8mb4_unicode_ci DEFAULT NULL COMMENT '应用名称',
  `app_version` varchar(50) COLLATE utf8mb4_unicode_ci DEFAULT NULL COMMENT '应用版本',
  `app_url` varchar(500) COLLATE utf8mb4_unicode_ci DEFAULT NULL COMMENT '应用下载地址',
  `force_update` int DEFAULT '0' COMMENT '是否强制更新0否1是',
  `update_content` text COLLATE utf8mb4_unicode_ci COMMENT '更新内容',
  `package_type` int DEFAULT NULL COMMENT '包类型1APP2键盘3验光仪4手动验光仪',
  `status` int DEFAULT '1' COMMENT '状态0禁用1启用',
  PRIMARY KEY (`installing_id`) USING BTREE
) ENGINE=InnoDB AUTO_INCREMENT=4 DEFAULT CHARSET=utf8mb4 COLLATE=utf8mb4_unicode_ci ROW_FORMAT=DYNAMIC COMMENT='安装包表';
/*!40101 SET character_set_client = @saved_cs_client */;

--
-- Dumping data for table `installing_packages`
--

LOCK TABLES `installing_packages` WRITE;
/*!40000 ALTER TABLE `installing_packages` DISABLE KEYS */;
INSERT INTO `installing_packages` VALUES (1,'2024-09-27 13:12:06.000','2026-04-16 10:12:09.455','平板安装包','牛头APP','http://admin.ximingtech.com:81/profile/upload/apk/2026/04/13/app-debug_20260413162745A001.apk',NULL,'1','修复已知问题',0,NULL,NULL,NULL,NULL,NULL,NULL,0,NULL,NULL,1),(2,'2024-09-27 13:12:23.000',NULL,'键盘安装包','牛头APP','xxx',1,NULL,'',0,NULL,NULL,NULL,NULL,NULL,NULL,0,NULL,NULL,1),(3,NULL,'2026-04-16 10:12:02.832','验光仪安装包','验光仪','http://admin.ximingtech.com:81/profile/upload/apk/2026/04/14/xm_ark_sys_1.0.0_20260414150848A002.apk',NULL,'32','修复已知问题',0,NULL,NULL,NULL,NULL,NULL,NULL,0,NULL,NULL,1);
/*!40000 ALTER TABLE `installing_packages` ENABLE KEYS */;
UNLOCK TABLES;

--
-- Table structure for table `jwt_blacklists`
--

DROP TABLE IF EXISTS `jwt_blacklists`;
/*!40101 SET @saved_cs_client     = @@character_set_client */;
/*!50503 SET character_set_client = utf8mb4 */;
CREATE TABLE `jwt_blacklists` (
  `id` bigint unsigned NOT NULL AUTO_INCREMENT,
  `created_at` datetime(3) DEFAULT NULL,
  `updated_at` datetime(3) DEFAULT NULL,
  `deleted_at` datetime(3) DEFAULT NULL,
  `jwt` text COLLATE utf8mb4_general_ci COMMENT 'jwt',
  PRIMARY KEY (`id`),
  KEY `idx_jwt_blacklists_deleted_at` (`deleted_at`)
) ENGINE=InnoDB AUTO_INCREMENT=8 DEFAULT CHARSET=utf8mb4 COLLATE=utf8mb4_general_ci;
/*!40101 SET character_set_client = @saved_cs_client */;

--
-- Dumping data for table `jwt_blacklists`
--

LOCK TABLES `jwt_blacklists` WRITE;
/*!40000 ALTER TABLE `jwt_blacklists` DISABLE KEYS */;
INSERT INTO `jwt_blacklists` VALUES (1,'2026-04-15 13:34:30.243','2026-04-15 13:34:30.243',NULL,'eyJhbGciOiJIUzI1NiIsInR5cCI6IkpXVCJ9.eyJVVUlEIjoiZGFiMmNiYzItZTVjYi00ZDJjLWFlYWItNjkzZTc0NWIxYzU3IiwiSUQiOjEsIlVzZXJuYW1lIjoiYWRtaW4iLCJOaWNrTmFtZSI6Ik1yLuWlh-a3vCIsIkF1dGhvcml0eUlkIjo4ODgsIkJ1ZmZlclRpbWUiOjg2NDAwLCJpc3MiOiJxbVBsdXMiLCJhdWQiOlsiR1ZBIl0sImV4cCI6MTc3NjgyOTA3MywibmJmIjoxNzc2MjI0MjczfQ.FThOEPcBZBl7s251FpwLU-iIHxo6tWIdjP99KoHa-7s'),(2,'2026-04-15 13:59:40.515','2026-04-15 13:59:40.515',NULL,'eyJhbGciOiJIUzI1NiIsInR5cCI6IkpXVCJ9.eyJVVUlEIjoiZGFiMmNiYzItZTVjYi00ZDJjLWFlYWItNjkzZTc0NWIxYzU3IiwiSUQiOjEsIlVzZXJuYW1lIjoiYWRtaW4iLCJOaWNrTmFtZSI6Ik1yLuWlh-a3vCIsIkF1dGhvcml0eUlkIjo4ODgsIkJ1ZmZlclRpbWUiOjg2NDAwLCJpc3MiOiJxbVBsdXMiLCJhdWQiOlsiR1ZBIl0sImV4cCI6MTc3NjgzNjA4NiwibmJmIjoxNzc2MjMxMjg2fQ.1JDkv9H-dhx0o0hKo0xqXpghVXBdZ0lry5Ry0M5DiAc'),(3,'2026-04-16 08:25:22.067','2026-04-16 08:25:22.067',NULL,'eyJhbGciOiJIUzI1NiIsInR5cCI6IkpXVCJ9.eyJVVUlEIjoiZGFiMmNiYzItZTVjYi00ZDJjLWFlYWItNjkzZTc0NWIxYzU3IiwiSUQiOjEsIlVzZXJuYW1lIjoiYWRtaW4iLCJOaWNrTmFtZSI6Ik1yLuWlh-a3vCIsIkF1dGhvcml0eUlkIjo4ODgsIkJ1ZmZlclRpbWUiOjg2NDAwLCJpc3MiOiJxbVBsdXMiLCJhdWQiOlsiR1ZBIl0sImV4cCI6MTc3NjgzNzU4OSwibmJmIjoxNzc2MjMyNzg5fQ.SX3Q00qHS87Cb5n224vjOfjwVusElHz7Lj1Bj5OW9a8'),(4,'2026-04-16 12:51:09.231','2026-04-16 12:51:09.231',NULL,'eyJhbGciOiJIUzI1NiIsInR5cCI6IkpXVCJ9.eyJVVUlEIjoiZGFiMmNiYzItZTVjYi00ZDJjLWFlYWItNjkzZTc0NWIxYzU3IiwiSUQiOjEsIlVzZXJuYW1lIjoiYWRtaW4iLCJOaWNrTmFtZSI6Ik1yLuWlh-a3vCIsIkF1dGhvcml0eUlkIjo4ODgsIkJ1ZmZlclRpbWUiOjg2NDAwLCJpc3MiOiJxbVBsdXMiLCJhdWQiOlsiR1ZBIl0sImV4cCI6MTc3NjkwMzkzNCwibmJmIjoxNzc2Mjk5MTM0fQ.Up0kps1Cpx2VdTw4sQfGxj1_v8VbX5L_xze6Q1nYc_E'),(5,'2026-04-16 21:17:26.233','2026-04-16 21:17:26.233',NULL,'eyJhbGciOiJIUzI1NiIsInR5cCI6IkpXVCJ9.eyJVVUlEIjoiZGFiMmNiYzItZTVjYi00ZDJjLWFlYWItNjkzZTc0NWIxYzU3IiwiSUQiOjEsIlVzZXJuYW1lIjoiYWRtaW4iLCJOaWNrTmFtZSI6Ik1yLuWlh-a3vCIsIkF1dGhvcml0eUlkIjo4ODgsIkJ1ZmZlclRpbWUiOjg2NDAwLCJpc3MiOiJxbVBsdXMiLCJhdWQiOlsiR1ZBIl0sImV4cCI6MTc3NjkxOTg3NywibmJmIjoxNzc2MzE1MDc3fQ.1BXAsJ_mlxwKkICCcisXtIBaM5FigRpbuDsNu45VzZc'),(6,'2026-04-17 13:47:05.800','2026-04-17 13:47:05.800',NULL,'eyJhbGciOiJIUzI1NiIsInR5cCI6IkpXVCJ9.eyJVVUlEIjoiZGFiMmNiYzItZTVjYi00ZDJjLWFlYWItNjkzZTc0NWIxYzU3IiwiSUQiOjEsIlVzZXJuYW1lIjoiYWRtaW4iLCJOaWNrTmFtZSI6Ik1yLuWlh-a3vCIsIkF1dGhvcml0eUlkIjo4ODgsIkJ1ZmZlclRpbWUiOjg2NDAwLCJpc3MiOiJxbVBsdXMiLCJhdWQiOlsiR1ZBIl0sImV4cCI6MTc3Njk1MDI1NSwibmJmIjoxNzc2MzQ1NDU1fQ.cTSgSNS-m5JkR22IdDp-FUJ6yNZrs1MyJ1QIcmFn1oY'),(7,'2026-04-17 13:47:33.080','2026-04-17 13:47:33.080',NULL,'eyJhbGciOiJIUzI1NiIsInR5cCI6IkpXVCJ9.eyJVVUlEIjoiZGFiMmNiYzItZTVjYi00ZDJjLWFlYWItNjkzZTc0NWIxYzU3IiwiSUQiOjEsIlVzZXJuYW1lIjoiYWRtaW4iLCJOaWNrTmFtZSI6Ik1yLuWlh-a3vCIsIkF1dGhvcml0eUlkIjo4ODgsIkJ1ZmZlclRpbWUiOjg2NDAwLCJpc3MiOiJxbVBsdXMiLCJhdWQiOlsiR1ZBIl0sImV4cCI6MTc3Njk1MDI1NSwibmJmIjoxNzc2MzQ1NDU1fQ.cTSgSNS-m5JkR22IdDp-FUJ6yNZrs1MyJ1QIcmFn1oY');
/*!40000 ALTER TABLE `jwt_blacklists` ENABLE KEYS */;
UNLOCK TABLES;

--
-- Table structure for table `mx_activation_code`
--

DROP TABLE IF EXISTS `mx_activation_code`;
/*!40101 SET @saved_cs_client     = @@character_set_client */;
/*!50503 SET character_set_client = utf8mb4 */;
CREATE TABLE `mx_activation_code` (
  `activation_id` int NOT NULL AUTO_INCREMENT COMMENT '激活码ID',
  `create_time` datetime(3) DEFAULT NULL,
  `update_time` datetime(3) DEFAULT NULL,
  `equipment` varchar(255) CHARACTER SET utf8mb4 COLLATE utf8mb4_unicode_ci DEFAULT NULL COMMENT '设备id',
  `activation_code` varchar(255) CHARACTER SET utf8mb4 COLLATE utf8mb4_unicode_ci DEFAULT NULL COMMENT '激活码',
  `app` varchar(100) COLLATE utf8mb4_unicode_ci DEFAULT NULL COMMENT '应用名称',
  `online_status` int DEFAULT '0' COMMENT '在线状态0离线1在线',
  `last_online_time` datetime(3) DEFAULT NULL COMMENT '最后在线时间',
  `device_name` varchar(100) COLLATE utf8mb4_unicode_ci DEFAULT '' COMMENT '设备名称',
  `device_location` varchar(200) COLLATE utf8mb4_unicode_ci DEFAULT '' COMMENT '设备位置',
  `remark` varchar(500) COLLATE utf8mb4_unicode_ci DEFAULT '' COMMENT '备注',
  PRIMARY KEY (`activation_id`) USING BTREE,
  UNIQUE KEY `unique_equipment_app` (`equipment`)
) ENGINE=InnoDB AUTO_INCREMENT=30 DEFAULT CHARSET=utf8mb4 COLLATE=utf8mb4_unicode_ci ROW_FORMAT=DYNAMIC COMMENT='设备激活码表';
/*!40101 SET character_set_client = @saved_cs_client */;

--
-- Dumping data for table `mx_activation_code`
--

LOCK TABLES `mx_activation_code` WRITE;
/*!40000 ALTER TABLE `mx_activation_code` DISABLE KEYS */;
INSERT INTO `mx_activation_code` VALUES (7,'2024-09-19 14:38:09.000','2024-09-19 14:38:12.000','f3aeb60ef21aa9da','3084a7b5',NULL,0,NULL,'','',''),(21,NULL,NULL,'47fb0604c9327b31','d4635df6',NULL,0,NULL,'','',''),(23,NULL,NULL,'601e2a6ba1679c99','7d63e4a8',NULL,0,NULL,'','',''),(24,'2026-03-28 15:56:03.000','2026-04-14 15:20:05.000','33b3e79844dea4e1','全自动验光仪',NULL,0,NULL,'','',''),(25,'2026-03-30 14:37:33.000','2026-04-13 15:28:55.000','e54114a5738cfad8','全自动验光仪',NULL,0,NULL,'','',''),(26,'2026-03-31 08:25:13.000','2026-04-13 09:22:23.000','09eea93a6c357fda','全自动验光仪',NULL,0,NULL,'','',''),(27,'2026-04-03 11:03:23.000','2026-04-14 14:26:25.000','ca2e0bd6e88c53c0','XM验光仪',NULL,0,NULL,'','',''),(28,'2026-04-13 19:22:37.000','2026-04-16 13:04:13.017','a78f37f86e3beabc','XM验光仪','验光仪',0,NULL,'扬明世界','',''),(29,'2026-04-15 11:23:57.000','2026-04-15 11:23:57.000','0269109dc7ea990b','全自动验光仪',NULL,0,NULL,'','','');
/*!40000 ALTER TABLE `mx_activation_code` ENABLE KEYS */;
UNLOCK TABLES;

--
-- Table structure for table `mx_picture`
--

DROP TABLE IF EXISTS `mx_picture`;
/*!40101 SET @saved_cs_client     = @@character_set_client */;
/*!50503 SET character_set_client = utf8mb4 */;
CREATE TABLE `mx_picture` (
  `picture_id` int NOT NULL AUTO_INCREMENT COMMENT '图片ID',
  `create_time` datetime(3) DEFAULT NULL,
  `update_time` datetime(3) DEFAULT NULL,
  `xm_iconid` int DEFAULT NULL COMMENT '视图id',
  `picture` varchar(255) CHARACTER SET utf8mb4 COLLATE utf8mb4_unicode_ci DEFAULT NULL COMMENT '图片',
  PRIMARY KEY (`picture_id`) USING BTREE
) ENGINE=InnoDB AUTO_INCREMENT=70 DEFAULT CHARSET=utf8mb4 COLLATE=utf8mb4_unicode_ci ROW_FORMAT=DYNAMIC COMMENT='视图图片表';
/*!40101 SET character_set_client = @saved_cs_client */;

--
-- Dumping data for table `mx_picture`
--

LOCK TABLES `mx_picture` WRITE;
/*!40000 ALTER TABLE `mx_picture` DISABLE KEYS */;
INSERT INTO `mx_picture` VALUES (2,'2024-09-05 11:16:37.000','2024-11-20 10:33:11.000',1,'/profile/avatar/2024/11/20/icon_leffer_thumbnail_pro_1_20241120103311A003.png'),(3,'2024-11-20 10:33:44.000',NULL,2,'/profile/avatar/2024/11/20/icon_leffer_thumbnail_pro_2_20241120103343A004.png'),(4,'2024-11-20 10:33:56.000',NULL,3,'/profile/avatar/2024/11/20/icon_leffer_thumbnail_pro_3_20241120103355A005.png'),(5,'2024-11-20 10:34:12.000',NULL,4,'/profile/avatar/2024/11/20/icon_leffer_thumbnail_pro_4_20241120103411A006.png'),(6,'2024-11-20 10:34:28.000',NULL,5,'/profile/avatar/2024/11/20/icon_digit_thumbnail_pro_4_20241120103427A007.png'),(7,'2024-11-20 10:34:47.000',NULL,6,'/profile/avatar/2024/11/20/icon_digit_thumbnail_pro_1_20241120103446A008.png'),(8,'2024-11-20 10:35:00.000',NULL,7,'/profile/avatar/2024/11/20/icon_digit_thumbnail_pro_2_20241120103500A009.png'),(9,'2024-11-20 10:35:14.000',NULL,8,'/profile/avatar/2024/11/20/icon_digit_thumbnail_pro_3_20241120103513A010.png'),(10,'2024-11-20 10:35:41.000',NULL,9,'/profile/avatar/2024/11/20/icon_e_thumbnail_pro_1_20241120103540A011.png'),(11,'2024-11-20 10:35:52.000',NULL,10,'/profile/avatar/2024/11/20/icon_e_thumbnail_pro_2_20241120103552A012.png'),(12,'2024-11-20 10:36:05.000',NULL,11,'/profile/avatar/2024/11/20/icon_e_thumbnail_pro_3_20241120103604A013.png'),(13,'2024-11-20 10:36:16.000',NULL,12,'/profile/avatar/2024/11/20/icon_e_thumbnail_pro_4_20241120103615A014.png'),(14,'2024-11-20 10:36:39.000',NULL,0,'/profile/avatar/2024/11/20/icon_number_thumbnail_pro_3_20241120103638A015.png'),(15,'2024-11-20 10:36:57.000',NULL,13,'/profile/avatar/2024/11/20/icon_number_thumbnail_pro_1_20241120103656A016.png'),(16,'2024-11-20 10:37:08.000',NULL,14,'/profile/avatar/2024/11/20/icon_number_thumbnail_pro_2_20241120103708A017.png'),(17,'2024-11-20 10:37:16.000','2024-11-20 10:37:56.000',15,'/profile/avatar/2024/11/20/icon_number_thumbnail_pro_4_20241120103755A019.png'),(18,'2024-11-20 10:38:10.000',NULL,16,'/profile/avatar/2024/11/20/icon_number_thumbnail_pro_5_20241120103809A020.png'),(19,'2024-11-20 10:38:32.000',NULL,17,'/profile/avatar/2024/11/20/icon_children_thumbnail_pro_3_20241120103831A021.png'),(20,'2024-11-20 10:38:43.000',NULL,18,'/profile/avatar/2024/11/20/icon_children_thumbnail_pro_1_20241120103842A022.png'),(21,'2024-11-20 10:38:56.000',NULL,19,'/profile/avatar/2024/11/20/icon_children_thumbnail_pro_2_20241120103856A023.png'),(22,'2024-11-20 10:39:32.000',NULL,144,'/profile/avatar/2024/11/20/icon_digit_thumbnail_1_20241120103931A024.png'),(23,'2024-11-20 10:39:42.000',NULL,145,'/profile/avatar/2024/11/20/icon_digit_thumbnail_2_20241120103942A025.png'),(24,'2024-11-20 10:39:54.000',NULL,146,'/profile/avatar/2024/11/20/icon_digit_thumbnail_3_20241120103954A026.png'),(25,'2024-11-20 10:40:12.000',NULL,147,'/profile/avatar/2024/11/20/icon_digit_thumbnail_4_20241120104011A027.png'),(26,'2024-11-20 10:40:36.000',NULL,192,'/profile/avatar/2024/11/20/icon_leffer_thumbnail_1_20241120104036A028.png'),(27,'2024-11-20 10:40:48.000',NULL,193,'/profile/avatar/2024/11/20/icon_leffer_thumbnail_2_20241120104048A029.png'),(28,'2024-11-20 10:41:05.000',NULL,194,'/profile/avatar/2024/11/20/icon_leffer_thumbnail_3_20241120104104A030.png'),(29,'2024-11-20 10:41:15.000',NULL,195,'/profile/avatar/2024/11/20/icon_leffer_thumbnail_4_20241120104114A031.png'),(30,'2024-11-20 10:41:29.000',NULL,98,'/profile/avatar/2024/11/20/icon_e_thumbnail_2_20241120104129A032.png'),(31,'2024-11-20 10:41:44.000',NULL,100,'/profile/avatar/2024/11/20/icon_e_thumbnail_3_20241120104143A033.png'),(32,'2024-11-20 10:41:55.000',NULL,101,'/profile/avatar/2024/11/20/icon_e_thumbnail_4_20241120104154A034.png'),(33,'2024-11-20 10:42:07.000',NULL,102,'/profile/avatar/2024/11/20/icon_e_thumbnail_6_20241120104206A035.png'),(34,'2024-11-20 10:42:20.000',NULL,103,'/profile/avatar/2024/11/20/icon_e_thumbnail_7_20241120104220A036.png'),(35,'2024-11-20 10:42:39.000',NULL,104,'/profile/avatar/2024/11/20/icon_e_thumbnail_5_20241120104239A037.png'),(36,'2024-11-20 10:45:14.000',NULL,105,'/profile/avatar/2024/11/20/icon_number_thumbnail_1_20241120104514A038.png'),(37,'2024-11-20 10:45:24.000',NULL,106,'/profile/avatar/2024/11/20/icon_number_thumbnail_2_20241120104524A039.png'),(38,'2024-11-20 10:45:43.000',NULL,107,'/profile/avatar/2024/11/20/icon_number_thumbnail_3_20241120104542A040.png'),(39,'2024-11-20 10:46:23.000',NULL,108,'/profile/avatar/2024/11/20/icon_number_thumbnail_4_20241120104623A041.png'),(40,'2024-11-20 10:46:54.000',NULL,203,'/profile/avatar/2024/11/20/icon_children_thumbnail_1_20241120104653A042.png'),(41,'2024-11-20 10:53:06.000',NULL,204,'/profile/avatar/2024/11/20/icon_children_thumbnail_2_20241120105305A043.png'),(42,'2024-11-20 10:53:17.000',NULL,205,'/profile/avatar/2024/11/20/icon_children_thumbnail_3_20241120105317A044.png'),(43,'2024-11-20 10:53:28.000',NULL,206,'/profile/avatar/2024/11/20/icon_children_thumbnail_4_20241120105327A045.png'),(44,'2024-11-20 10:57:48.000',NULL,113,'/profile/avatar/2024/11/20/icon_function_2_20241120105748A046.png'),(45,'2024-11-20 10:58:23.000',NULL,114,'/profile/avatar/2024/11/20/icon_function_1_20241120105823A047.png'),(46,'2024-11-20 10:59:46.000',NULL,115,'/profile/avatar/2024/11/20/icon_function_3_20241120105945A048.png'),(47,'2024-11-20 11:00:07.000',NULL,118,'/profile/avatar/2024/11/20/icon_function_4_20241120110006A049.png'),(48,'2024-11-20 11:00:29.000',NULL,121,'/profile/avatar/2024/11/20/icon_function_5_20241120110028A050.png'),(49,'2024-11-20 11:01:02.000',NULL,123,'/profile/avatar/2024/11/20/icon_function_6_20241120110101A051.png'),(50,'2024-11-20 11:01:59.000',NULL,126,'/profile/avatar/2024/11/20/icon_function_7_20241120110158A052.png'),(51,'2024-11-20 11:02:32.000',NULL,30,'/profile/avatar/2024/11/20/icon_function_8_20241120110232A053.png'),(52,'2024-11-20 11:03:01.000',NULL,33,'/profile/avatar/2024/11/20/icon_function_9_20241120110301A054.png'),(53,'2024-11-20 11:03:29.000',NULL,35,'/profile/avatar/2024/11/20/icon_function_10_20241120110328A055.png'),(54,'2024-11-20 11:03:54.000',NULL,32,'/profile/avatar/2024/11/20/icon_function_11_20241120110353A056.png'),(55,'2024-11-20 11:04:18.000',NULL,116,'/profile/avatar/2024/11/20/icon_function_12_20241120110417A057.png'),(56,'2024-11-20 11:04:36.000',NULL,34,'/profile/avatar/2024/11/20/icon_function_13_20241120110435A058.png'),(57,'2024-11-20 11:21:55.000',NULL,21,'/profile/avatar/2024/11/20/icon_function_13_20241120112155A001.png'),(58,'2024-11-20 11:22:09.000',NULL,23,'/profile/avatar/2024/11/20/icon_function_11_20241120112208A002.png'),(59,'2024-11-20 11:22:48.000',NULL,20,'/profile/avatar/2024/11/20/icon_function_9_20241120112248A003.png'),(60,'2024-11-20 11:23:37.000',NULL,31,'/profile/avatar/2024/11/20/icon_function_5_20241120112336A004.png'),(61,'2024-11-20 11:23:49.000',NULL,32,'/profile/avatar/2024/11/20/icon_function_10_20241120112349A005.png'),(62,'2024-11-20 11:30:21.000','2024-11-20 16:09:44.000',24,'/profile/avatar/2024/11/20/双眼平衡视标_20241120160943A004.png'),(63,'2024-11-20 11:30:56.000','2024-11-20 14:52:32.000',25,'/profile/avatar/2024/11/20/红绿偏振视标_20241120145231A002.png'),(64,'2024-11-20 11:31:08.000',NULL,22,'/profile/avatar/2024/11/20/红绿平衡视标_20241120113108A008.png'),(65,'2024-11-20 11:31:22.000',NULL,29,'/profile/avatar/2024/11/20/功能视标／1备份 3_20241120113122A009.png'),(66,'2024-11-20 11:31:32.000',NULL,28,'/profile/avatar/2024/11/20/功能视标／1备份 2_20241120113131A010.png'),(67,'2024-11-20 11:31:43.000',NULL,26,'/profile/avatar/2024/11/20/功能视标／1 (1)_20241120113143A011.png'),(68,'2024-11-20 11:32:01.000',NULL,27,'/profile/avatar/2024/11/20/功能视标／1备份_20241120113200A012.png'),(69,'2024-11-20 11:32:10.000',NULL,30,'/profile/avatar/2024/11/20/功能视标／1备份 5_20241120113209A013.png');
/*!40000 ALTER TABLE `mx_picture` ENABLE KEYS */;
UNLOCK TABLES;

--
-- Table structure for table `mx_store`
--

DROP TABLE IF EXISTS `mx_store`;
/*!40101 SET @saved_cs_client     = @@character_set_client */;
/*!50503 SET character_set_client = utf8mb4 */;
CREATE TABLE `mx_store` (
  `store_id` bigint NOT NULL AUTO_INCREMENT COMMENT '门店ID',
  `create_time` datetime(3) DEFAULT NULL,
  `update_time` datetime(3) DEFAULT NULL,
  `user_id` bigint NOT NULL COMMENT '用户ID',
  `brand_id` varchar(50) DEFAULT '' COMMENT '品牌编号',
  `store_number` varchar(50) DEFAULT '' COMMENT '门店编号',
  `store_name_english` varchar(50) DEFAULT '' COMMENT '门店名称',
  `store_phone` varchar(255) DEFAULT NULL COMMENT '门店电话',
  `address` varchar(255) DEFAULT NULL COMMENT '地址',
  `longitude` varchar(255) DEFAULT NULL COMMENT '经度',
  `latitude` varchar(255) DEFAULT NULL COMMENT '纬度',
  `is_delete` int DEFAULT '0' COMMENT '逻辑删0否1是',
  PRIMARY KEY (`store_id`) USING BTREE
) ENGINE=InnoDB AUTO_INCREMENT=5 DEFAULT CHARSET=utf8mb4 COLLATE=utf8mb4_0900_ai_ci ROW_FORMAT=DYNAMIC COMMENT='门店信息表';
/*!40101 SET character_set_client = @saved_cs_client */;

--
-- Dumping data for table `mx_store`
--

LOCK TABLES `mx_store` WRITE;
/*!40000 ALTER TABLE `mx_store` DISABLE KEYS */;
INSERT INTO `mx_store` VALUES (1,'2024-10-10 13:14:42.000','2026-04-16 10:01:42.000',1,'zxczx','asdas','测试','18812332121','江苏省苏州市昆山市玉山镇微盟电子(昆山)有限公司','121.020637','31.381847',1),(2,'2026-03-20 11:04:51.000','2026-03-26 14:38:25.000',5,'5068416139942690838','静音仓','静音仓','18111111111','江苏省苏州市昆山市玉山镇微盟电子(昆山)有限公司','121.020637','31.381847',0),(3,'2026-03-31 22:05:49.000','2026-04-16 12:55:34.117',16,'1','1','1','17751071111',NULL,NULL,NULL,0),(4,'2026-04-13 14:46:20.000','2026-04-13 14:46:19.000',22,'','','18344444444','18344444444',NULL,NULL,NULL,0);
/*!40000 ALTER TABLE `mx_store` ENABLE KEYS */;
UNLOCK TABLES;

--
-- Table structure for table `mx_store_member`
--

DROP TABLE IF EXISTS `mx_store_member`;
/*!40101 SET @saved_cs_client     = @@character_set_client */;
/*!50503 SET character_set_client = utf8mb4 */;
CREATE TABLE `mx_store_member` (
  `store_id` bigint NOT NULL COMMENT '门店ID',
  `create_time` datetime(3) DEFAULT NULL,
  `update_time` datetime(3) DEFAULT NULL,
  `user_id` bigint NOT NULL COMMENT '用户ID',
  `post` bigint NOT NULL COMMENT '职位：1店长，2验光师，3顾客',
  `optometrist_user_id` bigint DEFAULT NULL COMMENT '验光师id(如果职位是3则需要填)',
  `is_delete` int DEFAULT '0' COMMENT '逻辑删0否1是',
  UNIQUE KEY `idx_store_user_optometrist` (`store_id`,`user_id`,`optometrist_user_id`) USING BTREE
) ENGINE=InnoDB DEFAULT CHARSET=utf8mb4 COLLATE=utf8mb4_0900_ai_ci ROW_FORMAT=DYNAMIC COMMENT='门店成员信息表';
/*!40101 SET character_set_client = @saved_cs_client */;

--
-- Dumping data for table `mx_store_member`
--

LOCK TABLES `mx_store_member` WRITE;
/*!40000 ALTER TABLE `mx_store_member` DISABLE KEYS */;
INSERT INTO `mx_store_member` VALUES (2,'2026-03-20 11:04:50.000','2026-03-20 11:06:38.000',4,1,NULL,0),(2,'2026-03-20 11:07:01.000','2026-03-20 11:07:00.000',5,2,NULL,0),(2,'2026-03-20 13:24:22.000','2026-03-20 13:24:22.000',1,3,5,0),(2,'2026-03-20 17:11:14.000','2026-03-20 17:11:14.000',6,3,5,0),(2,'2026-03-24 14:16:47.000','2026-03-24 14:16:47.000',7,3,5,0),(2,'2026-03-24 14:21:03.000','2026-03-24 14:21:03.000',8,3,5,0),(2,'2026-03-24 14:38:23.000','2026-03-24 14:38:23.000',9,3,5,0),(2,'2026-03-24 14:44:43.000','2026-03-24 14:44:43.000',10,3,5,0),(2,'2026-03-24 15:57:55.000','2026-03-24 15:57:55.000',11,3,5,0),(2,'2026-03-24 16:17:03.000','2026-03-24 16:17:03.000',12,3,5,0),(2,'2026-03-25 13:34:45.000','2026-03-25 13:34:45.000',13,3,5,0),(2,'2026-03-27 09:20:47.000','2026-03-27 09:20:47.000',14,3,5,0),(2,'2026-03-27 11:21:21.000','2026-03-27 11:21:21.000',15,3,5,0),(3,'2026-03-31 14:05:48.000','2026-03-31 14:05:48.000',16,1,NULL,0),(3,'2026-03-31 14:06:09.000','2026-03-31 14:06:09.000',17,2,NULL,0),(2,'2026-04-08 16:24:54.000','2026-04-08 16:24:54.000',18,3,5,0),(2,'2026-04-08 16:39:58.000','2026-04-08 16:39:58.000',19,3,5,0),(2,'2026-04-12 10:46:34.000','2026-04-12 10:46:34.000',20,3,5,0),(2,'2026-04-13 10:11:38.000','2026-04-13 10:11:38.000',21,3,5,0),(2,'2026-04-13 11:09:01.000','2026-04-13 11:09:01.000',2,3,5,0),(4,'2026-04-13 14:46:19.000','2026-04-13 14:46:19.000',22,1,NULL,0),(4,'2026-04-13 14:47:00.000','2026-04-13 14:47:00.000',23,2,NULL,0),(2,'2026-04-13 14:59:35.000','2026-04-13 14:59:35.000',8,3,4,0),(2,'2026-04-13 16:45:11.000','2026-04-13 16:45:11.000',14,3,4,0),(4,'2026-04-14 15:32:32.000','2026-04-14 15:32:32.000',1,3,23,0);
/*!40000 ALTER TABLE `mx_store_member` ENABLE KEYS */;
UNLOCK TABLES;

--
-- Table structure for table `mx_user`
--

DROP TABLE IF EXISTS `mx_user`;
/*!40101 SET @saved_cs_client     = @@character_set_client */;
/*!50503 SET character_set_client = utf8mb4 */;
CREATE TABLE `mx_user` (
  `user_id` bigint NOT NULL AUTO_INCREMENT COMMENT '用户ID',
  `create_time` datetime(3) DEFAULT NULL,
  `update_time` datetime(3) DEFAULT NULL,
  `latest_checkup_date_time` datetime(3) DEFAULT NULL COMMENT '最近检查日期',
  `name` varchar(24) DEFAULT '' COMMENT '姓名',
  `gender` int DEFAULT '1' COMMENT '性别 1:男性 0:女性',
  `date_of_birth` date DEFAULT NULL COMMENT '出生年月',
  `age` int DEFAULT NULL COMMENT '年龄',
  `phone_number` varchar(50) NOT NULL COMMENT '手机号码',
  `password` varchar(255) NOT NULL DEFAULT '' COMMENT '密码',
  `qq_number` varchar(50) DEFAULT '' COMMENT 'qq号',
  `email_address` varchar(50) DEFAULT '' COMMENT '邮箱',
  `identification_number` varchar(50) DEFAULT '' COMMENT '身份证号',
  `wechat` varchar(50) DEFAULT '' COMMENT '微信',
  `openid` varchar(100) DEFAULT '' COMMENT '微信openid',
  `unionid` varchar(100) DEFAULT '' COMMENT '微信unionid',
  `avatar_url` varchar(500) DEFAULT '' COMMENT '微信头像',
  `wx_nick_name` varchar(200) DEFAULT '' COMMENT '微信昵称',
  `wx_phone` varchar(50) DEFAULT '' COMMENT '微信手机号',
  `subscribe_time` datetime(3) DEFAULT NULL COMMENT '关注时间',
  `user_role` int DEFAULT '0' COMMENT '用户身份0普通顾客1店长2验光师',
  `medical_insurance_account` varchar(50) DEFAULT '' COMMENT '医保账号',
  `city` varchar(50) DEFAULT '' COMMENT '城市',
  `contact_address` varchar(500) DEFAULT '' COMMENT '联系地址',
  `occupation` varchar(50) DEFAULT '' COMMENT '职业',
  `company` varchar(50) DEFAULT '' COMMENT '单位',
  `remarks` varchar(500) DEFAULT '' COMMENT '备注',
  `glasses_need` varchar(50) DEFAULT '' COMMENT '配镜需求',
  `dominant_eye` varchar(50) DEFAULT '' COMMENT '主视眼',
  `is_delete` int DEFAULT '0' COMMENT '逻辑删0否1是',
  PRIMARY KEY (`user_id`) USING BTREE,
  UNIQUE KEY `u_p` (`phone_number`) USING BTREE
) ENGINE=InnoDB AUTO_INCREMENT=24 DEFAULT CHARSET=utf8mb4 COLLATE=utf8mb4_0900_ai_ci ROW_FORMAT=DYNAMIC COMMENT='用户信息表';
/*!40101 SET character_set_client = @saved_cs_client */;

--
-- Dumping data for table `mx_user`
--

LOCK TABLES `mx_user` WRITE;
/*!40000 ALTER TABLE `mx_user` DISABLE KEYS */;
INSERT INTO `mx_user` VALUES (1,'2024-10-10 21:13:08.000','2026-04-16 13:10:34.024','2026-04-14 08:00:00.000','桂花鱼',1,NULL,NULL,'17751070969','1234567','2222','','','oKmXP65p7Sg98Kz_PcLNy9I-oBIE','','','','','',NULL,0,'','123123','','','','','123213','左眼',0),(2,'2024-11-19 13:29:32.000','2026-04-13 11:09:01.000','2026-04-13 00:00:00.000','紫菜汤',1,'2024-11-19',1,'18775075395','1010','','','','','','','','','',NULL,0,'','','','','','','','',0),(3,'2024-11-27 15:48:44.000','2025-02-21 10:30:49.000','2025-02-21 00:00:00.000','hfhygh',1,'2024-11-27',NULL,'18775075377','123456','','','','','','','','','',NULL,0,'','','','','','','','左眼',0),(4,'2026-03-20 11:03:53.000','2026-03-25 16:54:37.000',NULL,'静音仓验光师（被控）',1,NULL,NULL,'18111111111','123456','','','','','','','','','',NULL,2,'','','','','','','','',0),(5,'2026-03-20 11:04:29.000','2026-03-25 16:54:33.000',NULL,'静音仓店长（主控）',1,NULL,NULL,'18222222222','123456','','','','','','','','','',NULL,1,'','','','','','','','',0),(6,'2026-03-20 17:11:14.000','2026-03-20 17:11:14.000',NULL,'用户_8228',0,NULL,NULL,'13382518228','','','','','oKmXP6-LRueGNw2zSLI6RmNuqPwU','','','','','',NULL,0,'','','','','','','','',0),(7,'2026-03-24 14:16:47.000','2026-03-24 14:16:47.000',NULL,'用户_1583',0,NULL,NULL,'15935981583','','','','','oKmXP6ycBDEiw_4rHnwW_P1O_x8E','','','','','',NULL,0,'','','','','','','','',0),(8,'2026-03-24 14:21:03.000','2026-04-14 17:27:41.000','2026-04-14 00:00:00.000','用户_3709',0,NULL,NULL,'13127783709','','','','','oKmXP631Avt6f4EiAb7xki5D9Chk','','','','','',NULL,0,'','','','','','','','',0),(9,'2026-03-24 14:38:23.000','2026-03-24 14:38:23.000',NULL,'用户_6123',0,NULL,NULL,'15251356123','','','','','oKmXP63yByBoZfLhTeiJipab8IPo','','','','','',NULL,0,'','','','','','','','',0),(10,'2026-03-24 14:44:43.000','2026-03-24 14:44:43.000',NULL,'用户_3265',0,NULL,NULL,'15062693265','','','','','oKmXP628KxRa9d7HVPpFg8vuBJmc','','','','','',NULL,0,'','','','','','','','',0),(11,'2026-03-24 15:57:55.000','2026-03-30 14:41:48.000','2026-03-30 00:00:00.000','用户_6519',0,NULL,NULL,'18260206519','','','','','oKmXP68X-uyAB_WOYvU7LbtB8osY','','','','','',NULL,0,'','','','','','','','',0),(12,'2026-03-24 16:17:03.000','2026-03-24 16:17:03.000',NULL,'用户_7741',0,NULL,NULL,'13382117741','','','','','oKmXP6wehwQo0ILecM7V64PV4Pf4','','','','','',NULL,0,'','','','','','','','',0),(13,'2026-03-25 13:34:45.000','2026-04-11 11:44:41.000','2026-04-11 00:00:00.000','这个网速只能',0,NULL,NULL,'18336336761','','','','','oKmXP6xeGKe2c9mYyYWwIPImtuAc','','','','','',NULL,0,'','','','','','','','',0),(14,'2026-03-27 09:20:47.000','2026-04-13 16:45:11.000','2026-04-13 00:00:00.000','用户_0199',0,NULL,NULL,'18364170199','','','','','oKmXP6w2pNqSCZkNbDSCq7XIprtE','','','','','',NULL,0,'','','','','','','','',0),(15,'2026-03-27 11:21:21.000','2026-03-27 11:21:21.000',NULL,'用户_0731',0,NULL,NULL,'19851280731','','','','','oKmXP67-EmELfAa0Jj4rNsNFybHI','','','','','',NULL,0,'','','','','','','','',0),(16,'2026-03-31 14:04:56.000','2026-03-31 14:47:34.000',NULL,'测试被控（店长）',1,NULL,NULL,'18452013025','123456','','','','','','','','','',NULL,0,'','','','','','','','',0),(17,'2026-03-31 14:05:21.000','2026-03-31 14:05:21.000',NULL,'测试主控（店员）',1,NULL,NULL,'121212','123456','','','','','','','','','',NULL,0,'','','','','','','','',0),(18,'2026-04-08 16:24:54.000','2026-04-08 16:24:54.000',NULL,'',1,'2026-04-08',NULL,'15518360000','123456','','','','','','','','','',NULL,0,'','','','','','','','',0),(19,'2026-04-08 16:39:58.000','2026-04-08 16:39:58.000',NULL,'',1,'2001-04-08',NULL,'19876543210','123456','','','','','','','','','',NULL,0,'','','','','','','','',0),(20,'2026-04-12 10:46:34.000','2026-04-12 10:46:34.000',NULL,'用户_7303',0,NULL,NULL,'15950187303','','','','','oKmXP69MgTCvvFAqeJDMBdN_PvaY','','','','','',NULL,0,'','','','','','','','',0),(21,'2026-04-13 10:11:38.000','2026-04-13 10:16:31.000','2026-04-13 00:00:00.000','用户_8118',0,NULL,NULL,'13382518118','','','','','oKmXP66VFdLU5eAMTX3VH-Zziv88','','','','','',NULL,0,'','','','','','','','',0),(22,'2026-04-13 14:45:14.000','2026-04-16 13:18:08.551',NULL,'18344444444',1,NULL,NULL,'18344444444','123456','','','','','','','','','',NULL,0,'','','','','','','','',1),(23,'2026-04-13 14:45:32.000','2026-04-16 13:18:10.701',NULL,'18355555555',1,NULL,NULL,'18355555555','123456','','','','','','','','','',NULL,0,'','','','','','','','',1);
/*!40000 ALTER TABLE `mx_user` ENABLE KEYS */;
UNLOCK TABLES;

--
-- Table structure for table `mx_user_flow`
--

DROP TABLE IF EXISTS `mx_user_flow`;
/*!40101 SET @saved_cs_client     = @@character_set_client */;
/*!50503 SET character_set_client = utf8mb4 */;
CREATE TABLE `mx_user_flow` (
  `flow_id` int NOT NULL AUTO_INCREMENT COMMENT '流程ID',
  `user_id` bigint NOT NULL COMMENT '用户ID',
  `create_time` datetime(3) DEFAULT NULL,
  `update_time` datetime(3) DEFAULT NULL,
  `type` int NOT NULL COMMENT '分类',
  `xm_iconid` int DEFAULT NULL COMMENT '视图id',
  `left_eye_glassid` int DEFAULT NULL COMMENT '左眼镜片ID',
  `right_eye_glassid` int DEFAULT NULL COMMENT '右眼镜片ID',
  `detection_eye` varchar(50) CHARACTER SET utf8mb4 COLLATE utf8mb4_unicode_ci DEFAULT NULL COMMENT '检测眼',
  `dial_option` varchar(50) CHARACTER SET utf8mb4 COLLATE utf8mb4_unicode_ci DEFAULT NULL COMMENT '拨盘选项',
  `far_nearly_use` varchar(50) CHARACTER SET utf8mb4 COLLATE utf8mb4_unicode_ci DEFAULT NULL COMMENT '远近用',
  `fog_vision` varchar(50) CHARACTER SET utf8mb4 COLLATE utf8mb4_unicode_ci DEFAULT NULL COMMENT '雾视',
  PRIMARY KEY (`flow_id`) USING BTREE
) ENGINE=InnoDB AUTO_INCREMENT=24 DEFAULT CHARSET=utf8mb4 COLLATE=utf8mb4_unicode_ci ROW_FORMAT=DYNAMIC COMMENT='用户流程表';
/*!40101 SET character_set_client = @saved_cs_client */;

--
-- Dumping data for table `mx_user_flow`
--

LOCK TABLES `mx_user_flow` WRITE;
/*!40000 ALTER TABLE `mx_user_flow` DISABLE KEYS */;
INSERT INTO `mx_user_flow` VALUES (1,1,'2024-11-20 10:23:21.000','2024-11-20 10:23:24.000',1,107,810,901,'右眼','球镜','远用','0D'),(5,1,'2024-11-20 14:22:58.000','2024-11-20 14:22:58.000',2,144,810,901,'右眼','球镜','远用','0D'),(6,1,'2024-11-20 14:22:58.000','2024-11-20 14:22:58.000',2,98,807,807,'右眼','球镜','远用','0D'),(7,1,'2024-11-20 14:22:58.000','2024-11-20 14:22:58.000',2,146,806,806,'右眼','球镜','远用','0D'),(11,2,'2025-02-21 10:06:33.000','2025-02-21 10:06:33.000',2,9,802,801,'右眼','球镜','远用','0D'),(12,2,'2025-02-21 10:06:33.000','2025-02-21 10:06:33.000',2,11,802,801,'右眼','球镜','远用','0D'),(13,2,'2025-02-21 10:06:33.000','2025-02-21 10:06:33.000',2,11,802,801,'右眼','球镜','远用','0D'),(14,2,'2025-02-21 10:06:33.000','2025-02-21 10:06:33.000',2,23,802,801,'右眼','球镜','远用','0D'),(15,2,'2025-02-21 10:06:33.000','2025-02-21 10:06:33.000',2,10,801,802,'右眼','球镜','远用','0D'),(16,2,'2025-02-21 10:06:33.000','2025-02-21 10:06:33.000',2,11,801,802,'右眼','球镜','远用','0D'),(17,2,'2025-02-21 10:06:33.000','2025-02-21 10:06:33.000',2,23,801,802,'右眼','球镜','远用','0D'),(18,2,'2025-02-21 10:06:33.000','2025-02-21 10:06:33.000',2,22,801,802,'右眼','球镜','远用','0D'),(19,2,'2025-02-21 10:06:33.000','2025-02-21 10:06:33.000',2,25,810,901,'右眼','球镜','远用','0D'),(22,2,'2025-02-25 14:34:34.000','2025-02-25 14:34:34.000',5,7,810,901,'右眼','球镜','远用','0D'),(23,2,'2025-02-25 14:34:34.000','2025-02-25 14:34:34.000',5,21,805,805,'左眼','轴位','远用','0D');
/*!40000 ALTER TABLE `mx_user_flow` ENABLE KEYS */;
UNLOCK TABLES;

--
-- Table structure for table `optometry_data`
--

DROP TABLE IF EXISTS `optometry_data`;
/*!40101 SET @saved_cs_client     = @@character_set_client */;
/*!50503 SET character_set_client = utf8mb4 */;
CREATE TABLE `optometry_data` (
  `optometry_id` bigint NOT NULL AUTO_INCREMENT COMMENT '眼镜验光ID',
  `optometry_records_id` bigint DEFAULT NULL COMMENT '验光记录ID',
  `create_time` datetime(3) DEFAULT NULL,
  `update_time` datetime(3) DEFAULT NULL,
  `spherical_mirror` varchar(50) DEFAULT NULL COMMENT '球镜数据',
  `cylindrical_mirror` varchar(50) DEFAULT NULL COMMENT '柱镜数据',
  `position_of_axis` varchar(50) DEFAULT NULL COMMENT '轴位数据',
  `addend` varchar(50) DEFAULT NULL COMMENT 'ADD数据',
  `distance_of_pupil` varchar(50) DEFAULT NULL COMMENT '瞳距数据',
  `horizontal_prism` varchar(50) DEFAULT '0.0' COMMENT '水平棱镜数据',
  `vertical_prism` varchar(50) DEFAULT '0.0' COMMENT '垂直棱镜数据',
  `type` int NOT NULL COMMENT '分类数据（1=电脑验光仪，2=查片仪，3=验光头，4=最终配镜）',
  `near_far` int DEFAULT NULL COMMENT '远近数据（0=远，1=近）',
  `left_right_eyes` int NOT NULL COMMENT '左右眼数据（0=左眼，1=右眼）',
  PRIMARY KEY (`optometry_id`) USING BTREE,
  KEY `optometry_records_id` (`optometry_records_id`) USING BTREE,
  KEY `idx_optometry_data_optometry_records_id` (`optometry_records_id`),
  CONSTRAINT `optometry_data_ibfk_1` FOREIGN KEY (`optometry_records_id`) REFERENCES `optometry_records` (`optometry_records_id`) ON DELETE CASCADE ON UPDATE CASCADE
) ENGINE=InnoDB AUTO_INCREMENT=439 DEFAULT CHARSET=utf8mb4 COLLATE=utf8mb4_0900_ai_ci ROW_FORMAT=DYNAMIC COMMENT='眼镜验光数据表';
/*!40101 SET character_set_client = @saved_cs_client */;

--
-- Dumping data for table `optometry_data`
--

LOCK TABLES `optometry_data` WRITE;
/*!40000 ALTER TABLE `optometry_data` DISABLE KEYS */;
INSERT INTO `optometry_data` VALUES (1,1,'2024-11-27 15:49:29.000','2024-11-27 15:49:29.000','-5.25','-4.75','338.0','0.0','32.0','-2.2','-2.3',3,0,0),(2,1,'2024-11-27 15:49:29.000','2024-11-27 15:49:29.000','-5.25','-4.75','338.0','0.0','32.0','-2.2','-2.3',3,0,1),(3,1,'2024-11-27 15:49:29.000','2024-11-27 15:49:29.000','0.0','0.0','0.0',NULL,'30.0','0.0','0.0',3,1,0),(4,1,'2024-11-27 15:49:29.000','2024-11-27 15:49:29.000','0.0','0.0','0.0',NULL,'30.0','0.0','0.0',3,1,1),(5,1,'2024-11-27 15:49:29.000','2024-11-27 15:49:29.000','-5.25','-4.75','338.0','0.0','32.0','-2.2','-2.3',4,0,0),(6,1,'2024-11-27 15:49:29.000','2024-11-27 15:49:29.000','-5.25','-4.75','338.0','0.0','32.0','-2.2','-2.3',4,0,1),(7,1,'2024-11-27 15:49:29.000','2024-11-27 15:49:29.000','0.0','0.0','0.0',NULL,'30.0','0.0','0.0',4,1,0),(8,1,'2024-11-27 15:49:29.000','2024-11-27 15:49:29.000','0.0','0.0','0.0',NULL,'30.0','0.0','0.0',4,1,1),(9,2,'2024-12-12 16:02:13.000','2024-12-12 16:02:13.000','-5.25','-4.75','338.0','0.0','32.0','-2.2','-2.3',3,0,0),(10,2,'2024-12-12 16:02:13.000','2024-12-12 16:02:13.000','-5.25','-4.75','338.0','0.0','32.0','-2.2','-2.3',3,0,1),(11,2,'2024-12-12 16:02:13.000','2024-12-12 16:02:13.000','0.0','0.0','0.0',NULL,'30.0','0.0','0.0',3,1,0),(12,2,'2024-12-12 16:02:13.000','2024-12-12 16:02:13.000','0.0','0.0','0.0',NULL,'30.0','0.0','0.0',3,1,1),(13,2,'2024-12-12 16:02:13.000','2024-12-12 16:02:13.000','-5.25','-4.75','338.0','0.0','32.0','-2.2','-2.3',4,0,0),(14,2,'2024-12-12 16:02:13.000','2024-12-12 16:02:13.000','-5.25','-4.75','338.0','0.0','32.0','-2.2','-2.3',4,0,1),(15,2,'2024-12-12 16:02:13.000','2024-12-12 16:02:13.000','0.0','0.0','0.0',NULL,'30.0','0.0','0.0',4,1,0),(16,2,'2024-12-12 16:02:13.000','2024-12-12 16:02:13.000','0.0','0.0','0.0',NULL,'30.0','0.0','0.0',4,1,1),(17,3,'2025-02-18 15:27:30.000','2025-02-18 15:27:30.000','0.0','0.0','0.0','0.0','32.0','0.0','0.0',3,0,0),(18,3,'2025-02-18 15:27:30.000','2025-02-18 15:27:30.000','0.0','0.0','0.0','0.0','32.0','0.0','0.0',3,0,1),(19,3,'2025-02-18 15:27:30.000','2025-02-18 15:27:30.000','0.0','0.0','0.0',NULL,'30.0','0.0','0.0',3,1,0),(20,3,'2025-02-18 15:27:30.000','2025-02-18 15:27:30.000','0.0','0.0','0.0',NULL,'30.0','0.0','0.0',3,1,1),(21,3,'2025-02-18 15:27:30.000','2025-02-18 15:27:30.000','0.0','0.0','0.0','0.0','32.0','0.0','0.0',4,0,0),(22,3,'2025-02-18 15:27:30.000','2025-02-18 15:27:30.000','0.0','0.0','0.0','0.0','32.0','0.0','0.0',4,0,1),(23,3,'2025-02-18 15:27:30.000','2025-02-18 15:27:30.000','0.0','0.0','0.0',NULL,'30.0','0.0','0.0',4,1,0),(24,3,'2025-02-18 15:27:30.000','2025-02-18 15:27:30.000','0.0','0.0','0.0',NULL,'30.0','0.0','0.0',4,1,1),(25,4,'2025-02-18 17:10:10.000','2025-02-18 17:10:10.000','0.0','0.0','0.0','0.0','32.0','0.0','0.0',3,0,0),(26,4,'2025-02-18 17:10:10.000','2025-02-18 17:10:10.000','0.0','0.0','0.0','0.0','32.0','0.0','0.0',3,0,1),(27,4,'2025-02-18 17:10:10.000','2025-02-18 17:10:10.000','0.0','0.0','0.0',NULL,'30.0','0.0','0.0',3,1,0),(28,4,'2025-02-18 17:10:10.000','2025-02-18 17:10:10.000','0.0','0.0','0.0',NULL,'30.0','0.0','0.0',3,1,1),(29,4,'2025-02-18 17:10:10.000','2025-02-18 17:10:10.000','0.0','0.0','0.0','0.0','32.0','0.0','0.0',4,0,0),(30,4,'2025-02-18 17:10:10.000','2025-02-18 17:10:10.000','0.0','0.0','0.0','0.0','32.0','0.0','0.0',4,0,1),(31,4,'2025-02-18 17:10:10.000','2025-02-18 17:10:10.000','0.0','0.0','0.0',NULL,'30.0','0.0','0.0',4,1,0),(32,4,'2025-02-18 17:10:10.000','2025-02-18 17:10:10.000','0.0','0.0','0.0',NULL,'30.0','0.0','0.0',4,1,1),(33,5,'2025-02-18 17:10:28.000','2025-02-18 17:10:28.000','0.0','0.0','0.0','0.0','32.0','0.0','0.0',3,0,0),(34,5,'2025-02-18 17:10:28.000','2025-02-18 17:10:28.000','0.0','0.0','0.0','0.0','32.0','0.0','0.0',3,0,1),(35,5,'2025-02-18 17:10:28.000','2025-02-18 17:10:28.000','0.0','0.0','0.0',NULL,'30.0','0.0','0.0',3,1,0),(36,5,'2025-02-18 17:10:28.000','2025-02-18 17:10:28.000','0.0','0.0','0.0',NULL,'30.0','0.0','0.0',3,1,1),(37,5,'2025-02-18 17:10:28.000','2025-02-18 17:10:28.000','0.0','0.0','0.0','0.0','32.0','0.0','0.0',4,0,0),(38,5,'2025-02-18 17:10:28.000','2025-02-18 17:10:28.000','0.0','0.0','0.0','0.0','32.0','0.0','0.0',4,0,1),(39,5,'2025-02-18 17:10:28.000','2025-02-18 17:10:28.000','0.0','0.0','0.0',NULL,'30.0','0.0','0.0',4,1,0),(40,5,'2025-02-18 17:10:28.000','2025-02-18 17:10:28.000','0.0','0.0','0.0',NULL,'30.0','0.0','0.0',4,1,1),(41,6,'2025-02-20 09:27:53.000','2025-02-20 09:27:53.000','0.0','0.0','0.0','0.0','32.0','0.0','0.0',3,0,0),(42,6,'2025-02-20 09:27:53.000','2025-02-20 09:27:53.000','0.0','0.0','0.0','0.0','32.0','0.0','0.0',3,0,1),(43,6,'2025-02-20 09:27:53.000','2025-02-20 09:27:53.000','0.0','0.0','0.0',NULL,'30.0','0.0','0.0',3,1,0),(44,6,'2025-02-20 09:27:53.000','2025-02-20 09:27:53.000','0.0','0.0','0.0',NULL,'30.0','0.0','0.0',3,1,1),(45,6,'2025-02-20 09:27:53.000','2025-02-20 09:27:53.000','0.0','0.0','0.0','0.0','32.0','0.0','0.0',4,0,0),(46,6,'2025-02-20 09:27:53.000','2025-02-20 09:27:53.000','0.0','0.0','0.0','0.0','32.0','0.0','0.0',4,0,1),(47,6,'2025-02-20 09:27:53.000','2025-02-20 09:27:53.000','0.0','0.0','0.0',NULL,'30.0','0.0','0.0',4,1,0),(48,6,'2025-02-20 09:27:53.000','2025-02-20 09:27:53.000','0.0','0.0','0.0',NULL,'30.0','0.0','0.0',4,1,1),(49,7,'2025-02-20 09:28:08.000','2025-02-20 09:28:08.000','0.0','0.0','0.0','0.0','32.0','0.0','0.0',3,0,0),(50,7,'2025-02-20 09:28:08.000','2025-02-20 09:28:08.000','0.0','0.0','0.0','0.0','32.0','0.0','0.0',3,0,1),(51,7,'2025-02-20 09:28:08.000','2025-02-20 09:28:08.000','0.0','0.0','0.0',NULL,'30.0','0.0','0.0',3,1,0),(52,7,'2025-02-20 09:28:08.000','2025-02-20 09:28:08.000','0.0','0.0','0.0',NULL,'30.0','0.0','0.0',3,1,1),(53,7,'2025-02-20 09:28:08.000','2025-02-20 09:28:08.000','0.0','0.0','0.0','0.0','32.0','0.0','0.0',4,0,0),(54,7,'2025-02-20 09:28:08.000','2025-02-20 09:28:08.000','0.0','0.0','0.0','0.0','32.0','0.0','0.0',4,0,1),(55,7,'2025-02-20 09:28:08.000','2025-02-20 09:28:08.000','0.0','0.0','0.0',NULL,'30.0','0.0','0.0',4,1,0),(56,7,'2025-02-20 09:28:08.000','2025-02-20 09:28:08.000','0.0','0.0','0.0',NULL,'30.0','0.0','0.0',4,1,1),(57,8,'2025-02-20 09:28:19.000','2025-02-20 09:28:19.000','0.0','0.0','0.0','0.0','32.0','0.0','0.0',3,0,0),(58,8,'2025-02-20 09:28:19.000','2025-02-20 09:28:19.000','0.0','0.0','0.0','0.0','32.0','0.0','0.0',3,0,1),(59,8,'2025-02-20 09:28:19.000','2025-02-20 09:28:19.000','0.0','0.0','0.0',NULL,'30.0','0.0','0.0',3,1,0),(60,8,'2025-02-20 09:28:19.000','2025-02-20 09:28:19.000','0.0','0.0','0.0',NULL,'30.0','0.0','0.0',3,1,1),(61,8,'2025-02-20 09:28:19.000','2025-02-20 09:28:19.000','0.0','0.0','0.0','0.0','32.0','0.0','0.0',4,0,0),(62,8,'2025-02-20 09:28:19.000','2025-02-20 09:28:19.000','0.0','0.0','0.0','0.0','32.0','0.0','0.0',4,0,1),(63,8,'2025-02-20 09:28:19.000','2025-02-20 09:28:19.000','0.0','0.0','0.0',NULL,'30.0','0.0','0.0',4,1,0),(64,8,'2025-02-20 09:28:19.000','2025-02-20 09:28:19.000','0.0','0.0','0.0',NULL,'30.0','0.0','0.0',4,1,1),(65,9,'2025-02-20 11:04:26.000','2025-02-20 11:04:26.000','0.0','0.0','0.0','0.0','32.0','0.0','0.0',3,0,0),(66,9,'2025-02-20 11:04:26.000','2025-02-20 11:04:26.000','0.0','0.0','0.0','0.0','32.0','0.0','0.0',3,0,1),(67,9,'2025-02-20 11:04:26.000','2025-02-20 11:04:26.000','0.0','0.0','0.0',NULL,'30.0','0.0','0.0',3,1,0),(68,9,'2025-02-20 11:04:26.000','2025-02-20 11:04:26.000','0.0','0.0','0.0',NULL,'30.0','0.0','0.0',3,1,1),(69,9,'2025-02-20 11:04:26.000','2025-02-20 11:04:26.000','0.0','0.0','0.0','0.0','32.0','0.0','0.0',4,0,0),(70,9,'2025-02-20 11:04:26.000','2025-02-20 11:04:26.000','0.0','0.0','0.0','0.0','32.0','0.0','0.0',4,0,1),(71,9,'2025-02-20 11:04:26.000','2025-02-20 11:04:26.000','0.0','0.0','0.0',NULL,'30.0','0.0','0.0',4,1,0),(72,9,'2025-02-20 11:04:26.000','2025-02-20 11:04:26.000','0.0','0.0','0.0',NULL,'30.0','0.0','0.0',4,1,1),(73,10,'2025-02-20 11:16:43.000','2025-02-20 11:16:43.000','0.0','0.0','0.0','0.0','32.0','0.0','0.0',3,0,0),(74,10,'2025-02-20 11:16:43.000','2025-02-20 11:16:43.000','0.0','0.0','0.0','0.0','32.0','0.0','0.0',3,0,1),(75,10,'2025-02-20 11:16:43.000','2025-02-20 11:16:43.000','0.0','0.0','0.0',NULL,'30.0','0.0','0.0',3,1,0),(76,10,'2025-02-20 11:16:43.000','2025-02-20 11:16:43.000','0.0','0.0','0.0',NULL,'30.0','0.0','0.0',3,1,1),(77,10,'2025-02-20 11:16:43.000','2025-02-20 11:16:43.000','0.0','0.0','0.0','0.0','32.0','0.0','0.0',4,0,0),(78,10,'2025-02-20 11:16:43.000','2025-02-20 11:16:43.000','0.0','0.0','0.0','0.0','32.0','0.0','0.0',4,0,1),(79,10,'2025-02-20 11:16:43.000','2025-02-20 11:16:43.000','0.0','0.0','0.0',NULL,'30.0','0.0','0.0',4,1,0),(80,10,'2025-02-20 11:16:43.000','2025-02-20 11:16:43.000','0.0','0.0','0.0',NULL,'30.0','0.0','0.0',4,1,1),(81,11,'2025-02-20 11:44:39.000','2025-02-20 11:44:39.000','0.0','0.0','0.0','0.0','32.0','0.0','0.0',3,0,0),(82,11,'2025-02-20 11:44:39.000','2025-02-20 11:44:39.000','0.0','0.0','0.0','0.0','32.0','0.0','0.0',3,0,1),(83,11,'2025-02-20 11:44:39.000','2025-02-20 11:44:39.000','0.0','0.0','0.0',NULL,'30.0','0.0','0.0',3,1,0),(84,11,'2025-02-20 11:44:39.000','2025-02-20 11:44:39.000','0.0','0.0','0.0',NULL,'30.0','0.0','0.0',3,1,1),(85,11,'2025-02-20 11:44:39.000','2025-02-20 11:44:39.000','0.0','0.0','0.0','0.0','32.0','0.0','0.0',4,0,0),(86,11,'2025-02-20 11:44:39.000','2025-02-20 11:44:39.000','0.0','0.0','0.0','0.0','32.0','0.0','0.0',4,0,1),(87,11,'2025-02-20 11:44:39.000','2025-02-20 11:44:39.000','0.0','0.0','0.0',NULL,'30.0','0.0','0.0',4,1,0),(88,11,'2025-02-20 11:44:39.000','2025-02-20 11:44:39.000','0.0','0.0','0.0',NULL,'30.0','0.0','0.0',4,1,1),(89,12,'2025-02-20 12:32:28.000','2025-02-20 12:32:28.000','0.0','0.0','0.0','0.0','32.0','0.0','0.0',3,0,0),(90,12,'2025-02-20 12:32:28.000','2025-02-20 12:32:28.000','0.0','0.0','0.0','0.0','32.0','0.0','0.0',3,0,1),(91,12,'2025-02-20 12:32:28.000','2025-02-20 12:32:28.000','0.0','0.0','0.0',NULL,'30.0','0.0','0.0',3,1,0),(92,12,'2025-02-20 12:32:28.000','2025-02-20 12:32:28.000','0.0','0.0','0.0',NULL,'30.0','0.0','0.0',3,1,1),(93,12,'2025-02-20 12:32:28.000','2025-02-20 12:32:28.000','0.0','0.0','0.0','0.0','32.0','0.0','0.0',4,0,0),(94,12,'2025-02-20 12:32:28.000','2025-02-20 12:32:28.000','0.0','0.0','0.0','0.0','32.0','0.0','0.0',4,0,1),(95,12,'2025-02-20 12:32:28.000','2025-02-20 12:32:28.000','0.0','0.0','0.0',NULL,'30.0','0.0','0.0',4,1,0),(96,12,'2025-02-20 12:32:28.000','2025-02-20 12:32:28.000','0.0','0.0','0.0',NULL,'30.0','0.0','0.0',4,1,1),(97,13,'2025-02-20 13:02:07.000','2025-02-20 13:02:07.000','0.0','0.0','0.0','0.0','32.0','0.0','0.0',3,0,0),(98,13,'2025-02-20 13:02:07.000','2025-02-20 13:02:07.000','0.0','0.0','0.0','0.0','32.0','0.0','0.0',3,0,1),(99,13,'2025-02-20 13:02:07.000','2025-02-20 13:02:07.000','0.0','0.0','0.0',NULL,'30.0','0.0','0.0',3,1,0),(100,13,'2025-02-20 13:02:07.000','2025-02-20 13:02:07.000','0.0','0.0','0.0',NULL,'30.0','0.0','0.0',3,1,1),(101,13,'2025-02-20 13:02:07.000','2025-02-20 13:02:07.000','0.0','0.0','0.0','0.0','32.0','0.0','0.0',4,0,0),(102,13,'2025-02-20 13:02:07.000','2025-02-20 13:02:07.000','0.0','0.0','0.0','0.0','32.0','0.0','0.0',4,0,1),(103,13,'2025-02-20 13:02:07.000','2025-02-20 13:02:07.000','0.0','0.0','0.0',NULL,'30.0','0.0','0.0',4,1,0),(104,13,'2025-02-20 13:02:07.000','2025-02-20 13:02:07.000','0.0','0.0','0.0',NULL,'30.0','0.0','0.0',4,1,1),(105,14,'2025-02-21 10:30:49.000','2025-02-21 10:30:49.000','0.0','0.0','0.0','0.0','32.0','0.0','0.0',3,0,0),(106,14,'2025-02-21 10:30:49.000','2025-02-21 10:30:49.000','0.0','0.0','0.0','0.0','32.0','0.0','0.0',3,0,1),(107,14,'2025-02-21 10:30:49.000','2025-02-21 10:30:49.000','0.0','0.0','0.0',NULL,'30.0','0.0','0.0',3,1,0),(108,14,'2025-02-21 10:30:49.000','2025-02-21 10:30:49.000','0.0','0.0','0.0',NULL,'30.0','0.0','0.0',3,1,1),(109,14,'2025-02-21 10:30:49.000','2025-02-21 10:30:49.000','0.0','0.0','0.0','0.0','32.0','0.0','0.0',4,0,0),(110,14,'2025-02-21 10:30:49.000','2025-02-21 10:30:49.000','0.0','0.0','0.0','0.0','32.0','0.0','0.0',4,0,1),(111,14,'2025-02-21 10:30:49.000','2025-02-21 10:30:49.000','0.0','0.0','0.0',NULL,'30.0','0.0','0.0',4,1,0),(112,14,'2025-02-21 10:30:49.000','2025-02-21 10:30:49.000','0.0','0.0','0.0',NULL,'30.0','0.0','0.0',4,1,1),(113,15,'2025-02-21 10:43:19.000','2025-02-21 10:43:19.000','0.0','0.0','0.0','0.0','32.0','0.0','0.0',3,0,0),(114,15,'2025-02-21 10:43:19.000','2025-02-21 10:43:19.000','0.0','0.0','0.0','0.0','32.0','0.0','0.0',3,0,1),(115,15,'2025-02-21 10:43:19.000','2025-02-21 10:43:19.000','0.0','0.0','0.0',NULL,'30.0','0.0','0.0',3,1,0),(116,15,'2025-02-21 10:43:19.000','2025-02-21 10:43:19.000','0.0','0.0','0.0',NULL,'30.0','0.0','0.0',3,1,1),(117,15,'2025-02-21 10:43:19.000','2025-02-21 10:43:19.000','0.0','0.0','0.0','0.0','32.0','0.0','0.0',4,0,0),(118,15,'2025-02-21 10:43:19.000','2025-02-21 10:43:19.000','0.0','0.0','0.0','0.0','32.0','0.0','0.0',4,0,1),(119,15,'2025-02-21 10:43:19.000','2025-02-25 10:29:48.000','0.0','0.0','0.0','0.0','30.0','0.0','0.0',4,1,0),(120,15,'2025-02-21 10:43:19.000','2025-02-25 10:29:43.000','0.0','0.0','0.0','0.0','30.0','0.0','0.0',4,1,1),(123,15,'2025-02-21 10:43:19.000','2025-02-21 10:43:19.000','0.0','0.0','0.0','0.0','32.0','0.0','0.0',2,0,1),(124,15,'2025-02-21 10:43:19.000','2025-02-21 10:43:19.000','0.0','0.0','0.0','0.0','32.0','0.0','0.0',2,0,0),(127,15,'2025-02-21 10:43:19.000','2025-02-21 10:43:19.000','0.0','0.0','0.0','0.0','32.0','0.0','0.0',1,0,1),(128,15,'2025-02-21 10:43:19.000','2025-02-21 10:43:19.000','0.0','0.0','0.0','0.0','32.0','0.0','0.0',1,0,0),(129,16,'2026-03-26 16:56:35.000','2026-03-26 16:56:35.000','-2.25','-0.25','58','0.0','64.16','0.0','0.0',1,0,0),(130,16,'2026-03-26 16:56:35.000','2026-03-26 16:56:35.000','-2.25','-0.50','94','0.0','64.16','0.0','0.0',1,0,1),(131,16,'2026-03-26 16:56:35.000','2026-03-26 16:56:35.000','-2.25','-0.25','58.0','0.0','64.16','0.0','0.0',3,0,0),(132,16,'2026-03-26 16:56:35.000','2026-03-26 16:56:35.000','-2.0','-0.5','99.0','0.0','64.16','0.0','0.0',3,0,1),(133,16,'2026-03-26 16:56:35.000','2026-03-26 16:56:35.000','0.0','0.0','0.0','0.0','64.0','0.0','0.0',3,1,0),(134,16,'2026-03-26 16:56:35.000','2026-03-26 16:56:35.000','0.0','0.0','0.0','0.0','64.0','0.0','0.0',3,1,1),(135,16,'2026-03-26 16:56:35.000','2026-03-26 16:56:35.000','-2.25','-0.25','58.0','0.0','64.16','0.0','0.0',4,0,0),(136,16,'2026-03-26 16:56:35.000','2026-03-26 16:56:35.000','-2.0','-0.5','99.0','0.0','64.16','0.0','0.0',4,0,1),(137,16,'2026-03-26 16:56:35.000','2026-03-26 16:56:35.000','0.0','0.0','0.0','0.0','64.0','0.0','0.0',4,1,0),(138,16,'2026-03-26 16:56:35.000','2026-03-26 16:56:35.000','0.0','0.0','0.0','0.0','64.0','0.0','0.0',4,1,1),(139,17,'2026-03-27 10:44:51.000','2026-03-27 10:44:51.000','-2.75','-0.25','79','0.0','64.24','0.0','0.0',1,0,0),(140,17,'2026-03-27 10:44:51.000','2026-03-27 10:44:51.000','-2.75','-0.25','85','0.0','64.24','0.0','0.0',1,0,1),(141,17,'2026-03-27 10:44:51.000','2026-03-27 10:44:51.000','-2.75','-0.25','79.0','0.0','64.24','0.0','0.0',3,0,0),(142,17,'2026-03-27 10:44:51.000','2026-03-27 10:44:51.000','-2.75','-0.25','85.0','0.0','64.24','0.0','0.0',3,0,1),(143,17,'2026-03-27 10:44:51.000','2026-03-27 10:44:51.000','0.0','0.0','0.0','0.0','64.0','0.0','0.0',3,1,0),(144,17,'2026-03-27 10:44:51.000','2026-03-27 10:44:51.000','0.0','0.0','0.0','0.0','64.0','0.0','0.0',3,1,1),(145,17,'2026-03-27 10:44:51.000','2026-03-27 10:44:51.000','-2.75','-0.25','79.0','0.0','64.24','0.0','0.0',4,0,0),(146,17,'2026-03-27 10:44:51.000','2026-03-27 10:44:51.000','-2.75','-0.25','85.0','0.0','64.24','0.0','0.0',4,0,1),(147,17,'2026-03-27 10:44:51.000','2026-03-27 10:44:51.000','0.0','0.0','0.0','0.0','64.0','0.0','0.0',4,1,0),(148,17,'2026-03-27 10:44:51.000','2026-03-27 10:44:51.000','0.0','0.0','0.0','0.0','64.0','0.0','0.0',4,1,1),(149,18,'2026-03-27 15:42:53.000','2026-03-27 15:42:53.000','-9.00','-1.00','3','0.0','61.92','0.0','0.0',1,0,0),(150,18,'2026-03-27 15:42:53.000','2026-03-27 15:42:53.000','-8.00','-0.25','61','0.0','61.92','0.0','0.0',1,0,1),(151,18,'2026-03-27 15:42:53.000','2026-03-27 15:42:53.000','-9.0','-1.0','3.0','0.0','61.92','0.0','0.0',3,0,0),(152,18,'2026-03-27 15:42:53.000','2026-03-27 15:42:53.000','-8.0','-0.25','61.0','0.0','61.92','0.0','0.0',3,0,1),(153,18,'2026-03-27 15:42:53.000','2026-03-27 15:42:53.000','0.0','0.0','0.0','0.0','64.0','0.0','0.0',3,1,0),(154,18,'2026-03-27 15:42:53.000','2026-03-27 15:42:53.000','0.0','0.0','0.0','0.0','64.0','0.0','0.0',3,1,1),(155,18,'2026-03-27 15:42:53.000','2026-03-27 15:42:53.000','-9.0','-1.0','3.0','0.0','61.92','0.0','0.0',4,0,0),(156,18,'2026-03-27 15:42:53.000','2026-03-27 15:42:53.000','-8.0','-0.25','61.0','0.0','61.92','0.0','0.0',4,0,1),(157,18,'2026-03-27 15:42:53.000','2026-03-27 15:42:53.000','0.0','0.0','0.0','0.0','64.0','0.0','0.0',4,1,0),(158,18,'2026-03-27 15:42:53.000','2026-03-27 15:42:53.000','0.0','0.0','0.0','0.0','64.0','0.0','0.0',4,1,1),(159,19,'2026-03-28 09:19:06.000','2026-03-28 09:19:06.000','-5.25','-0.50','120','0.0','64.53','0.0','0.0',1,0,0),(160,19,'2026-03-28 09:19:06.000','2026-03-28 09:19:06.000','-6.25','-0.50','72','0.0','64.53','0.0','0.0',1,0,1),(161,19,'2026-03-28 09:19:06.000','2026-03-28 09:19:06.000','-5.5','-1.0','125.0','0.0','64.53','0.0','0.0',3,0,0),(162,19,'2026-03-28 09:19:06.000','2026-03-28 09:19:06.000','-6.25','-0.5','67.0','0.0','64.53','0.0','0.0',3,0,1),(163,19,'2026-03-28 09:19:06.000','2026-03-28 09:19:06.000','0.0','0.0','0.0','0.0','64.0','0.0','0.0',3,1,0),(164,19,'2026-03-28 09:19:07.000','2026-03-28 09:19:07.000','0.0','0.0','0.0','0.0','64.0','0.0','0.0',3,1,1),(165,19,'2026-03-28 09:19:07.000','2026-03-28 09:19:07.000','-5.5','-1.0','125.0','0.0','64.53','0.0','0.0',4,0,0),(166,19,'2026-03-28 09:19:07.000','2026-03-28 09:19:07.000','-6.25','-0.5','67.0','0.0','64.53','0.0','0.0',4,0,1),(167,19,'2026-03-28 09:19:07.000','2026-03-28 09:19:07.000','0.0','0.0','0.0','0.0','64.0','0.0','0.0',4,1,0),(168,19,'2026-03-28 09:19:07.000','2026-03-28 09:19:07.000','0.0','0.0','0.0','0.0','64.0','0.0','0.0',4,1,1),(169,20,'2026-03-28 09:35:41.000','2026-03-28 09:35:41.000','-5.75','-0.50','103','0.0','64.78','0.0','0.0',1,0,0),(170,20,'2026-03-28 09:35:41.000','2026-03-28 09:35:41.000','-6.75','-0.50','70','0.0','64.78','0.0','0.0',1,0,1),(171,20,'2026-03-28 09:35:41.000','2026-03-28 09:35:41.000','-6.25','0.0','138.0','0.0','64.78','0.0','0.0',3,0,0),(172,20,'2026-03-28 09:35:41.000','2026-03-28 09:35:41.000','-6.5','-0.75','65.0','0.0','64.78','0.0','0.0',3,0,1),(173,20,'2026-03-28 09:35:41.000','2026-03-28 09:35:41.000','0.0','0.0','0.0','0.0','64.0','0.0','0.0',3,1,0),(174,20,'2026-03-28 09:35:41.000','2026-03-28 09:35:41.000','0.0','0.0','0.0','0.0','64.0','0.0','0.0',3,1,1),(175,20,'2026-03-28 09:35:41.000','2026-03-28 09:35:41.000','-6.25','0.0','138.0','0.0','64.78','0.0','0.0',4,0,0),(176,20,'2026-03-28 09:35:41.000','2026-03-28 09:35:41.000','-6.5','-0.75','65.0','0.0','64.78','0.0','0.0',4,0,1),(177,20,'2026-03-28 09:35:41.000','2026-03-28 09:35:41.000','0.0','0.0','0.0','0.0','64.0','0.0','0.0',4,1,0),(178,20,'2026-03-28 09:35:41.000','2026-03-28 09:35:41.000','0.0','0.0','0.0','0.0','64.0','0.0','0.0',4,1,1),(179,21,'2026-03-28 09:46:17.000','2026-03-28 09:46:17.000','-7.25','-1.00','2','0.0','62.39','0.0','0.0',1,0,0),(180,21,'2026-03-28 09:46:17.000','2026-03-28 09:46:17.000','-7.25','-1.00','5','0.0','62.39','0.0','0.0',1,0,1),(181,21,'2026-03-28 09:46:17.000','2026-03-28 09:46:17.000','-7.0','-1.0','2.0','0.0','62.39','0.0','0.0',3,0,0),(182,21,'2026-03-28 09:46:17.000','2026-03-28 09:46:17.000','-7.0','-1.0','5.0','0.0','62.39','0.0','0.0',3,0,1),(183,21,'2026-03-28 09:46:17.000','2026-03-28 09:46:17.000','0.0','0.0','0.0','0.0','64.0','0.0','0.0',3,1,0),(184,21,'2026-03-28 09:46:17.000','2026-03-28 09:46:17.000','0.0','0.0','0.0','0.0','64.0','0.0','0.0',3,1,1),(185,21,'2026-03-28 09:46:17.000','2026-03-28 09:46:17.000','-7.0','-1.0','2.0','0.0','62.39','0.0','0.0',4,0,0),(186,21,'2026-03-28 09:46:17.000','2026-03-28 09:46:17.000','-7.0','-1.0','5.0','0.0','62.39','0.0','0.0',4,0,1),(187,21,'2026-03-28 09:46:18.000','2026-03-28 09:46:18.000','0.0','0.0','0.0','0.0','64.0','0.0','0.0',4,1,0),(188,21,'2026-03-28 09:46:18.000','2026-03-28 09:46:18.000','0.0','0.0','0.0','0.0','64.0','0.0','0.0',4,1,1),(189,22,'2026-03-28 12:08:32.000','2026-03-28 12:08:32.000','3.25','-6.00','11','0.0','57.66','0.0','0.0',1,0,0),(190,22,'2026-03-28 12:08:32.000','2026-03-28 12:08:32.000','-3.25','-0.25','8','0.0','57.66','0.0','0.0',1,0,1),(191,22,'2026-03-28 12:08:32.000','2026-03-28 12:08:32.000','3.25','-5.75','14.0','0.0','57.66','0.0','0.0',3,0,0),(192,22,'2026-03-28 12:08:32.000','2026-03-28 12:08:32.000','-3.25','-0.25','8.0','0.0','57.66','0.0','0.0',3,0,1),(193,22,'2026-03-28 12:08:32.000','2026-03-28 12:08:32.000','0.0','0.0','0.0','0.0','64.0','0.0','0.0',3,1,0),(194,22,'2026-03-28 12:08:32.000','2026-03-28 12:08:32.000','0.0','0.0','0.0','0.0','64.0','0.0','0.0',3,1,1),(195,22,'2026-03-28 12:08:32.000','2026-03-28 12:08:32.000','3.25','-5.75','14.0','0.0','57.66','0.0','0.0',4,0,0),(196,22,'2026-03-28 12:08:32.000','2026-03-28 12:08:32.000','-3.25','-0.25','8.0','0.0','57.66','0.0','0.0',4,0,1),(197,22,'2026-03-28 12:08:32.000','2026-03-28 12:08:32.000','0.0','0.0','0.0','0.0','64.0','0.0','0.0',4,1,0),(198,22,'2026-03-28 12:08:32.000','2026-03-28 12:08:32.000','0.0','0.0','0.0','0.0','64.0','0.0','0.0',4,1,1),(199,23,'2026-03-28 16:47:33.000','2026-03-28 16:47:33.000','-4.75','-2.25','1','0.0','58.86','0.0','0.0',1,0,0),(200,23,'2026-03-28 16:47:33.000','2026-03-28 16:47:33.000','-4.75','-3.00','10','0.0','58.86','0.0','0.0',1,0,1),(201,23,'2026-03-28 16:47:33.000','2026-03-28 16:47:33.000','-4.75','-2.25','1.0','0.0','58.86','0.0','0.0',3,0,0),(202,23,'2026-03-28 16:47:33.000','2026-03-28 16:47:33.000','-4.25','-2.75','9.0','0.0','58.86','0.0','0.0',3,0,1),(203,23,'2026-03-28 16:47:33.000','2026-03-28 16:47:33.000','0.0','0.0','0.0','0.0','64.0','0.0','0.0',3,1,0),(204,23,'2026-03-28 16:47:33.000','2026-03-28 16:47:33.000','0.0','0.0','0.0','0.0','64.0','0.0','0.0',3,1,1),(205,23,'2026-03-28 16:47:33.000','2026-03-28 16:47:33.000','-4.75','-2.25','1.0','0.0','58.86','0.0','0.0',4,0,0),(206,23,'2026-03-28 16:47:33.000','2026-03-28 16:47:33.000','-4.25','-2.75','9.0','0.0','58.86','0.0','0.0',4,0,1),(207,23,'2026-03-28 16:47:33.000','2026-03-28 16:47:33.000','0.0','0.0','0.0','0.0','64.0','0.0','0.0',4,1,0),(208,23,'2026-03-28 16:47:33.000','2026-03-28 16:47:33.000','0.0','0.0','0.0','0.0','64.0','0.0','0.0',4,1,1),(209,24,'2026-03-30 09:32:26.000','2026-03-30 09:32:26.000','-2.25','-0.50','89','0.0','64.40','0.0','0.0',1,0,0),(210,24,'2026-03-30 09:32:26.000','2026-03-30 09:32:26.000','-2.00','-0.50','60','0.0','64.40','0.0','0.0',1,0,1),(211,24,'2026-03-30 09:32:26.000','2026-03-30 09:32:26.000','-2.25','-0.5','84.0','0.0','64.4','0.0','0.0',3,0,0),(212,24,'2026-03-30 09:32:26.000','2026-03-30 09:32:26.000','-2.25','-0.25','85.0','0.0','64.4','0.0','0.0',3,0,1),(213,24,'2026-03-30 09:32:26.000','2026-03-30 09:32:26.000','0.0','0.0','0.0','0.0','64.0','0.0','0.0',3,1,0),(214,24,'2026-03-30 09:32:26.000','2026-03-30 09:32:26.000','0.0','0.0','0.0','0.0','64.0','0.0','0.0',3,1,1),(215,24,'2026-03-30 09:32:26.000','2026-03-30 09:32:26.000','-2.25','-0.5','84.0','0.0','64.4','0.0','0.0',4,0,0),(216,24,'2026-03-30 09:32:26.000','2026-03-30 09:32:26.000','-2.25','-0.25','85.0','0.0','64.4','0.0','0.0',4,0,1),(217,24,'2026-03-30 09:32:26.000','2026-03-30 09:32:26.000','0.0','0.0','0.0','0.0','64.0','0.0','0.0',4,1,0),(218,24,'2026-03-30 09:32:26.000','2026-03-30 09:32:26.000','0.0','0.0','0.0','0.0','64.0','0.0','0.0',4,1,1),(219,25,'2026-03-30 10:48:24.000','2026-03-30 10:48:24.000','-6.75','-1.25','3','0.0','63.02','0.0','0.0',1,0,0),(220,25,'2026-03-30 10:48:24.000','2026-03-30 10:48:24.000','-7.25','-1.25','5','0.0','63.02','0.0','0.0',1,0,1),(221,25,'2026-03-30 10:48:24.000','2026-03-30 10:48:24.000','-6.75','-1.25','8.0','0.0','63.02','0.0','0.0',3,0,0),(222,25,'2026-03-30 10:48:24.000','2026-03-30 10:48:24.000','-6.75','-1.25','5.0','0.0','63.02','0.0','0.0',3,0,1),(223,25,'2026-03-30 10:48:24.000','2026-03-30 10:48:24.000','0.0','0.0','0.0','0.0','64.0','0.0','0.0',3,1,0),(224,25,'2026-03-30 10:48:24.000','2026-03-30 10:48:24.000','0.0','0.0','0.0','0.0','64.0','0.0','0.0',3,1,1),(225,25,'2026-03-30 10:48:24.000','2026-03-30 10:48:24.000','-6.75','-1.25','8.0','0.0','63.02','0.0','0.0',4,0,0),(226,25,'2026-03-30 10:48:24.000','2026-03-30 10:48:24.000','-6.75','-1.25','5.0','0.0','63.02','0.0','0.0',4,0,1),(227,25,'2026-03-30 10:48:24.000','2026-03-30 10:48:24.000','0.0','0.0','0.0','0.0','64.0','0.0','0.0',4,1,0),(228,25,'2026-03-30 10:48:24.000','2026-03-30 10:48:24.000','0.0','0.0','0.0','0.0','64.0','0.0','0.0',4,1,1),(229,26,'2026-03-30 11:38:06.000','2026-03-30 11:38:06.000','4.50','-6.50','8','0.0','57.66','0.0','0.0',1,0,0),(230,26,'2026-03-30 11:38:06.000','2026-03-30 11:38:06.000','-2.75','-0.50','9','0.0','57.66','0.0','0.0',1,0,1),(231,26,'2026-03-30 11:38:06.000','2026-03-30 11:38:06.000','4.25','-6.0','13.0','0.0','57.66','0.0','0.0',3,0,0),(232,26,'2026-03-30 11:38:06.000','2026-03-30 11:38:06.000','-3.25','0.0','9.0','0.0','57.66','0.0','0.0',3,0,1),(233,26,'2026-03-30 11:38:06.000','2026-03-30 11:38:06.000','0.0','0.0','0.0','0.0','64.0','0.0','0.0',3,1,0),(234,26,'2026-03-30 11:38:06.000','2026-03-30 11:38:06.000','0.0','0.0','0.0','0.0','64.0','0.0','0.0',3,1,1),(235,26,'2026-03-30 11:38:06.000','2026-03-30 11:38:06.000','4.25','-6.0','13.0','0.0','57.66','0.0','0.0',4,0,0),(236,26,'2026-03-30 11:38:06.000','2026-03-30 11:38:06.000','-3.25','0.0','9.0','0.0','57.66','0.0','0.0',4,0,1),(237,26,'2026-03-30 11:38:06.000','2026-03-30 11:38:06.000','0.0','0.0','0.0','0.0','64.0','0.0','0.0',4,1,0),(238,26,'2026-03-30 11:38:06.000','2026-03-30 11:38:06.000','0.0','0.0','0.0','0.0','64.0','0.0','0.0',4,1,1),(239,27,'2026-03-30 12:58:51.000','2026-03-30 12:58:51.000','-3.75','-1.00','79','0.0','65.46','0.0','0.0',1,0,0),(240,27,'2026-03-30 12:58:51.000','2026-03-30 12:58:51.000','-3.25','-1.50','87','0.0','65.46','0.0','0.0',1,0,1),(241,27,'2026-03-30 12:58:51.000','2026-03-30 12:58:51.000','-3.75','-0.75','94.0','0.0','65.46','0.0','0.0',3,0,0),(242,27,'2026-03-30 12:58:51.000','2026-03-30 12:58:51.000','-3.25','-1.5','86.0','0.0','65.46','0.0','0.0',3,0,1),(243,27,'2026-03-30 12:58:51.000','2026-03-30 12:58:51.000','0.0','0.0','0.0','0.0','64.0','0.0','0.0',3,1,0),(244,27,'2026-03-30 12:58:51.000','2026-03-30 12:58:51.000','0.0','0.0','0.0','0.0','64.0','0.0','0.0',3,1,1),(245,27,'2026-03-30 12:58:51.000','2026-03-30 12:58:51.000','-3.75','-0.75','94.0','0.0','65.46','0.0','0.0',4,0,0),(246,27,'2026-03-30 12:58:51.000','2026-03-30 12:58:51.000','-3.25','-1.5','86.0','0.0','65.46','0.0','0.0',4,0,1),(247,27,'2026-03-30 12:58:51.000','2026-03-30 12:58:51.000','0.0','0.0','0.0','0.0','64.0','0.0','0.0',4,1,0),(248,27,'2026-03-30 12:58:51.000','2026-03-30 12:58:51.000','0.0','0.0','0.0','0.0','64.0','0.0','0.0',4,1,1),(249,28,'2026-03-30 13:03:59.000','2026-03-30 13:03:59.000','-3.75','-1.25','79','0.0','65.74','0.0','0.0',1,0,0),(250,28,'2026-03-30 13:03:59.000','2026-03-30 13:03:59.000','-3.50','-1.00','85','0.0','65.74','0.0','0.0',1,0,1),(251,28,'2026-03-30 13:03:59.000','2026-03-30 13:03:59.000','-3.75','-1.0','99.0','0.0','65.74','0.0','0.0',3,0,0),(252,28,'2026-03-30 13:03:59.000','2026-03-30 13:03:59.000','-3.5','-1.5','85.0','0.0','65.74','0.0','0.0',3,0,1),(253,28,'2026-03-30 13:03:59.000','2026-03-30 13:03:59.000','0.0','0.0','0.0','0.0','64.0','0.0','0.0',3,1,0),(254,28,'2026-03-30 13:03:59.000','2026-03-30 13:03:59.000','0.0','0.0','0.0','0.0','64.0','0.0','0.0',3,1,1),(255,28,'2026-03-30 13:03:59.000','2026-03-30 13:03:59.000','-3.75','-1.0','99.0','0.0','65.74','0.0','0.0',4,0,0),(256,28,'2026-03-30 13:03:59.000','2026-03-30 13:03:59.000','-3.5','-1.5','85.0','0.0','65.74','0.0','0.0',4,0,1),(257,28,'2026-03-30 13:03:59.000','2026-03-30 13:03:59.000','0.0','0.0','0.0','0.0','64.0','0.0','0.0',4,1,0),(258,28,'2026-03-30 13:03:59.000','2026-03-30 13:03:59.000','0.0','0.0','0.0','0.0','64.0','0.0','0.0',4,1,1),(259,29,'2026-03-30 13:15:32.000','2026-03-30 13:15:32.000','-7.50','-0.75','11','0.0','62.93','0.0','0.0',1,0,0),(260,29,'2026-03-30 13:15:32.000','2026-03-30 13:15:32.000','-7.00','-0.25','55','0.0','62.93','0.0','0.0',1,0,1),(261,29,'2026-03-30 13:15:32.000','2026-03-30 13:15:32.000','-7.5','-0.75','11.0','0.0','62.93','0.0','0.0',3,0,0),(262,29,'2026-03-30 13:15:32.000','2026-03-30 13:15:32.000','-7.0','-0.25','55.0','0.0','62.93','0.0','0.0',3,0,1),(263,29,'2026-03-30 13:15:32.000','2026-03-30 13:15:32.000','0.0','0.0','0.0','0.0','64.0','0.0','0.0',3,1,0),(264,29,'2026-03-30 13:15:32.000','2026-03-30 13:15:32.000','0.0','0.0','0.0','0.0','64.0','0.0','0.0',3,1,1),(265,29,'2026-03-30 13:15:32.000','2026-03-30 13:15:32.000','-7.5','-0.75','11.0','0.0','62.93','0.0','0.0',4,0,0),(266,29,'2026-03-30 13:15:32.000','2026-03-30 13:15:32.000','-7.0','-0.25','55.0','0.0','62.93','0.0','0.0',4,0,1),(267,29,'2026-03-30 13:15:32.000','2026-03-30 13:15:32.000','0.0','0.0','0.0','0.0','64.0','0.0','0.0',4,1,0),(268,29,'2026-03-30 13:15:32.000','2026-03-30 13:15:32.000','0.0','0.0','0.0','0.0','64.0','0.0','0.0',4,1,1),(269,30,'2026-03-30 14:41:48.000','2026-03-30 14:41:48.000','-6.00','-4.00','2','0.0','60.14','0.0','0.0',1,0,0),(270,30,'2026-03-30 14:41:48.000','2026-03-30 14:41:48.000','-5.00','-3.75','1','0.0','60.14','0.0','0.0',1,0,1),(271,30,'2026-03-30 14:41:48.000','2026-03-30 14:41:48.000','-6.0','-3.5','2.0','0.0','60.14','0.0','0.0',3,0,0),(272,30,'2026-03-30 14:41:48.000','2026-03-30 14:41:48.000','-5.0','-2.75','359.0','0.0','60.14','0.0','0.0',3,0,1),(273,30,'2026-03-30 14:41:48.000','2026-03-30 14:41:48.000','0.0','0.0','0.0','0.0','64.0','0.0','0.0',3,1,0),(274,30,'2026-03-30 14:41:48.000','2026-03-30 14:41:48.000','0.0','0.0','0.0','0.0','64.0','0.0','0.0',3,1,1),(275,30,'2026-03-30 14:41:48.000','2026-03-30 14:41:48.000','-6.0','-3.5','2.0','0.0','60.14','0.0','0.0',4,0,0),(276,30,'2026-03-30 14:41:48.000','2026-03-30 14:41:48.000','-5.0','-2.75','359.0','0.0','60.14','0.0','0.0',4,0,1),(277,30,'2026-03-30 14:41:48.000','2026-03-30 14:41:48.000','0.0','0.0','0.0','0.0','64.0','0.0','0.0',4,1,0),(278,30,'2026-03-30 14:41:48.000','2026-03-30 14:41:48.000','0.0','0.0','0.0','0.0','64.0','0.0','0.0',4,1,1),(279,31,'2026-03-30 14:46:13.000','2026-03-30 14:46:13.000','-4.00','-2.50','2','0.0','60.58','0.0','0.0',1,0,0),(280,31,'2026-03-30 14:46:13.000','2026-03-30 14:46:13.000','-4.00','-3.00','5','0.0','60.58','0.0','0.0',1,0,1),(281,31,'2026-03-30 14:46:13.000','2026-03-30 14:46:13.000','-4.0','-2.5','2.0','0.0','60.58','0.0','0.0',3,0,0),(282,31,'2026-03-30 14:46:13.000','2026-03-30 14:46:13.000','-4.0','-2.0','1.0','0.0','60.58','0.0','0.0',3,0,1),(283,31,'2026-03-30 14:46:13.000','2026-03-30 14:46:13.000','0.0','0.0','0.0','0.0','64.0','0.0','0.0',3,1,0),(284,31,'2026-03-30 14:46:13.000','2026-03-30 14:46:13.000','0.0','0.0','0.0','0.0','64.0','0.0','0.0',3,1,1),(285,31,'2026-03-30 14:46:13.000','2026-03-30 14:46:13.000','-4.0','-2.5','2.0','0.0','60.58','0.0','0.0',4,0,0),(286,31,'2026-03-30 14:46:13.000','2026-03-30 14:46:13.000','-4.0','-2.0','1.0','0.0','60.58','0.0','0.0',4,0,1),(287,31,'2026-03-30 14:46:13.000','2026-03-30 14:46:13.000','0.0','0.0','0.0','0.0','64.0','0.0','0.0',4,1,0),(288,31,'2026-03-30 14:46:13.000','2026-03-30 14:46:13.000','0.0','0.0','0.0','0.0','64.0','0.0','0.0',4,1,1),(289,32,'2026-03-30 14:50:08.000','2026-03-30 14:50:08.000','-4.00','-2.25','2','0.0','61.31','0.0','0.0',1,0,0),(290,32,'2026-03-30 14:50:08.000','2026-03-30 14:50:08.000','-4.25','-3.00','7','0.0','61.31','0.0','0.0',1,0,1),(291,32,'2026-03-30 14:50:08.000','2026-03-30 14:50:08.000','-4.0','-2.0','360.0','0.0','61.31','0.0','0.0',3,0,0),(292,32,'2026-03-30 14:50:08.000','2026-03-30 14:50:08.000','-4.25','-2.5','358.0','0.0','61.31','0.0','0.0',3,0,1),(293,32,'2026-03-30 14:50:08.000','2026-03-30 14:50:08.000','0.0','0.0','0.0','0.0','64.0','0.0','0.0',3,1,0),(294,32,'2026-03-30 14:50:08.000','2026-03-30 14:50:08.000','0.0','0.0','0.0','0.0','64.0','0.0','0.0',3,1,1),(295,32,'2026-03-30 14:50:08.000','2026-03-30 14:50:08.000','-4.0','-2.0','360.0','0.0','61.31','0.0','0.0',4,0,0),(296,32,'2026-03-30 14:50:08.000','2026-03-30 14:50:08.000','-4.25','-2.5','358.0','0.0','61.31','0.0','0.0',4,0,1),(297,32,'2026-03-30 14:50:08.000','2026-03-30 14:50:08.000','0.0','0.0','0.0','0.0','64.0','0.0','0.0',4,1,0),(298,32,'2026-03-30 14:50:08.000','2026-03-30 14:50:08.000','0.0','0.0','0.0','0.0','64.0','0.0','0.0',4,1,1),(299,33,'2026-03-30 16:25:03.000','2026-03-30 16:25:03.000','4.50','-6.75','8','0.0','56.99','0.0','0.0',1,0,0),(300,33,'2026-03-30 16:25:03.000','2026-03-30 16:25:03.000','-2.25','-0.75','2','0.0','56.99','0.0','0.0',1,0,1),(301,33,'2026-03-30 16:25:03.000','2026-03-30 16:25:03.000','3.0','-6.0','12.0','0.0','56.99','0.0','0.0',3,0,0),(302,33,'2026-03-30 16:25:03.000','2026-03-30 16:25:03.000','-3.25','0.0','357.0','0.0','56.99','0.0','0.0',3,0,1),(303,33,'2026-03-30 16:25:03.000','2026-03-30 16:25:03.000','0.0','0.0','0.0','0.0','64.0','0.0','0.0',3,1,0),(304,33,'2026-03-30 16:25:03.000','2026-03-30 16:25:03.000','0.0','0.0','0.0','0.0','64.0','0.0','0.0',3,1,1),(305,33,'2026-03-30 16:25:03.000','2026-03-30 16:25:03.000','3.0','-6.0','12.0','0.0','56.99','0.0','0.0',4,0,0),(306,33,'2026-03-30 16:25:03.000','2026-03-30 16:25:03.000','-3.25','0.0','357.0','0.0','56.99','0.0','0.0',4,0,1),(307,33,'2026-03-30 16:25:03.000','2026-03-30 16:25:03.000','0.0','0.0','0.0','0.0','64.0','0.0','0.0',4,1,0),(308,33,'2026-03-30 16:25:03.000','2026-03-30 16:25:03.000','0.0','0.0','0.0','0.0','64.0','0.0','0.0',4,1,1),(309,34,'2026-03-30 16:39:06.000','2026-03-30 16:39:06.000','-4.25','-1.00','86','0.0','65.87','0.0','0.0',1,0,0),(310,34,'2026-03-30 16:39:06.000','2026-03-30 16:39:06.000','-3.50','-1.00','91','0.0','65.87','0.0','0.0',1,0,1),(311,34,'2026-03-30 16:39:06.000','2026-03-30 16:39:06.000','-4.25','-1.0','86.0','0.0','65.87','0.0','0.0',3,0,0),(312,34,'2026-03-30 16:39:06.000','2026-03-30 16:39:06.000','-3.25','-1.0','86.0','0.0','65.87','0.0','0.0',3,0,1),(313,34,'2026-03-30 16:39:06.000','2026-03-30 16:39:06.000','0.0','0.0','0.0','0.0','64.0','0.0','0.0',3,1,0),(314,34,'2026-03-30 16:39:06.000','2026-03-30 16:39:06.000','0.0','0.0','0.0','0.0','64.0','0.0','0.0',3,1,1),(315,34,'2026-03-30 16:39:06.000','2026-03-30 16:39:06.000','-4.25','-1.0','86.0','0.0','65.87','0.0','0.0',4,0,0),(316,34,'2026-03-30 16:39:06.000','2026-03-30 16:39:06.000','-3.25','-1.0','86.0','0.0','65.87','0.0','0.0',4,0,1),(317,34,'2026-03-30 16:39:06.000','2026-03-30 16:39:06.000','0.0','0.0','0.0','0.0','64.0','0.0','0.0',4,1,0),(318,34,'2026-03-30 16:39:06.000','2026-03-30 16:39:06.000','0.0','0.0','0.0','0.0','64.0','0.0','0.0',4,1,1),(319,35,'2026-04-11 11:44:41.000','2026-04-11 11:44:41.000','-2.25','-0.50','90','0.0','64.43','0.0','0.0',1,0,0),(320,35,'2026-04-11 11:44:41.000','2026-04-11 11:44:41.000','-2.25','-0.50','87','0.0','64.43','0.0','0.0',1,0,1),(321,35,'2026-04-11 11:44:41.000','2026-04-11 11:44:41.000','-2.0','-0.5','90.0','0.0','64.43','0.0','0.0',3,0,0),(322,35,'2026-04-11 11:44:41.000','2026-04-11 11:44:41.000','-2.0','-0.5','87.0','0.0','64.43','0.0','0.0',3,0,1),(323,35,'2026-04-11 11:44:41.000','2026-04-11 11:44:41.000','0.0','0.0','0.0','0.0','64.0','0.0','0.0',3,1,0),(324,35,'2026-04-11 11:44:41.000','2026-04-11 11:44:41.000','0.0','0.0','0.0','0.0','64.0','0.0','0.0',3,1,1),(325,35,'2026-04-11 11:44:41.000','2026-04-11 11:44:41.000','-2.0','-0.5','90.0','0.0','64.43','0.0','0.0',4,0,0),(326,35,'2026-04-11 11:44:41.000','2026-04-11 11:44:41.000','-2.0','-0.5','87.0','0.0','64.43','0.0','0.0',4,0,1),(327,35,'2026-04-11 11:44:41.000','2026-04-11 11:44:41.000','0.0','0.0','0.0','0.0','64.0','0.0','0.0',4,1,0),(328,35,'2026-04-11 11:44:41.000','2026-04-11 11:44:41.000','0.0','0.0','0.0','0.0','64.0','0.0','0.0',4,1,1),(329,36,'2026-04-13 09:53:34.000','2026-04-13 09:53:34.000','-5.25','-1.00','33','0.0','64.56','0.0','0.0',1,0,0),(330,36,'2026-04-13 09:53:34.000','2026-04-13 09:53:34.000','-6.25','-0.75','55','0.0','64.56','0.0','0.0',1,0,1),(331,36,'2026-04-13 09:53:34.000','2026-04-13 09:53:34.000','-5.25','-1.0','323.0','0.0','64.56','0.0','0.0',3,0,0),(332,36,'2026-04-13 09:53:34.000','2026-04-13 09:53:34.000','-6.25','-0.75','65.0','0.0','64.56','0.0','0.0',3,0,1),(333,36,'2026-04-13 09:53:34.000','2026-04-13 09:53:34.000','0.0','0.0','0.0','0.0','64.0','0.0','0.0',3,1,0),(334,36,'2026-04-13 09:53:34.000','2026-04-13 09:53:34.000','0.0','0.0','0.0','0.0','64.0','0.0','0.0',3,1,1),(335,36,'2026-04-13 09:53:34.000','2026-04-13 09:53:34.000','-5.25','-1.0','323.0','0.0','64.56','0.0','0.0',4,0,0),(336,36,'2026-04-13 09:53:34.000','2026-04-13 09:53:34.000','-6.25','-0.75','65.0','0.0','64.56','0.0','0.0',4,0,1),(337,36,'2026-04-13 09:53:34.000','2026-04-13 09:53:34.000','0.0','0.0','0.0','0.0','64.0','0.0','0.0',4,1,0),(338,36,'2026-04-13 09:53:34.000','2026-04-13 09:53:34.000','0.0','0.0','0.0','0.0','64.0','0.0','0.0',4,1,1),(339,37,'2026-04-13 10:16:31.000','2026-04-13 10:16:31.000','3.50','-6.25','12','0.0','57.33','0.0','0.0',1,0,0),(340,37,'2026-04-13 10:16:31.000','2026-04-13 10:16:31.000','-2.75','-0.75','2','0.0','57.33','0.0','0.0',1,0,1),(341,37,'2026-04-13 10:16:31.000','2026-04-13 10:16:31.000','4.25','-6.0','14.0','0.0','57.33','0.0','0.0',3,0,0),(342,37,'2026-04-13 10:16:31.000','2026-04-13 10:16:31.000','-0.75','-0.25','2.0','0.0','57.33','0.0','0.0',3,0,1),(343,37,'2026-04-13 10:16:31.000','2026-04-13 10:16:31.000','0.0','0.0','0.0','0.0','64.0','0.0','0.0',3,1,0),(344,37,'2026-04-13 10:16:31.000','2026-04-13 10:16:31.000','0.0','0.0','0.0','0.0','64.0','0.0','0.0',3,1,1),(345,37,'2026-04-13 10:16:31.000','2026-04-13 10:16:31.000','4.25','-6.0','14.0','0.0','57.33','0.0','0.0',4,0,0),(346,37,'2026-04-13 10:16:31.000','2026-04-13 10:16:31.000','-0.75','-0.25','2.0','0.0','57.33','0.0','0.0',4,0,1),(347,37,'2026-04-13 10:16:31.000','2026-04-13 10:16:31.000','0.0','0.0','0.0','0.0','64.0','0.0','0.0',4,1,0),(348,37,'2026-04-13 10:16:31.000','2026-04-13 10:16:31.000','0.0','0.0','0.0','0.0','64.0','0.0','0.0',4,1,1),(349,38,'2026-04-13 10:20:36.000','2026-04-13 10:20:36.000','4.00','-6.50','11','0.0','57.81','0.0','0.0',1,0,0),(350,38,'2026-04-13 10:20:36.000','2026-04-13 10:20:36.000','-2.75','-0.75','9','0.0','57.81','0.0','0.0',1,0,1),(351,38,'2026-04-13 10:20:36.000','2026-04-13 10:20:36.000','2.25','-6.75','15.0','0.0','57.81','0.0','0.0',3,0,0),(352,38,'2026-04-13 10:20:36.000','2026-04-13 10:20:36.000','-2.0','-0.25','9.0','0.0','57.81','0.0','0.0',3,0,1),(353,38,'2026-04-13 10:20:36.000','2026-04-13 10:20:36.000','0.0','0.0','0.0','0.0','64.0','0.0','0.0',3,1,0),(354,38,'2026-04-13 10:20:36.000','2026-04-13 10:20:36.000','0.0','0.0','0.0','0.0','64.0','0.0','0.0',3,1,1),(355,38,'2026-04-13 10:20:36.000','2026-04-13 10:20:36.000','2.25','-6.75','15.0','0.0','57.81','0.0','0.0',4,0,0),(356,38,'2026-04-13 10:20:36.000','2026-04-13 10:20:36.000','-2.0','-0.25','9.0','0.0','57.81','0.0','0.0',4,0,1),(357,38,'2026-04-13 10:20:36.000','2026-04-13 10:20:36.000','0.0','0.0','0.0','0.0','64.0','0.0','0.0',4,1,0),(358,38,'2026-04-13 10:20:36.000','2026-04-13 10:20:36.000','0.0','0.0','0.0','0.0','64.0','0.0','0.0',4,1,1),(359,39,'2026-04-13 11:09:01.000','2026-04-13 11:09:01.000','-5.50','-0.75','66','0.0','64.21','0.0','0.0',1,0,0),(360,39,'2026-04-13 11:09:01.000','2026-04-13 11:09:01.000','-6.50','-0.50','37','0.0','64.21','0.0','0.0',1,0,1),(361,39,'2026-04-13 11:09:01.000','2026-04-13 11:09:01.000','-5.5','-0.75','116.0','0.0','64.21','0.0','0.0',3,0,0),(362,39,'2026-04-13 11:09:01.000','2026-04-13 11:09:01.000','-6.75','-0.5','47.0','0.0','64.21','0.0','0.0',3,0,1),(363,39,'2026-04-13 11:09:01.000','2026-04-13 11:09:01.000','0.0','0.0','0.0','0.0','64.0','0.0','0.0',3,1,0),(364,39,'2026-04-13 11:09:01.000','2026-04-13 11:09:01.000','0.0','0.0','0.0','0.0','64.0','0.0','0.0',3,1,1),(365,39,'2026-04-13 11:09:01.000','2026-04-13 11:09:01.000','-5.5','-0.75','116.0','0.0','64.21','0.0','0.0',4,0,0),(366,39,'2026-04-13 11:09:01.000','2026-04-13 11:09:01.000','-6.75','-0.5','47.0','0.0','64.21','0.0','0.0',4,0,1),(367,39,'2026-04-13 11:09:01.000','2026-04-13 11:09:01.000','0.0','0.0','0.0','0.0','64.0','0.0','0.0',4,1,0),(368,39,'2026-04-13 11:09:01.000','2026-04-13 11:09:01.000','0.0','0.0','0.0','0.0','64.0','0.0','0.0',4,1,1),(369,40,'2026-04-13 11:17:30.000','2026-04-13 11:17:30.000','-4.50','-0.50','16','0.0','59.63','0.0','0.0',1,0,0),(370,40,'2026-04-13 11:17:30.000','2026-04-13 11:17:30.000','-4.00','-0.75','34','0.0','59.63','0.0','0.0',1,0,1),(371,40,'2026-04-13 11:17:30.000','2026-04-13 11:17:30.000','-4.50','-0.50','16','0.0','59.63','0.0','0.0',3,0,0),(372,40,'2026-04-13 11:17:30.000','2026-04-13 11:17:30.000','-4.00','-0.75','34','0.0','59.63','0.0','0.0',3,0,1),(373,40,'2026-04-13 11:17:30.000','2026-04-13 11:17:30.000','0.0','0.0','0.0','0.0','64.0','0.0','0.0',3,1,0),(374,40,'2026-04-13 11:17:30.000','2026-04-13 11:17:30.000','0.0','0.0','0.0','0.0','64.0','0.0','0.0',3,1,1),(375,40,'2026-04-13 11:17:30.000','2026-04-13 11:17:30.000','-4.50','-0.50','16','0.0','59.63','0.0','0.0',4,0,0),(376,40,'2026-04-13 11:17:30.000','2026-04-13 11:17:30.000','-4.00','-0.75','34','0.0','59.63','0.0','0.0',4,0,1),(377,40,'2026-04-13 11:17:30.000','2026-04-13 11:17:30.000','0.0','0.0','0.0','0.0','64.0','0.0','0.0',4,1,0),(378,40,'2026-04-13 11:17:31.000','2026-04-13 11:17:31.000','0.0','0.0','0.0','0.0','64.0','0.0','0.0',4,1,1),(379,41,'2026-04-13 14:59:35.000','2026-04-13 14:59:35.000','-5.00','-0.75','39','0.0','63.98','0.0','0.0',1,0,0),(380,41,'2026-04-13 14:59:35.000','2026-04-13 14:59:35.000','-6.25','-0.75','33','0.0','63.98','0.0','0.0',1,0,1),(381,41,'2026-04-13 14:59:35.000','2026-04-13 14:59:35.000','-4.75','0.0','119.0','0.0','63.98','0.0','0.0',3,0,0),(382,41,'2026-04-13 14:59:35.000','2026-04-13 14:59:35.000','-6.25','-0.5','78.0','0.0','63.98','0.0','0.0',3,0,1),(383,41,'2026-04-13 14:59:35.000','2026-04-13 14:59:35.000','0.0','0.0','0.0','0.0','64.0','0.0','0.0',3,1,0),(384,41,'2026-04-13 14:59:35.000','2026-04-13 14:59:35.000','0.0','0.0','0.0','0.0','64.0','0.0','0.0',3,1,1),(385,41,'2026-04-13 14:59:35.000','2026-04-13 14:59:35.000','-4.75','0.0','119.0','0.0','63.98','0.0','0.0',4,0,0),(386,41,'2026-04-13 14:59:35.000','2026-04-13 14:59:35.000','-6.25','-0.5','78.0','0.0','63.98','0.0','0.0',4,0,1),(387,41,'2026-04-13 14:59:35.000','2026-04-13 14:59:35.000','0.0','0.0','0.0','0.0','64.0','0.0','0.0',4,1,0),(388,41,'2026-04-13 14:59:35.000','2026-04-13 14:59:35.000','0.0','0.0','0.0','0.0','64.0','0.0','0.0',4,1,1),(389,42,'2026-04-13 15:54:13.000','2026-04-13 15:54:13.000','-6.75','-1.00','1','0.0','63.91','0.0','0.0',1,0,0),(390,42,'2026-04-13 15:54:13.000','2026-04-13 15:54:13.000','-6.50','-1.50','1','0.0','63.91','0.0','0.0',1,0,1),(391,42,'2026-04-13 15:54:13.000','2026-04-13 15:54:13.000','-7.0','-1.0','1.0','0.0','63.91','0.0','0.0',3,0,0),(392,42,'2026-04-13 15:54:13.000','2026-04-13 15:54:13.000','-6.75','-1.5','1.0','0.0','63.91','0.0','0.0',3,0,1),(393,42,'2026-04-13 15:54:13.000','2026-04-13 15:54:13.000','0.0','0.0','0.0','0.0','64.0','0.0','0.0',3,1,0),(394,42,'2026-04-13 15:54:13.000','2026-04-13 15:54:13.000','0.0','0.0','0.0','0.0','64.0','0.0','0.0',3,1,1),(395,42,'2026-04-13 15:54:13.000','2026-04-13 15:54:13.000','-7.0','-1.0','1.0','0.0','63.91','0.0','0.0',4,0,0),(396,42,'2026-04-13 15:54:13.000','2026-04-13 15:54:13.000','-6.75','-1.5','1.0','0.0','63.91','0.0','0.0',4,0,1),(397,42,'2026-04-13 15:54:13.000','2026-04-13 15:54:13.000','0.0','0.0','0.0','0.0','64.0','0.0','0.0',4,1,0),(398,42,'2026-04-13 15:54:13.000','2026-04-13 15:54:13.000','0.0','0.0','0.0','0.0','64.0','0.0','0.0',4,1,1),(399,43,'2026-04-13 15:58:13.000','2026-04-13 15:58:13.000','-6.50','-1.25','1','0.0','63.08','0.0','0.0',1,0,0),(400,43,'2026-04-13 15:58:13.000','2026-04-13 15:58:13.000','-6.75','-1.50','2','0.0','63.08','0.0','0.0',1,0,1),(401,43,'2026-04-13 15:58:13.000','2026-04-13 15:58:13.000','-6.75','-1.25','1.0','0.0','63.08','0.0','0.0',3,0,0),(402,43,'2026-04-13 15:58:13.000','2026-04-13 15:58:13.000','-6.75','-1.5','2.0','0.0','63.08','0.0','0.0',3,0,1),(403,43,'2026-04-13 15:58:13.000','2026-04-13 15:58:13.000','0.0','0.0','0.0','0.0','64.0','0.0','0.0',3,1,0),(404,43,'2026-04-13 15:58:13.000','2026-04-13 15:58:13.000','0.0','0.0','0.0','0.0','64.0','0.0','0.0',3,1,1),(405,43,'2026-04-13 15:58:13.000','2026-04-13 15:58:13.000','-6.75','-1.25','1.0','0.0','63.08','0.0','0.0',4,0,0),(406,43,'2026-04-13 15:58:13.000','2026-04-13 15:58:13.000','-6.75','-1.5','2.0','0.0','63.08','0.0','0.0',4,0,1),(407,43,'2026-04-13 15:58:13.000','2026-04-13 15:58:13.000','0.0','0.0','0.0','0.0','64.0','0.0','0.0',4,1,0),(408,43,'2026-04-13 15:58:13.000','2026-04-13 15:58:13.000','0.0','0.0','0.0','0.0','64.0','0.0','0.0',4,1,1),(409,44,'2026-04-13 16:45:11.000','2026-04-13 16:45:11.000','4.00','-6.50','11','0.0','56.86','0.0','0.0',1,0,0),(410,44,'2026-04-13 16:45:11.000','2026-04-13 16:45:11.000','-2.75','-0.75','3','0.0','56.86','0.0','0.0',1,0,1),(411,44,'2026-04-13 16:45:11.000','2026-04-13 16:45:11.000','4.00','-6.50','11','0.0','56.86','0.0','0.0',3,0,0),(412,44,'2026-04-13 16:45:11.000','2026-04-13 16:45:11.000','-2.75','-0.75','3','0.0','56.86','0.0','0.0',3,0,1),(413,44,'2026-04-13 16:45:11.000','2026-04-13 16:45:11.000','0.0','0.0','0.0','0.0','64.0','0.0','0.0',3,1,0),(414,44,'2026-04-13 16:45:11.000','2026-04-13 16:45:11.000','0.0','0.0','0.0','0.0','64.0','0.0','0.0',3,1,1),(415,44,'2026-04-13 16:45:11.000','2026-04-13 16:45:11.000','4.00','-6.50','11','0.0','56.86','0.0','0.0',4,0,0),(416,44,'2026-04-13 16:45:11.000','2026-04-13 16:45:11.000','-2.75','-0.75','3','0.0','56.86','0.0','0.0',4,0,1),(417,44,'2026-04-13 16:45:11.000','2026-04-13 16:45:11.000','0.0','0.0','0.0','0.0','64.0','0.0','0.0',4,1,0),(418,44,'2026-04-13 16:45:11.000','2026-04-13 16:45:11.000','0.0','0.0','0.0','0.0','64.0','0.0','0.0',4,1,1),(419,45,'2026-04-14 15:32:32.000','2026-04-14 15:32:32.000','-4.00','-2.25','6','0.0','62.38','0.0','0.0',1,0,0),(420,45,'2026-04-14 15:32:33.000','2026-04-14 15:32:33.000','-4.25','-2.75','7','0.0','62.38','0.0','0.0',1,0,1),(421,45,'2026-04-14 15:32:33.000','2026-04-14 15:32:33.000','-4.0','-2.25','6.0','0.0','62.38','0.0','0.0',3,0,0),(422,45,'2026-04-14 15:32:33.000','2026-04-14 15:32:33.000','-4.25','-2.75','7.0','0.0','62.38','0.0','0.0',3,0,1),(423,45,'2026-04-14 15:32:33.000','2026-04-14 15:32:33.000','0.0','0.0','0.0','0.0','64.0','0.0','0.0',3,1,0),(424,45,'2026-04-14 15:32:33.000','2026-04-14 15:32:33.000','0.0','0.0','0.0','0.0','64.0','0.0','0.0',3,1,1),(425,45,'2026-04-14 15:32:33.000','2026-04-14 15:32:33.000','-4.0','-2.25','6.0','0.0','62.38','0.0','0.0',4,0,0),(426,45,'2026-04-14 15:32:33.000','2026-04-14 15:32:33.000','-4.25','-2.75','7.0','0.0','62.38','0.0','0.0',4,0,1),(427,45,'2026-04-14 15:32:33.000','2026-04-14 15:32:33.000','0.0','0.0','0.0','0.0','64.0','0.0','0.0',4,1,0),(428,45,'2026-04-14 15:32:33.000','2026-04-14 15:32:33.000','0.0','0.0','0.0','0.0','64.0','0.0','0.0',4,1,1),(429,46,'2026-04-14 17:27:41.000','2026-04-14 17:27:41.000','4.00','-6.50','11','0.0','56.72','0.0','0.0',1,0,0),(430,46,'2026-04-14 17:27:41.000','2026-04-14 17:27:41.000','-2.75','-0.75','3','0.0','56.72','0.0','0.0',1,0,1),(431,46,'2026-04-14 17:27:41.000','2026-04-14 17:27:41.000','4.00','-6.50','11','0.0','56.72','0.0','0.0',3,0,0),(432,46,'2026-04-14 17:27:41.000','2026-04-14 17:27:41.000','-2.75','-0.75','3','0.0','56.72','0.0','0.0',3,0,1),(433,46,'2026-04-14 17:27:41.000','2026-04-14 17:27:41.000','0.0','0.0','0.0','0.0','64.0','0.0','0.0',3,1,0),(434,46,'2026-04-14 17:27:41.000','2026-04-14 17:27:41.000','0.0','0.0','0.0','0.0','64.0','0.0','0.0',3,1,1),(435,46,'2026-04-14 17:27:41.000','2026-04-14 17:27:41.000','4.00','-6.50','11','0.0','56.72','0.0','0.0',4,0,0),(436,46,'2026-04-14 17:27:41.000','2026-04-14 17:27:41.000','-2.75','-0.75','3','0.0','56.72','0.0','0.0',4,0,1),(437,46,'2026-04-14 17:27:41.000','2026-04-14 17:27:41.000','0.0','0.0','0.0','0.0','64.0','0.0','0.0',4,1,0),(438,46,'2026-04-14 17:27:41.000','2026-04-14 17:27:41.000','0.0','0.0','0.0','0.0','64.0','0.0','0.0',4,1,1);
/*!40000 ALTER TABLE `optometry_data` ENABLE KEYS */;
UNLOCK TABLES;

--
-- Table structure for table `optometry_records`
--

DROP TABLE IF EXISTS `optometry_records`;
/*!40101 SET @saved_cs_client     = @@character_set_client */;
/*!50503 SET character_set_client = utf8mb4 */;
CREATE TABLE `optometry_records` (
  `optometry_records_id` bigint NOT NULL AUTO_INCREMENT COMMENT '验光记录ID',
  `create_time` datetime(3) DEFAULT NULL,
  `update_time` datetime(3) DEFAULT NULL,
  `customer_id` bigint DEFAULT NULL COMMENT '顾客ID',
  `customer_name` varchar(255) NOT NULL COMMENT '顾客姓名',
  `optometrist_id` bigint NOT NULL COMMENT '验光师ID',
  `optometrist_name` varchar(255) DEFAULT NULL COMMENT '验光师姓名',
  `store_id` bigint NOT NULL COMMENT '门店ID',
  `store_name` varchar(255) NOT NULL COMMENT '门店名称',
  `store_phone` varchar(20) NOT NULL COMMENT '门店电话',
  `is_delete` int NOT NULL DEFAULT '0' COMMENT '逻辑删0否1是',
  `ai_data` varchar(2000) DEFAULT NULL COMMENT 'ai数据',
  PRIMARY KEY (`optometry_records_id`) USING BTREE
) ENGINE=InnoDB AUTO_INCREMENT=47 DEFAULT CHARSET=utf8mb4 COLLATE=utf8mb4_0900_ai_ci ROW_FORMAT=DYNAMIC COMMENT='验光记录表';
/*!40101 SET character_set_client = @saved_cs_client */;

--
-- Dumping data for table `optometry_records`
--

LOCK TABLES `optometry_records` WRITE;
/*!40000 ALTER TABLE `optometry_records` DISABLE KEYS */;
INSERT INTO `optometry_records` VALUES (1,'2024-11-27 15:49:29.000','2024-11-27 15:49:29.000',3,'hfhygh',2,'紫菜汤',1,'测试','18775075395',0,NULL),(2,'2024-12-12 16:02:13.000','2024-12-12 16:02:13.000',3,'hfhygh',1,'桂花鱼',1,'测试','17751070969',0,NULL),(3,'2025-02-18 15:27:30.000','2025-02-25 15:06:48.000',3,'hfhygh',2,'紫菜汤',1,'测试','18812332121\r\n',0,NULL),(4,'2025-02-18 17:10:10.000','2025-02-25 15:06:54.000',3,'hfhygh',2,'紫菜汤',1,'测试','18812332121\r\n',0,NULL),(5,'2025-02-18 17:10:28.000','2025-02-25 15:07:01.000',3,'hfhygh',2,'紫菜汤',1,'测试','18812332121\r\n',0,NULL),(6,'2025-02-20 09:27:53.000','2025-02-25 15:07:01.000',3,'hfhygh',2,'紫菜汤',1,'测试','18812332121\r\n',0,NULL),(7,'2025-02-20 09:28:08.000','2025-02-25 15:07:01.000',3,'hfhygh',2,'紫菜汤',1,'测试','18812332121\r\n',0,NULL),(8,'2025-02-20 09:28:19.000','2025-02-25 15:07:01.000',3,'hfhygh',2,'紫菜汤',1,'测试','18812332121\r\n',0,NULL),(9,'2025-02-20 11:04:26.000','2025-02-25 15:07:01.000',3,'hfhygh',2,'紫菜汤',1,'测试','18812332121\r\n',0,NULL),(10,'2025-02-20 11:16:43.000','2025-02-25 15:07:01.000',3,'hfhygh',2,'紫菜汤',1,'测试','18812332121\r\n',0,NULL),(11,'2025-02-20 11:44:39.000','2025-02-25 15:07:01.000',3,'hfhygh',2,'紫菜汤',1,'测试','18812332121\r\n',0,NULL),(12,'2025-02-20 12:32:28.000','2025-02-25 15:07:01.000',3,'hfhygh',2,'紫菜汤',1,'测试','18812332121\r\n',0,NULL),(13,'2025-02-20 13:02:07.000','2025-02-25 15:07:01.000',3,'hfhygh',2,'紫菜汤',1,'测试','18812332121\r\n',0,NULL),(14,'2025-02-21 10:30:49.000','2025-02-25 15:07:01.000',3,'hfhygh',2,'紫菜汤',1,'测试','18812332121\r\n',0,NULL),(15,'2025-02-21 10:43:19.000','2025-02-25 15:07:02.000',3,'hfhygh',2,'紫菜汤',1,'测试','18812332121\r\n',0,NULL),(16,'2026-03-26 16:56:35.000','2026-03-26 16:56:35.000',1,'桂花鱼',4,'静音仓验光师（被控）',2,'静音仓','18111111111',0,'这是一份双眼近视合并散光的验光数据：左眼近视-2.25D（较右眼深0.25D），散光-0.25D，轴位58°（顺规散光，矫正难度低）；右眼近视-2.0D，散光-0.5D，轴位99°（同样顺规散光，散光度数更高）。\n\n整体为单纯近视散光，双眼散光轴位均在30°-130°顺规范围，矫正相对容易。左右眼近视度数差异小，散光度数右眼更高，可能影响视物清晰度（尤其看细节时）。建议优先选择足矫配镜，避免因散光欠矫导致视疲劳。日常需注意控制用眼时长，每30分钟远眺放松，定期复查（每半年至1年），青少年或度数增长快者需监测近视进展。若配镜后仍有视物模糊、重影或眼干等症状，需排查眼部健康（如是否合并弱视、干眼症等）。'),(17,'2026-03-27 10:44:51.000','2026-03-27 10:44:51.000',1,'桂花鱼',5,'静音仓店长（主控）',2,'静音仓','18111111111',0,'您的验光数据显示双眼均为275度近视（球镜-2.75D），合并25度近视散光（柱镜-0.25D），散光轴位分别为79°和85°（接近垂直方向）。  \n\n**分析要点**：  \n1. **近视度数**：双眼均为中度近视（275度），若裸眼视力不佳（如低于0.6），需及时矫正以避免视疲劳或度数进展。  \n2. **散光性质**：-0.25D为轻度近视散光，轴位79°、85°接近垂直方向（顺规散光），对视力影响较小，但双眼轴位相近，提示散光对称性较好。  \n3. **临床意义**：低度数散光（≤50度）通常对视力影响有限，若裸眼视力、双眼视功能正常且无疲劳症状，可暂不配镜；若存在视疲劳、阅读模糊或视力下降，建议矫正散光以稳定屈光状态。  \n\n**建议**：结合裸眼/矫正视力及日常用眼需求决定。若视力正常且无不适，可定期复查；若视力下降或伴随疲劳，需配镜矫正。'),(18,'2026-03-27 15:42:53.000','2026-03-27 15:42:53.000',13,'这个网速只能',5,'静音仓店长（主控）',2,'静音仓','18111111111',0,'这是一份验光数据，双眼均为近视，左眼度数更高且伴有散光。具体分析如下：\n\n1. **球镜度数**：左眼-9.00D（900度近视），右眼-8.00D（800度近视），属于高度近视，双眼度数差异100度，可能影响双眼视功能，需关注。\n\n2. **散光情况**：左眼-1.00D（近视散光100度），轴位3°（接近水平方向）；右眼-0.25D（近视散光25度），轴位61°。轴位3°可能为记录误差（通常轴位以10°为间隔），需复查确认；右眼25度散光轴位61°，属轻度散光，对视力影响较小。\n\n3. **配镜建议**：需根据试戴舒适度调整度数，优先选择双眼矫正平衡，避免单眼过矫。高度近视（尤其是左眼900度）易伴随视网膜病变风险，建议定期眼底检查，避免剧烈运动。\n\n4. **注意事项**：双眼度数差100度可能导致融像困难，若出现视疲劳、视物重影，需及时就医调整镜片。轴位3°若确认无误，需配镜时特殊标注，避免散光矫正偏差。\n\n建议佩戴合适度数的框架镜，或咨询医生评估是否适合角膜塑形镜/近视手术，定期复查视力及度数变化。'),(19,'2026-03-28 09:19:06.000','2026-03-28 09:19:06.000',1,'桂花鱼',5,'静音仓店长（主控）',2,'静音仓','18111111111',0,'这是一份双眼近视合并散光的验光数据：右眼近视625度（-6.25D）、近视散光50度（-0.5D），轴位67°；左眼近视550度（-5.5D）、近视散光100度（-1.0D），轴位125°。  \n\n**关键信息**：双眼均为规则近视散光，右眼近视度数更高（屈光参差约75度），左眼散光度数更高（100度）且轴位（125°）与右眼（67°）不同，属于不对称性散光。  \n\n**注意事项**：1. 屈光参差可能导致双眼成像大小差异，需佩戴准确度数及轴位的眼镜，初次适应可能需1-2周；2. 成人可耐受≤250度的屈光参差，儿童需警惕弱视风险，建议每3-6个月复查视力；3. 配镜时优先保证轴位精准（散光矫正关键），可考虑小瞳距适配镜片减少视觉干扰。  \n\n（248字）'),(20,'2026-03-28 09:35:41.000','2026-03-28 09:35:41.000',8,'用户_3709',5,'静音仓店长（主控）',2,'静音仓','18111111111',0,'该验光数据显示：双眼均为近视，右眼近视度数（-6.50D）略高于左眼（-6.25D）；右眼伴有75度近视散光（柱镜-0.75D），轴位65°；左眼无散光（柱镜0.00D）。\n\n散光轴位65°属于斜轴散光，配镜时需精确对准轴位以保证矫正效果。建议结合试戴体验，确认散光度数及轴位是否影响视力清晰度，若矫正后仍有视物模糊或视疲劳，需进一步检查调整。日常应注意用眼时长，避免近视度数加深。'),(21,'2026-03-28 09:46:17.000','2026-03-28 09:46:17.000',8,'用户_3709',5,'静音仓店长（主控）',2,'静音仓','18111111111',0,'**分析：**  \n双眼验光数据显示：  \n1. **近视度数**：左右眼均为-7.00D（700度近视），属于高度近视，需警惕视网膜病变风险。  \n2. **散光情况**：双眼均有-1.00D（100度）近视散光，散光度数较低但轴位有差异：左眼轴位2°，右眼轴位5°，均接近水平方向（0°）。  \n3. **临床意义**：双眼近视度数、散光度数对称，但轴位不同，提示对称型近视散光，配镜时需严格对准散光轴位，否则易导致视物变形、视疲劳。  \n\n**建议**：高度近视（700度）需重视散瞳验光准确性，轴位180°左右（垂直）或0°附近（水平）的散光，需确保配镜时轴位误差＜10°，优先选择试镜确认矫正效果，并定期复查眼底。'),(22,'2026-03-28 12:08:32.000','2026-03-28 12:08:32.000',14,'用户_0199',5,'静音仓店长（主控）',2,'静音仓','18111111111',0,'双眼均为325度近视（球镜-3.25D），左眼合并575度近视散光（柱镜-5.75D，轴位14°），右眼合并25度近视散光（柱镜-0.25D，轴位8°）。左眼散光度数显著高于右眼，轴位接近垂直方向（14°、8°均靠近90°垂直轴），可能提示左眼散光类型或成因特殊（如角膜散光），需警惕高度散光对视觉质量的影响（如视疲劳、视物变形）。建议结合角膜地形图等检查排除圆锥角膜风险，配镜时优先保证左眼散光矫正准确，避免视疲劳或弱视。'),(23,'2026-03-28 16:47:33.000','2026-03-28 16:47:33.000',11,'用户_6519',5,'静音仓店长（主控）',2,'静音仓','18111111111',0,'这组数据显示双眼均存在近视及近视散光（混合散光），属于双眼不对称散光情况。具体分析如下：  \n\n**左眼**：近视-4.75D（475度），近视散光-2.25D（225度），轴位1°（特殊轴位，需确认是否为10°或0°误差）。  \n**右眼**：近视-4.25D（425度），近视散光-2.75D（275度），轴位9°（接近90°，需核对是否为90°）。  \n\n**关键特点**：双眼近视度数差异较小（475度 vs 425度），但散光度数及轴位不对称（右眼散光更高、轴位特殊）。轴位1°和9°均为非典型值，可能存在检查误差（如书写时的小数点误标，或轴位10°/90°的近似记录），需进一步确认。  \n\n**配镜建议**：需优先核对轴位准确性，试戴时评估双眼平衡，避免因散光度数/轴位差异导致视疲劳或双眼视功能异常。日常注意用眼时长，定期复查视力变化。'),(24,'2026-03-30 09:32:26.000','2026-03-30 09:32:26.000',1,'桂花鱼',5,'静音仓店长（主控）',2,'静音仓','18111111111',0,'这组验光数据显示双眼均为低度近视，具体分析如下：\n\n**球镜度数**：双眼均为-2.25D（225度近视），属于轻度近视，可能导致远视力模糊，尤其看远处物体如黑板、路标时需眯眼。\n\n**散光情况**：左眼散光-0.50D（50度近视散光），轴位84°；右眼散光-0.25D（25度近视散光），轴位85°。散光度数左眼高于右眼，轴位接近（84° vs 85°），提示散光方向基本一致，可能影响双眼视平衡。\n\n**临床意义**：双眼近视度数相同，但左眼散光更明显，可能导致视物变形、重影或视疲劳，尤其在不加矫正散光时，容易因眯眼调节过度加重疲劳。若裸眼视力明显下降（如低于0.8），建议佩戴矫正眼镜；若日常无明显不适，可结合视功能检查（如裸眼/矫正视力、视疲劳症状）决定是否配镜。\n\n**注意事项**：定期复查视力，避免长时间近距离用眼，控制近视进展。配镜时需精确对应散光轴位（84°-85°），以保证矫正效果。'),(25,'2026-03-30 10:48:24.000','2026-03-30 10:48:24.000',1,'桂花鱼',5,'静音仓店长（主控）',2,'静音仓','18111111111',0,'这是一份双眼近视合并散光的验光数据：双眼球镜（近视度数）均为-6.75D（675度近视），散光度数均为-1.25D（125度近视散光），轴位左眼8°、右眼5°。  \n\n**关键分析**：  \n1. **度数特征**：双眼近视度数对称，散光度数、类型（近视散光）一致，但散光轴位不同（左眼8°、右眼5°），属于常见的双眼度数对称、散光轴位各异的情况。  \n2. **散光轴位**：散光轴位反映散光方向，8°和5°均在正常范围（0°-180°），轴位差异提示双眼散光方向略有不同，可能影响矫正时的视觉舒适度。  \n3. **潜在问题**：轴位偏差（5°-8°）虽不大，但仍需确认是否为检测误差；若轴位不准确，可能导致视物变形或疲劳。  \n\n**建议**：佩戴结合该度数和轴位的矫正镜，定期复查视力变化，注意散光轴位的长期稳定性，必要时结合角膜地形图排除圆锥角膜等病理因素。'),(26,'2026-03-30 11:38:06.000','2026-03-30 11:38:06.000',14,'用户_0199',5,'静音仓店长（主控）',2,'静音仓','18111111111',0,'左眼情况：球镜+4.25D（远视425度），柱镜-6.0D（近视散光600度），散光轴位13°（接近水平方向）；右眼：球镜-3.25D（近视325度），无散光。  \n\n需注意：左眼远视+高度近视散光的组合较特殊，可能存在数据合理性问题（通常高度散光更倾向与近视/远视同符号，如-4.25D球镜+ -6.0D柱镜更常见），建议复核验光数据。轴位13°属于低度数轴位，需结合试镜调整。右眼度数较低，无散光。  \n\n建议：凭此数据配镜前需试戴，重点关注左眼视力清晰度及舒适度，避免高度散光导致视疲劳或矫正不足。'),(27,'2026-03-30 12:58:51.000','2026-03-30 12:58:51.000',14,'用户_0199',5,'静音仓店长（主控）',2,'静音仓','18111111111',0,'这份验光数据显示双眼均存在近视散光，具体分析如下：  \n- **球镜度数（近视）**：左眼-3.75D（375度近视），右眼-3.25D（325度近视），双眼近视度数不等（左眼比右眼深50度），存在轻度屈光参差。  \n- **柱镜度数（散光）**：左眼-0.75D（75度近视散光），右眼-1.5D（150度近视散光），右眼散光度数明显高于左眼，散光类型为近视散光（柱镜与球镜均为负度数）。  \n- **轴位**：左眼散光轴位94°，右眼86°，双眼散光方向不同，需注意配镜时轴位准确性对矫正效果的影响。  \n\n**总结**：双眼均为“复合近视散光”（近视+近视散光），右眼散光度数更高，左眼近视度数更深，可能存在双眼视疲劳或融像困难风险（尤其屈光参差≥50度时）。建议结合裸眼/矫正视力、视功能检查及佩戴舒适度综合评估，必要时调整镜架参数或度数以优化视觉体验。'),(28,'2026-03-30 13:03:59.000','2026-03-30 13:03:59.000',14,'用户_0199',5,'静音仓店长（主控）',2,'静音仓','18111111111',0,'你的验光数据显示双眼均为近视并伴有散光（近视散光）：左眼球镜-3.75D（375度近视），散光-1.0D（100度近视散光），轴位99°；右眼球镜-3.5D（350度近视），散光-1.5D（150度近视散光），轴位85°。  \n\n双眼近视度数差异较小（25度），但散光度数右眼更高（150度），左眼轴位99°（接近垂直方向），右眼85°（接近水平方向），散光轴位存在差异。这种情况需注意：  \n1. **双眼矫正平衡**：散光度数及轴位不对称，配镜时可能需调整镜片度数平衡双眼视疲劳；  \n2. **试戴验证**：轴位差异可能影响矫正清晰度，建议试戴确认舒适度及视觉质量；  \n3. **日常用眼**：长期近距离用眼（如看手机、电脑）需注意眼肌调节，避免视疲劳，建议定期复查视力。  \n\n建议结合试戴效果最终确定配镜方案，确保矫正清晰且舒适。'),(29,'2026-03-30 13:15:32.000','2026-03-30 13:15:32.000',14,'用户_0199',5,'静音仓店长（主控）',2,'静音仓','18111111111',0,'该验光数据显示双眼存在近视合并散光：右眼近视-7.00D（700度），近视散光-0.25D（25度），轴位55°；左眼近视-7.50D（750度），近视散光-0.75D（75度），轴位11°。  \n\n双眼近视度数不等（左眼比右眼高50度），散光度数左眼更明显（75度）且轴位（11° vs 55°）差异较大。散光轴位反映角膜/晶状体散光方向，轴位差异提示双眼散光矫正需精准，否则可能影响视觉平衡。  \n\n建议结合裸眼/矫正视力、试戴舒适度及双眼视功能（如融合功能）综合评估，优先保证散光矫正准确，避免单眼疲劳。配镜时注意双眼平衡测试，必要时考虑角膜地形图排查散光成因（如是否角膜形态不对称），定期复查视力稳定性。'),(30,'2026-03-30 14:41:48.000','2026-03-30 14:41:48.000',11,'用户_6519',5,'静音仓店长（主控）',2,'静音仓','18111111111',0,'**分析如下**：  \n- **球镜度数**：左眼-6.00D（近视600度），右眼-5.00D（近视500度），双眼均为中度至高度近视，左眼近视度数更高。  \n- **柱镜度数**：左眼-3.50D，右眼-2.75D，均为近视散光，散光类型为**单纯近视散光**（球镜与柱镜均为负向，无远视成分）。  \n- **轴位**：左眼2°，右眼179°，均接近水平方向（轴位0°/180°为水平方向），提示散光轴位偏水平。右眼179°轴位接近180°，可能存在测量误差或实际散光轴位接近水平（散光度数较低时轴位易受干扰）。  \n\n**建议**：双眼高度近视合并散光，需及时佩戴矫正眼镜（框架镜或隐形眼镜），避免视疲劳及度数快速增长。轴位若存在误差（尤其右眼179°），建议复查确认准确性。日常需注意控制用眼时长，定期（每半年）验光复查。'),(31,'2026-03-30 14:46:13.000','2026-03-30 14:46:13.000',11,'用户_6519',5,'静音仓店长（主控）',2,'静音仓','18111111111',0,'该验光数据显示双眼均为近视，具体分析如下：\n\n**球镜（近视度数）**：双眼均为-4.00D（400度近视），度数相同，属于中度近视。\n\n**柱镜（散光度数）**：左眼有-2.50D（250度近视散光），右眼有-2.00D（200度近视散光），左眼散光度数更高。\n\n**轴位**：轴位数据（2.0/1.0）可能存在记录误差（常规轴位应为10°、20°等整数度数，以10°为间隔），建议核对原始验光单确认。轴位是散光矫正的关键参数，需准确记录以确保配镜效果。\n\n\n**建议**：若轴位为20°和10°（合理推测笔误），则左眼散光轴位20°、右眼10°，双眼近视度数相同，散光度数左眼更高。配镜时需结合轴位精准矫正，避免因轴位误差导致视物变形。建议以正规验光单为准，确认轴位准确性。'),(32,'2026-03-30 14:50:08.000','2026-03-30 14:50:08.000',11,'用户_6519',5,'静音仓店长（主控）',2,'静音仓','18111111111',0,'这组验光数据显示双眼均为混合散光（复合近视散光），具体分析如下：  \n\n**球镜度数**：左眼-4.00D（400度近视），右眼-4.25D（425度近视），右眼近视度数略高（球镜差0.25D），散光度数右眼-2.50D（250度），左眼-2.00D（200度），右眼散光度数更高。  \n\n**柱镜与轴位**：双眼柱镜均为负柱镜（近视散光），轴位左眼180°、右眼178°，均接近水平方向（0°为水平，180°为水平反向），散光方向几乎一致，轴位偏差极小（178°接近180°），可能对视觉清晰度影响较大。  \n\n**临床意义**：双眼中高度近视散光（散光≥200度），散光轴位接近水平方向，可能导致视物变形或清晰度不足，尤其右眼散光度数更高，视疲劳风险增加。建议优先选择与轴位匹配的镜片，试戴时重点关注轴位舒适度，定期复查视力及度数变化，避免长期用眼过度。'),(33,'2026-03-30 16:25:03.000','2026-03-30 16:25:03.000',14,'用户_0199',5,'静音仓店长（主控）',2,'静音仓','18111111111',0,'左眼球镜3.0D（若为-3.0D则为近视300度，若为+3.0D则为远视300度），柱镜-6.0D（高度近视散光），轴位12°；右眼球镜-3.25D（近视325度），柱镜0.0（无散光），轴位177°。  \n\n分析：右眼为中度近视（-3.25D），无散光，矫正后视力较易清晰。左眼柱镜-6.0D为高度散光（若球镜为-3.0D则为近视300度合并高度近视散光；若球镜为+3.0D则为远视300度合并高度近视散光），轴位12°（接近垂直方向）。高度散光易导致视物模糊、重影、视疲劳，需警惕角膜形态异常（如圆锥角膜），建议进一步检查角膜地形图。轴位12°需精准矫正，否则影响视力恢复。建议佩戴合适矫正镜，定期复查视力及散光变化。'),(34,'2026-03-30 16:39:06.000','2026-03-30 16:39:06.000',14,'用户_0199',5,'静音仓店长（主控）',2,'静音仓','18111111111',0,'您的验光数据显示双眼均为近视合并散光，具体分析如下：\n\n**球镜（近视度数）**：左眼-4.25D（425度），右眼-3.25D（325度），左眼近视度数高于右眼，存在**轻度屈光参差**（双眼度数差100度）。\n\n**柱镜（散光度数）**：双眼均为-1.0D（100度近视散光），散光度数相同。\n\n**轴位**：双眼轴位均为86度，属于**顺规散光**（轴位在30°-130°之间），且双眼轴位一致，提示散光方向对称。\n\n\n**注意事项**：\n1. **屈光参差**：左眼度数更高，可能导致双眼融像困难，尤其长时间用眼易出现视疲劳、视物模糊。\n2. **散光一致性**：双眼轴位相同，散光类型相似，配镜时可优先考虑常规矫正方案，但需注意镜片光学中心对齐。\n3. **建议**：结合临床症状（如眼干、视物重影），优先选择框架眼镜矫正，避免因屈光参差导致单眼抑制；若用眼需求高（如驾驶、运动），可考虑角膜接触镜改善融像效果。定期复查（每半年至1年），监测度数变化，尤其左眼近视进展较快时需加强用眼防护。'),(35,'2026-04-11 11:44:41.000','2026-04-11 11:44:41.000',13,'这个网速只能',5,'静音仓店长（主控）',2,'静音仓','18111111111',0,'您的验光数据显示：双眼均为-2.00D（200度）近视，-0.50D（50度）近视散光，左眼轴位90°，右眼87°。分析如下：  \n\n1. **近视与散光性质**：球镜-2.00D明确为200度近视；柱镜-0.50D为50度近视散光，轴位90°（左眼）和87°（右眼），属于规则散光（轴位接近，无明显交叉散光）。  \n\n2. **双眼对称性**：双眼近视度数、散光度数及散光轴位（相差3°，在±5°正常误差范围内）均高度对称，属于轻度不对称散光，对双眼视功能影响较小。  \n\n3. **矫正与适配**：规则散光（轴位稳定）可通过框架眼镜或隐形眼镜矫正，试镜时轴位一致性良好，通常矫正效果稳定。若配镜后无头晕、视物变形，可优先选择框架镜；若对清晰度要求高或运动场景佩戴，隐形眼镜可能更优。  \n\n4. **注意事项**：建议定期复查视力（每半年至1年），监测度数变化；若试镜时出现眼胀、重影，需调整散光度数或轴位精度。  \n\n整体而言，度数较低且散光规则对称，矫正难度小，适配性较好。'),(36,'2026-04-13 09:53:34.000','2026-04-13 09:53:34.000',1,'桂花鱼',5,'静音仓店长（主控）',2,'静音仓','18111111111',0,'您的验光数据显示双眼均存在近视及散光，具体分析如下：\n\n**球镜度数**：右眼-6.25D（625度近视），左眼-5.25D（525度近视），右眼近视度数较左眼深100度，双眼近视差异需关注，配镜时可能需平衡双眼清晰度。\n\n**柱镜度数**：左眼-1.00D（100度近视散光），右眼-0.75D（75度近视散光），左眼散光度数高于右眼，散光类型均为近视散光。\n\n**轴位**：左眼散光轴位143°（接近垂直方向，属于逆规散光），右眼轴位65°（接近水平方向，属于顺规散光），轴位差异较大，配镜时需重点匹配散光方向以保证矫正效果。\n\n**建议**：配镜需综合考虑矫正视力、双眼平衡及舒适度，因双眼近视、散光度数及轴位存在差异，可能需试戴调整。日常注意用眼习惯，避免视疲劳，定期复查视力。'),(37,'2026-04-13 10:16:31.000','2026-04-13 10:16:31.000',21,'用户_8118',5,'静音仓店长（主控）',2,'静音仓','18111111111',0,'**分析：**  \n左眼：球镜+4.25D（425度远视），柱镜-6.00D（600度近视散光），轴位14°；  \n右眼：球镜-0.75D（75度近视），柱镜-0.25D（25度近视散光），轴位2°。  \n\n**关键信息：**  \n1. **散光度数差异大**：左眼散光600度（高度散光），右眼仅25度（轻度散光），双眼散光矫正需求差异显著。  \n2. **轴位独立**：左眼散光轴位14°，右眼2°，双眼散光方向不同，配镜时需分别处理。  \n3. **左眼性质特殊**：球镜为远视（+），但合并高度近视散光（-6.00D），需警惕是否存在角膜形态异常（如圆锥角膜）或散光叠加误差（如数据录入失误需复核）。  \n\n**建议：** 尽快进行散瞳验光确认度数，试戴镜评估舒适度，排除圆锥角膜等病变，高度散光需优先保证矫正清晰度与双眼协调。'),(38,'2026-04-13 10:20:36.000','2026-04-13 10:20:36.000',21,'用户_8118',5,'静音仓店长（主控）',2,'静音仓','18111111111',0,'您提供的验光数据显示：左眼球镜+2.25D（远视225度），柱镜-6.75D（近视散光675度），轴位15°；右眼球镜-2.0D（近视200度），柱镜-0.25D（近视散光25度），轴位9°。  \n\n**关键分析：**  \n1. **散光特征**：双眼散光轴位（9°、15°）均接近水平方向（逆规散光常见轴位范围0°-30°），左眼散光度数极高（-6.75D），属于高度散光，需警惕角膜形态异常（如圆锥角膜）或晶状体异常；右眼散光度数低（-0.25D），轴位接近水平。  \n2. **屈光参差**：双眼球镜度数差异大（左眼远视225度，右眼近视200度），度数差超400度，属于高度屈光参差，可能导致双眼视功能异常（如融像困难、视疲劳），需优先矫正。  \n3. **配镜建议**：高度散光需结合角膜地形图排除圆锥角膜，低度数散光可适当低矫。因左眼远视+高度散光，右眼近视+低度散光，建议选择特殊散光镜片（如环曲面镜片），并定期复查视功能，避免弱视或斜视风险（尤其儿童）。  \n\n**提示**：此数据仅为验光结果，具体配镜方案需结合试戴舒适度及双眼视功能评估。'),(39,'2026-04-13 11:09:01.000','2026-04-13 11:09:01.000',2,'紫菜汤',5,'静音仓店长（主控）',2,'静音仓','18111111111',0,NULL),(40,'2026-04-13 11:17:30.000','2026-04-13 11:17:30.000',2,'紫菜汤',5,'静音仓店长（主控）',2,'静音仓','18111111111',0,'左眼：球镜-4.75D（475度近视），柱镜-0.5D（50度散光，轴位20°）；右眼：球镜-4.25D（425度近视），柱镜0.0（无散光）。双眼均为近视，左眼度数高于右眼50度，存在屈光参差（双眼度数差50度，属于轻度参差）。左眼合并轻度散光（轴位20°），散光度数较低，轴位接近水平方向。  \n\n右眼为单纯近视，左眼为近视合并散光。屈光参差可能导致双眼视功能差异，需注意配镜后是否有视疲劳或双眼平衡问题。建议试戴评估舒适度，配镜时优先保证最佳矫正视力，散光轴位需精准校准（20°接近水平，配镜时需准确对准轴位）。若日常有视疲劳，可考虑渐进镜或隐形眼镜平衡双眼调节。'),(41,'2026-04-13 14:59:35.000','2026-04-13 14:59:35.000',8,'用户_3709',4,'静音仓验光师（被控）',2,'静音仓','18111111111',0,'这组验光数据显示双眼均为近视，存在屈光参差，右眼有轻度近视散光：  \n- **左眼**：球镜（近视）-4.75D（475度近视），柱镜0.0（无散光），轴位119°（因无散光，轴位无实际意义）。  \n- **右眼**：球镜-6.25D（625度近视），柱镜-0.5D（50度近视散光），轴位78°（散光方向）。  \n\n**关键信息**：双眼近视度数不等（右眼比左眼高150度），属屈光参差。右眼散光度数较低（50度），轴位78°（正常散光轴位范围），对视力影响较轻。  \n\n**建议**：佩戴全矫眼镜以平衡双眼视差，减少视疲劳；若用眼需求大或度数变化快，需定期复查。长期屈光参差可能影响立体视，成年人若出现视疲劳或视物模糊，应优先矫正散光轴位准确性。'),(42,'2026-04-13 15:54:13.000','2026-04-13 15:54:13.000',8,'用户_3709',4,'静音仓验光师（被控）',2,'静音仓','18111111111',0,'您的验光数据显示双眼均为近视伴散光，具体分析如下：  \n**左眼**：近视-7.00D（700度），散光-1.00D（100度近视散光），轴位1.0°（注：轴位1°可能性低，推测为书写误差，应为10°或相近整数，若为10°则散光方向接近水平）。  \n**右眼**：近视-6.75D（675度），散光-1.50D（150度近视散光），轴位1.0°（同理，可能为10°）。  \n\n**特点**：双眼近视度数差异小（25度），散光度数左眼轻（100度）、右眼重（150度），轴位若均为10°，属散光方向一致（顺规散光可能性）。  \n**建议**：轴位需以验光单为准（10°更合理），配镜时优先选择双眼平衡方案，定期复查防止度数进展，高度近视（-7.00D）需注意用眼习惯，避免视疲劳或度数加深。'),(43,'2026-04-13 15:58:13.000','2026-04-13 15:58:13.000',8,'用户_3709',4,'静音仓验光师（被控）',2,'静音仓','18111111111',0,'您的验光数据显示双眼均为高度近视（球镜-6.75D），右眼伴150度近视散光（柱镜-1.5D，轴位20°），左眼伴125度近视散光（柱镜-1.25D，轴位10°）。注意：轴位“1.0”“2.0”可能为记录误差（应为10°/20°），需确认是否为10°、20°（散光轴位单位为度，范围0-180°，非小数）。\n\n高度近视（≥600度）易引发视网膜病变，建议定期查眼底；散光轴位10°/20°属低位轴位，若矫正时轴位偏差，可能导致视物模糊或视疲劳。配镜时需确保散光轴位准确，日常避免剧烈运动，控制用眼时长，每半年复查视力及眼底。'),(44,'2026-04-13 16:45:11.000','2026-04-13 16:45:11.000',14,'用户_0199',4,'静音仓验光师（被控）',2,'静音仓','18111111111',0,'该验光数据显示双眼存在屈光不正，具体分析如下：  \n\n**右眼**：球镜-3.25D（近视325度），柱镜-0.25D（25度近视散光），轴位3°（接近水平方向）。散光度数低，对视力影响较小，可能为生理性散光或轻度角膜不规则。  \n\n**左眼**：球镜2.5D（需确认符号，若无负号可能为远视250度或近视250度），柱镜-6.25D（高度近视散光625度），轴位13°（接近垂直方向）。高度散光（-6.25D）轴位特殊（13°），需警惕散光轴位准确性，建议复查排除测量误差或圆锥角膜等病变。  \n\n**综合**：左眼散光度数高（625度），需优先排查病因（如角膜形态异常）；右眼散光度数低，对视力影响有限。建议结合试镜结果及角膜地形图等检查，确定矫正方案，必要时高度散光需特殊镜片设计（如环曲面镜片）。'),(45,'2026-04-14 15:32:32.000','2026-04-14 15:32:32.000',1,'桂花鱼',23,'18355555555',4,'18344444444','18344444444',0,'您的验光数据显示双眼均为近视合并近视散光，具体分析如下：\n\n**双眼基本情况**：  \n- **右眼（OD）**：球镜-4.25D（425度近视），柱镜-2.75D（275度近视散光），轴位7°；  \n- **左眼（OS）**：球镜-4.00D（400度近视），柱镜-2.25D（225度近视散光），轴位6°。  \n\n\n**关键参数解读**：  \n1. **近视度数**：右眼（-4.25D）＞左眼（-4.00D），存在轻度屈光参差（双眼度数差50度），长期不矫正可能影响双眼融像，尤其近距离用眼易疲劳。  \n2. **散光度数**：右眼（-2.75D）＞左眼（-2.25D），且轴位均为6°-7°（接近水平方向），属于**顺规散光**（轴位15°-179°为顺规，矫正效果通常较好）。  \n3. **轴位准确性**：散光轴位需精准（±5°内），偏差可能导致视物变形、头晕。建议配镜时选择轴位准确的镜片，尤其度数较高时。  \n\n\n**建议**：配镜时优先确保轴位准确，散光度数较高者可能需适应期。若长期佩戴后仍有不适，需复查轴位及度数稳定性。'),(46,'2026-04-14 17:27:41.000','2026-04-14 17:27:41.000',8,'用户_3709',5,'静音仓店长（主控）',2,'静音仓','18111111111',0,'根据验光数据分析：左眼为+2.75D（275度远视）合并-6.25D（625度近视散光），轴位12°；右眼为-3.25D（325度近视）合并-0.5D（50度近视散光），轴位8°。  \n\n**关键信息**：  \n1. **左眼散光度数高达625度**，属于高度散光，轴位12°（接近水平方向），可能影响视物清晰度，尤其高度散光易导致视疲劳、代偿头位等问题。  \n2. **双眼屈光参差明显**：右眼近视325度，左眼远视275度，度数差异较大，需注意佩戴眼镜时的适配性，避免因双眼调节差异引发不适。  \n3. **散光类型**：双眼散光轴位（8°、12°）均接近水平方向，属于顺规散光（轴位10°-170°为顺规），矫正时需重点关注散光轴位准确性。  \n\n**建议**：高度散光需优先保证矫正轴位准确，高度数散光可能需特殊镜片设计（如环曲面镜片）；屈光参差者建议佩戴专业定制镜片，定期复查视功能，避免视疲劳加重。具体矫正方案请以验光师试戴反馈为准。');
/*!40000 ALTER TABLE `optometry_records` ENABLE KEYS */;
UNLOCK TABLES;

--
-- Table structure for table `order_info`
--

DROP TABLE IF EXISTS `order_info`;
/*!40101 SET @saved_cs_client     = @@character_set_client */;
/*!50503 SET character_set_client = utf8mb4 */;
CREATE TABLE `order_info` (
  `id` varchar(32) CHARACTER SET utf8mb4 COLLATE utf8mb4_croatian_ci NOT NULL COMMENT 'PK',
  `del_flag` char(2) COLLATE utf8mb4_croatian_ci NOT NULL DEFAULT '0' COMMENT '逻辑删除标记',
  `create_time` datetime(3) DEFAULT NULL COMMENT '创建时间',
  `update_time` datetime(3) DEFAULT NULL COMMENT '最后更新时间',
  `user_id` varchar(32) CHARACTER SET utf8mb4 COLLATE utf8mb4_croatian_ci NOT NULL COMMENT '用户id',
  `order_no` varchar(50) CHARACTER SET utf8mb4 COLLATE utf8mb4_croatian_ci NOT NULL COMMENT '订单单号',
  `payment_way` char(2) CHARACTER SET utf8mb4 COLLATE utf8mb4_croatian_ci NOT NULL COMMENT '支付方式1、货到付款；2、在线支付',
  `is_pay` char(2) CHARACTER SET utf8mb4 COLLATE utf8mb4_croatian_ci NOT NULL COMMENT '是否支付0、未支付 1、已支付',
  `name` varchar(255) CHARACTER SET utf8mb4 COLLATE utf8mb4_croatian_ci DEFAULT NULL COMMENT '订单名',
  `status` char(2) COLLATE utf8mb4_croatian_ci DEFAULT NULL COMMENT '订单状态0、待付款 1、待发货 2、待收货 3、已完成 5、已关闭',
  `freight_price` decimal(10,2) NOT NULL DEFAULT '0.00' COMMENT '运费金额',
  `sales_price` decimal(10,2) NOT NULL DEFAULT '0.00' COMMENT '销售金额',
  `payment_price` decimal(10,2) NOT NULL DEFAULT '0.00' COMMENT '支付金额',
  `payment_time` datetime(3) DEFAULT NULL COMMENT '付款时间',
  `delivery_time` datetime(3) DEFAULT NULL COMMENT '发货时间',
  `receiver_time` datetime(3) DEFAULT NULL COMMENT '收货时间',
  `closing_time` datetime(3) DEFAULT NULL COMMENT '成交时间',
  `user_message` varchar(100) CHARACTER SET utf8mb4 COLLATE utf8mb4_croatian_ci DEFAULT NULL COMMENT '买家留言',
  `transaction_id` varchar(32) CHARACTER SET utf8mb4 COLLATE utf8mb4_croatian_ci DEFAULT NULL COMMENT '支付交易ID',
  `logistics_id` varchar(32) CHARACTER SET utf8mb4 COLLATE utf8mb4_croatian_ci DEFAULT NULL COMMENT '物流id',
  `remark` varchar(255) CHARACTER SET utf8mb4 COLLATE utf8mb4_croatian_ci DEFAULT NULL COMMENT '备注',
  PRIMARY KEY (`id`) USING BTREE,
  UNIQUE KEY `uk_order_no` (`order_no`) USING BTREE
) ENGINE=InnoDB DEFAULT CHARSET=utf8mb4 COLLATE=utf8mb4_croatian_ci ROW_FORMAT=DYNAMIC COMMENT='订单';
/*!40101 SET character_set_client = @saved_cs_client */;

--
-- Dumping data for table `order_info`
--

LOCK TABLES `order_info` WRITE;
/*!40000 ALTER TABLE `order_info` DISABLE KEYS */;
INSERT INTO `order_info` VALUES ('1354094503631306753','0','2021-01-26 23:51:02.000','2021-01-26 23:51:02.000','1352572935968165889','1354094503576731648','2','0',NULL,'5',0.00,0.00,0.00,NULL,NULL,NULL,NULL,NULL,NULL,NULL,NULL),('1354469715404148737','0','2021-01-28 00:41:59.000','2021-01-28 00:41:59.000','1352168072700571649','1354469713115086848','2','0','iPhone12白色','5',0.00,4999.00,4999.00,NULL,NULL,NULL,NULL,NULL,NULL,'1354469714800168962',NULL),('1354474070446510081','0','2021-01-28 00:59:17.000','2021-01-28 00:59:17.000','1354473059078176770','1354474068199342080','2','0','iPhone12白色','5',0.00,4999.00,4999.00,NULL,NULL,NULL,NULL,NULL,NULL,'1354474069813170178',NULL),('1354620399822884865','0','2021-01-28 10:40:45.000','2021-01-28 10:40:45.000','1354473059078176770','1354620397982580736','2','0','iPhone12白色','5',0.00,4999.00,4999.00,NULL,NULL,NULL,NULL,NULL,NULL,'1354620399231488001',NULL),('1354795347837304834','0','2021-01-28 22:15:56.000','2021-01-28 22:15:55.000','1354473059078176770','1354795346135351296','2','0','iPhone12白色','5',0.00,4999.00,4999.00,NULL,NULL,NULL,NULL,NULL,NULL,'1354795347308822530',NULL),('1354797185856794625','0','2021-01-28 22:23:14.000','2021-01-28 22:23:13.000','1354473059078176770','1354797183827705856','2','0','iPhone12白色','5',0.00,4999.00,4999.00,NULL,NULL,NULL,NULL,NULL,NULL,'1354797185185705985',NULL),('1354797794534137858','0','2021-01-28 22:25:39.000','2021-01-28 22:25:39.000','1354473059078176770','1354797792530268160','2','0','iPhone12白色','5',0.00,4999.00,4999.00,NULL,NULL,NULL,NULL,NULL,NULL,'1354797793913380865',NULL),('1354798824059609090','0','2021-01-28 22:29:45.000','2021-01-28 22:29:44.000','1354473059078176770','1354798822391283712','2','1','iPhone12白色','3',0.00,0.01,0.01,'2021-01-28 22:30:01.000','2021-01-28 23:16:51.000','2021-01-28 23:17:41.000',NULL,NULL,'4200000797202101287152815447','1354798823514349569',NULL),('1354798971141267457','0','2021-01-28 22:30:20.000','2021-01-28 22:30:19.000','1354473059078176770','1354798969477136384','2','1','iPhone12白色','3',0.00,0.01,0.01,'2021-01-28 22:32:33.000','2021-01-28 23:10:49.000','2021-01-28 23:16:19.000',NULL,NULL,'4200000808202101285235202004','1354798970596007937',NULL),('1355417350676951041','0','2021-01-30 15:27:33.000','2021-01-30 15:27:33.000','1355406809988345857','1355417348219076608','2','0','【时尚博主推荐】Daphne/达芙妮2020春季新款闪耀水晶扣时装鞋淑雅女单鞋 粉红112 38',NULL,0.00,0.20,0.20,NULL,NULL,NULL,NULL,NULL,NULL,'1355417349930364930',NULL),('1355418768053907457','0','2021-01-30 15:33:11.000','2021-01-30 15:33:11.000','1355406809988345857','1355418765948354560','2','0','Apple iPhone',NULL,0.00,6000.00,6000.00,NULL,NULL,NULL,NULL,NULL,NULL,'1355418767420567554',NULL),('1355426472587714562','0','2021-01-30 16:03:48.000','2021-01-30 16:03:48.000','1355406809988345857','1355426470679281664','2','1','【时尚博主推荐】Daphne/达芙妮2020春季新款闪耀水晶扣时装鞋淑雅女单鞋 粉红112 38','1',0.00,0.10,0.10,'2021-01-30 16:04:20.000',NULL,NULL,NULL,NULL,'4200000801202101302811163830','1355426471975346177',NULL),('1357673549756682241','0','2021-02-05 20:52:53.000','2021-02-05 20:52:52.000','1354473059078176770','1357673547845074944','2','0','iPhone 12 Pro','5',0.00,8499.00,8499.00,NULL,NULL,NULL,NULL,NULL,NULL,'1357673549135925250',NULL),('1632993114357575681','0','2023-03-07 14:34:33.000','2023-03-07 14:34:32.000','1354473059078176770','1632993114207551488','2','0','HUAWEI P40 Pro+','5',0.00,0.98,0.98,NULL,NULL,NULL,NULL,NULL,NULL,'1632993114324021250',NULL),('1632994752065449985','0','2023-03-07 14:41:03.000','2023-03-07 14:41:03.000','1354473059078176770','1632994751923879936','2','0','HUAWEI P40 Pro+','5',0.00,0.10,0.10,NULL,NULL,NULL,NULL,NULL,NULL,'1632994752031895553',NULL),('1632995133256437763','0','2023-03-07 14:42:34.000','2023-03-07 14:42:34.000','1354473059078176770','1632995133102227456','2','1','HUAWEI P40 Pro+','5',0.00,0.10,0.10,'2023-03-07 14:42:56.000','2023-03-07 14:59:46.000',NULL,NULL,NULL,'4200001772202303073968832224','1632995133256437762',NULL),('1645623820711706626','0','2023-04-11 11:04:28.000','2023-04-11 11:04:27.000','1354473059078176770','1645623820574261248','2','0','Apple iPhone 13 Pro','5',0.00,8999.00,8999.00,NULL,NULL,NULL,NULL,NULL,NULL,'1645623820711706625',NULL),('1645635415705706497','0','2023-04-11 11:50:32.000','2023-04-11 11:50:32.000','1354473059078176770','1645635415513759744','2','1','HUAWEI P40 Pro+','5',0.00,0.10,0.10,'2023-04-11 11:50:49.000',NULL,NULL,NULL,NULL,'4200001784202304119379049641','1645635415605043201',NULL),('1901559589749952513','0','2025-03-17 17:01:50.000','2025-03-17 17:01:50.000','1900425114278260738','1901559589581619200','2','0','优雅精致纯钛架',NULL,0.00,25.00,25.00,NULL,NULL,NULL,NULL,NULL,NULL,'1901559589724786690',NULL),('1909241965190647810','0','2025-04-07 21:48:51.000','2025-04-07 21:48:51.000','1907278202958839809','1909241965120061440','2','0','军达-冰蓝色镜框',NULL,20.00,10.00,30.00,NULL,NULL,NULL,NULL,'',NULL,'1909241965169676289',NULL),('1909246795489546241','0','2025-04-07 22:08:03.000','2025-04-07 22:08:02.000','1907278202958839809','1909246795452514304','2','0','军达-冰蓝色镜框',NULL,0.00,10.00,10.00,NULL,NULL,NULL,NULL,'',NULL,'1909246795485351937',NULL),('1909248649824899074','0','2025-04-07 22:15:25.000','2025-04-07 22:15:24.000','1907278202958839809','1909248649792061440','2','0','军达-冰蓝色镜框',NULL,0.00,10.00,10.00,NULL,NULL,NULL,NULL,'',NULL,'1909248649824899073',NULL),('1909403939903967234','0','2025-04-08 08:32:29.000','2025-04-08 08:32:28.000','1907278202958839809','1909403939862740992','2','0','军达-冰蓝色镜框',NULL,0.00,10.00,10.00,NULL,NULL,NULL,NULL,'',NULL,'1909403939895578626',NULL),('1909407615208984578','0','2025-04-08 08:47:05.000','2025-04-08 08:47:05.000','1907278202958839809','1909407615176146944','2','0','军达-冰蓝色镜框',NULL,0.00,10.00,10.00,NULL,NULL,NULL,NULL,'',NULL,'1909407615204790273',NULL),('1909412235268395010','0','2025-04-08 09:05:27.000','2025-04-08 09:05:26.000','1907278202958839809','1909412235231363072','2','0','军达-冰蓝色镜框',NULL,0.00,10.00,10.00,NULL,NULL,NULL,NULL,'',NULL,'1909412235260006402',NULL),('1909412914326212610','0','2025-04-08 09:08:09.000','2025-04-08 09:08:08.000','1907278202958839809','1909412914284986368','2','0','军达-冰蓝色镜框',NULL,0.00,10.00,10.00,NULL,NULL,NULL,NULL,'',NULL,'1909412914313629697',NULL),('1909415386277023745','0','2025-04-08 09:17:58.000','2025-04-08 09:17:57.000','1907278202958839809','1909415386231603200','2','0','军达-冰蓝色镜框',NULL,0.00,10.00,10.00,NULL,NULL,NULL,NULL,'',NULL,'1909415386264440833',NULL),('1909415645183021058','0','2025-04-08 09:19:00.000','2025-04-08 09:18:59.000','1907278202958839809','1909415645133406208','2','0','军达-冰蓝色镜框',NULL,0.00,10.00,10.00,NULL,NULL,NULL,NULL,'',NULL,'1909415645174632449',NULL),('1909416095475109889','0','2025-04-08 09:20:47.000','2025-04-08 09:20:47.000','1907278202958839809','1909416095438077952','2','0','金色',NULL,0.00,11.00,11.00,NULL,NULL,NULL,NULL,'',NULL,'1909416095470915585',NULL),('1909416766563749890','0','2025-04-08 09:23:27.000','2025-04-08 09:23:27.000','1907278202958839809','1909416766526717952','2','0','金色',NULL,0.00,11.00,11.00,NULL,NULL,NULL,NULL,'',NULL,'1909416766555361282',NULL),('1909416858419007490','0','2025-04-08 09:23:49.000','2025-04-08 09:23:48.000','1907278202958839809','1909416858377781248','2','0','优雅精致纯钛架',NULL,0.00,15.00,15.00,NULL,NULL,NULL,NULL,'',NULL,'1909416858410618881',NULL),('1909417103785791490','0','2025-04-08 09:24:47.000','2025-04-08 09:24:47.000','1907278202958839809','1909417103748759552','2','0','金色',NULL,0.00,11.00,11.00,NULL,NULL,NULL,NULL,'',NULL,'1909417103777402882',NULL),('1909417386402189313','0','2025-04-08 09:25:55.000','2025-04-08 09:25:54.000','1907278202958839809','1909417386365157376','2','0','金色',NULL,0.00,11.00,11.00,NULL,NULL,NULL,NULL,'',NULL,'1909417386397995010',NULL),('1909420850138124289','0','2025-04-08 09:39:41.000','2025-04-08 09:39:40.000','1907278202958839809','1909420850105286656','2','0','简约椭圆',NULL,0.00,11.00,11.00,NULL,NULL,NULL,NULL,'',NULL,'1909420850133929986',NULL),('1909421506592837633','0','2025-04-08 09:42:17.000','2025-04-08 09:42:17.000','1907278202958839809','1909421506555805696','2','0','简约椭圆',NULL,0.00,11.00,11.00,NULL,NULL,NULL,NULL,'',NULL,'1909421506588643330',NULL),('1909422767266402306','0','2025-04-08 09:47:18.000','2025-04-08 09:47:17.000','1907278202958839809','1909422767233564672','2','0','简约椭圆',NULL,0.00,11.00,11.00,NULL,NULL,NULL,NULL,'',NULL,'1909422767262208002',NULL),('1909422804138528770','0','2025-04-08 09:47:27.000','2025-04-08 09:47:26.000','1907278202958839809','1909422804097302528','2','0','优雅精致纯钛架',NULL,0.00,15.00,15.00,NULL,NULL,NULL,NULL,'',NULL,'1909422804100780034',NULL),('1909422943930486785','0','2025-04-08 09:48:00.000','2025-04-08 09:47:59.000','1907278202958839809','1909422943893454848','2','0','巴黎灰岛',NULL,0.00,13.00,13.00,NULL,NULL,NULL,NULL,'',NULL,'1909422943926292481',NULL),('1909423759051526146','0','2025-04-08 09:51:14.000','2025-04-08 09:51:14.000','1907278202958839809','1909423759014494208','2','0','星耀黑银',NULL,0.00,13.00,13.00,NULL,NULL,NULL,NULL,'',NULL,'1909423759043137537',NULL),('1909424048865349633','0','2025-04-08 09:52:23.000','2025-04-08 09:52:23.000','1907278202958839809','1909424048828317696','2','0','巴黎灰岛',NULL,0.00,13.00,13.00,NULL,NULL,NULL,NULL,'',NULL,'1909424048861155330',NULL),('1909427697490386945','0','2025-04-08 10:06:53.000','2025-04-08 10:06:53.000','1907278202958839809','1909427696736141312','2','0','优雅精致纯钛架',NULL,0.00,15.00,15.00,NULL,NULL,NULL,NULL,'',NULL,'1909427696873824257',NULL),('1909428445636780034','0','2025-04-08 10:09:52.000','2025-04-08 10:09:51.000','1907278202958839809','1909428445578788864','2','0','优雅精致纯钛架',NULL,0.00,15.00,15.00,NULL,NULL,NULL,NULL,'',NULL,'1909428445624197122',NULL),('1909430786809192449','0','2025-04-08 10:19:10.000','2025-04-08 10:19:09.000','1907278202958839809','1909430786705063936','2','0','优雅精致纯钛架',NULL,0.00,15.00,15.00,NULL,NULL,NULL,NULL,'',NULL,'1909430786779832322',NULL),('1909433413735284738','0','2025-04-08 10:29:36.000','2025-04-08 10:29:36.000','1907278202958839809','1909433412876238848','2','0','星耀黑银',NULL,0.00,13.00,13.00,NULL,NULL,NULL,NULL,'',NULL,'1909433413085167618',NULL),('1909435201062510593','0','2025-04-08 10:36:42.000','2025-04-08 10:36:42.000','1907278202958839809','1909435200211779584','2','0','巴黎灰岛',NULL,0.00,13.00,13.00,NULL,NULL,NULL,NULL,'',NULL,'1909435200454336514',NULL),('1909450699514912771','0','2025-04-08 11:38:17.000','2025-04-08 11:38:17.000','1907278202958839809','1909450699503042560','2','0','金色',NULL,0.00,11.00,11.00,NULL,NULL,NULL,NULL,'',NULL,'1909450699514912770',NULL),('1909474273558581251','0','2025-04-08 13:11:58.000','2025-04-08 13:11:57.000','1907278202958839809','1909474273555120128','2','0','军达-冰蓝色镜框',NULL,0.00,0.01,0.01,NULL,NULL,NULL,NULL,'',NULL,'1909474273558581250',NULL),('1909475366304763905','0','2025-04-08 13:16:18.000','2025-04-08 13:16:18.000','1907278202958839809','1909475365487640576','2','0','军达-冰蓝色镜框',NULL,0.00,0.01,0.01,NULL,NULL,NULL,NULL,'',NULL,'1909475365642063873',NULL),('1909486529088376834','0','2025-04-08 14:00:40.000','2025-04-08 14:00:39.000','1907278202958839809','1909486528946503680','2','0','军达-冰蓝色镜框',NULL,0.00,0.01,0.01,NULL,NULL,NULL,NULL,'',NULL,'1909486529054822402',NULL),('1909489014892994561','0','2025-04-08 14:10:32.000','2025-04-08 14:10:32.000','1907278202958839809','1909489014038069248','2','0','军达-冰蓝色镜框',NULL,0.00,0.01,0.01,NULL,NULL,NULL,NULL,'',NULL,'1909489014234488833',NULL),('1909494718420819970','0','2025-04-08 14:33:12.000','2025-04-08 14:33:12.000','1907278202958839809','1909494718350229504','2','0','军达-冰蓝色镜框',NULL,0.00,0.01,0.01,NULL,NULL,NULL,NULL,'',NULL,'1909494718404042753',NULL),('1909496224767287297','0','2025-04-08 14:39:11.000','2025-04-08 14:39:11.000','1907278202958839809','1909496223887261696','2','0','军达-冰蓝色镜框',NULL,0.00,0.01,0.01,NULL,NULL,NULL,NULL,'',NULL,'1909496224092004353',NULL),('1909496404400939010','0','2025-04-08 14:39:54.000','2025-04-08 14:39:54.000','1907278202958839809','1909496404334608384','2','0','军达-冰蓝色镜框',NULL,0.00,0.01,0.01,NULL,NULL,NULL,NULL,'',NULL,'1909496404379967489',NULL),('1909497426477326338','0','2025-04-08 14:43:58.000','2025-04-08 14:43:57.000','1907278202958839809','1909497426461327360','2','0','军达-冰蓝色镜框',NULL,0.00,0.01,0.01,NULL,NULL,NULL,NULL,'',NULL,'1909497426477326337',NULL),('1909498542254465026','0','2025-04-08 14:48:24.000','2025-04-08 14:48:23.000','1907278202958839809','1909498542200717312','2','0','军达-冰蓝色镜框',NULL,0.00,0.01,0.01,NULL,NULL,NULL,NULL,'',NULL,'1909498542241882113',NULL),('1909498944274309122','0','2025-04-08 14:50:00.000','2025-04-08 14:49:59.000','1907278202958839809','1909498944191201280','2','0','军达-冰蓝色镜框',NULL,0.00,0.01,0.01,NULL,NULL,NULL,NULL,'',NULL,'1909498944274309121',NULL),('1909499415986786306','0','2025-04-08 14:51:52.000','2025-04-08 14:51:52.000','1907278202958839809','1909499415010213888','2','0','军达-冰蓝色镜框',NULL,0.00,0.01,0.01,NULL,NULL,NULL,NULL,'',NULL,'1909499415227617281',NULL),('1909499520152326146','0','2025-04-08 14:52:17.000','2025-04-08 14:52:17.000','1907278202958839809','1909499520085917696','2','0','军达-冰蓝色镜框',NULL,0.00,0.01,0.01,NULL,NULL,NULL,NULL,'',NULL,'1909499520135548929',NULL),('1909499813401284610','0','2025-04-08 14:53:27.000','2025-04-08 14:53:26.000','1907278202958839809','1909499813326487552','2','0','军达-冰蓝色镜框',NULL,0.00,0.01,0.01,NULL,NULL,NULL,NULL,'',NULL,'1909499813392896002',NULL),('1909500103953305602','0','2025-04-08 14:54:36.000','2025-04-08 14:54:36.000','1907278202958839809','1909500103878508544','2','0','军达-冰蓝色镜框',NULL,0.00,0.01,0.01,NULL,NULL,NULL,NULL,'',NULL,'1909500103936528385',NULL),('1909500164317728770','0','2025-04-08 14:54:51.000','2025-04-08 14:54:50.000','1907278202958839809','1909500164259708928','2','0','军达-冰蓝色镜框',NULL,0.00,0.01,0.01,NULL,NULL,NULL,NULL,'',NULL,'1909500164305145858',NULL),('1909500257099927555','0','2025-04-08 14:55:13.000','2025-04-08 14:55:12.000','1907278202958839809','1909500257046102016','2','0','军达-冰蓝色镜框',NULL,0.00,0.01,0.01,NULL,NULL,NULL,NULL,'',NULL,'1909500257099927554',NULL),('1909500297096810498','0','2025-04-08 14:55:22.000','2025-04-08 14:55:22.000','1907278202958839809','1909500297034596352','2','0','军达-冰蓝色镜框',NULL,0.00,0.01,0.01,NULL,NULL,NULL,NULL,'',NULL,'1909500297084227585',NULL),('1909500317724397571','0','2025-04-08 14:55:27.000','2025-04-08 14:55:27.000','1907278202958839809','1909500317729292288','2','0','军达-冰蓝色镜框',NULL,0.00,0.01,0.01,NULL,NULL,NULL,NULL,'',NULL,'1909500317724397570',NULL),('1909504734561390594','0','2025-04-08 15:13:00.000','2025-04-08 15:13:00.000','1907278202958839809','1909504734499176448','2','0','军达-冰蓝色镜框',NULL,0.00,0.01,0.01,NULL,NULL,NULL,NULL,'',NULL,'1909504734536224769',NULL),('1909513503307542530','0','2025-04-08 15:47:51.000','2025-04-08 15:47:50.000','1907278202958839809','1909513502523916288','2','0','军达-冰蓝色镜框',NULL,0.00,0.01,0.01,NULL,NULL,NULL,NULL,'',NULL,'1909513502690979842',NULL),('1909514804070236161','0','2025-04-08 15:53:01.000','2025-04-08 15:53:01.000','1907278202958839809','1909514803227918336','2','0','军达-冰蓝色镜框',NULL,0.00,0.01,0.01,NULL,NULL,NULL,NULL,'',NULL,'1909514803415924737',NULL),('1909519340210044929','0','2025-04-08 16:11:02.000','2025-04-08 16:11:02.000','1907278202958839809','1909519339397054464','2','0','军达-冰蓝色镜框',NULL,0.00,0.01,0.01,NULL,NULL,NULL,NULL,'',NULL,'1909519339568316417',NULL),('1909520686996852738','0','2025-04-08 16:16:23.000','2025-04-08 16:16:23.000','1907278202958839809','1909520686154514432','2','0','军达-冰蓝色镜框','5',0.00,0.01,0.01,NULL,NULL,NULL,NULL,'',NULL,'1909520686392872961',NULL),('1909525358532894721','0','2025-04-08 16:34:57.000','2025-04-08 16:34:57.000','1907278202958839809','1909525357266993152','2','1','金色','3',0.00,0.01,0.01,'2025-04-08 16:35:06.000','2025-04-08 16:49:32.000','2025-04-09 13:40:07.000',NULL,'','4200002712202504081271157962','1909525357522067457',NULL),('1909529369805856769','0','2025-04-08 16:50:54.000','2025-04-08 16:50:53.000','1907278202958839809','1909529369743720448','2','1','全框','1',0.00,0.01,0.01,'2025-04-08 16:51:03.000',NULL,NULL,NULL,'','4200002674202504081387000100','1909529369793273857',NULL),('1909537018857480193','0','2025-04-08 17:21:17.000','2025-04-08 17:21:17.000','1907278202958839809','1909537017880903680','2','0','军达-冰蓝色镜框',NULL,0.00,0.06,0.06,NULL,NULL,NULL,NULL,'',NULL,'1909537018232528897',NULL),('1909537232091701250','0','2025-04-08 17:22:08.000','2025-04-08 17:22:08.000','1907278202958839809','1909537232000122880','2','1','军达-冰蓝色镜框','1',0.00,0.02,0.02,'2025-04-08 17:22:20.000',NULL,NULL,NULL,'','4200002674202504089165881729','1909537232079118338',NULL),('1909539063148666881','0','2025-04-08 17:29:25.000','2025-04-08 17:29:24.000','1907278202958839809','1909539063090642944','2','1','军达-冰蓝色镜框','2',0.00,0.01,0.01,'2025-04-08 17:29:49.000','2025-04-10 11:35:23.000',NULL,NULL,'','4200002692202504086168330809','1909539063131889666',NULL),('1909540322941427713','0','2025-04-08 17:34:25.000','2025-04-08 17:34:25.000','1907278202958839809','1909540322904375296','2','0','军达-冰蓝色镜框',NULL,0.00,0.01,0.01,NULL,NULL,NULL,NULL,'',NULL,'1909540322933039105',NULL),('1909540512003874818','0','2025-04-08 17:35:10.000','2025-04-08 17:35:10.000','1907278202958839809','1909540511966822400','2','0','军达-冰蓝色镜框',NULL,0.00,0.01,0.01,NULL,NULL,NULL,NULL,'',NULL,'1909540511999680513',NULL),('1909540681504088065','0','2025-04-08 17:35:51.000','2025-04-08 17:35:50.000','1907278202958839809','1909540681458647040','2','0','军达-冰蓝色镜框',NULL,0.00,0.01,0.01,NULL,NULL,NULL,NULL,'',NULL,'1909540681491505154',NULL),('1909779974680043523','0','2025-04-09 09:26:43.000','2025-04-09 09:26:42.000','1907278202958839809','1909779974655574016','2','1','军达-冰蓝色镜框','1',0.00,0.01,0.01,'2025-04-09 09:26:55.000',NULL,NULL,NULL,'','4200002628202504096084114289','1909779974680043522',NULL),('1909780068674396162','0','2025-04-09 09:27:05.000','2025-04-09 09:27:05.000','1907278202958839809','1909780068645732352','2','1','军达-冰蓝色镜框','3',0.00,0.01,0.01,'2025-04-09 09:27:27.000','2025-04-09 14:29:54.000','2025-04-09 14:30:07.000',NULL,'','4200002630202504093227258183','1909780068674396161',NULL),('1909782134645940226','0','2025-04-09 09:35:18.000','2025-04-09 09:35:17.000','1907278202958839809','1909782134617276416','2','1','军达-冰蓝色镜框','3',0.00,0.01,0.01,'2025-04-09 09:35:33.000','2025-04-09 14:00:42.000','2025-04-09 14:01:06.000',NULL,'','4200002682202504091759271656','1909782134637551618',NULL),('1909783564563865601','0','2025-04-09 09:40:59.000','2025-04-09 09:40:58.000','1907278202958839809','1909783564531007488','2','0','军达-冰蓝色镜框',NULL,0.00,0.01,0.01,NULL,NULL,NULL,NULL,NULL,NULL,'1909783564555476993',NULL),('1909783615403024386','0','2025-04-09 09:41:11.000','2025-04-09 09:41:10.000','1907278202958839809','1909783615365971968','2','1','军达-冰蓝色镜框','3',0.00,0.01,0.01,'2025-04-09 09:41:43.000','2025-04-09 13:59:40.000','2025-04-09 13:59:53.000',NULL,NULL,'4200002620202504099483941877','1909783615394635778',NULL),('1909785338817372162','0','2025-04-09 09:48:02.000','2025-04-09 09:48:01.000','1907278202958839809','1909785338784514048','2','1','军达-冰蓝色镜框','3',0.00,0.01,0.01,'2025-04-09 09:48:20.000','2025-04-09 13:54:58.000','2025-04-09 13:55:15.000',NULL,NULL,'4200002686202504094056795850','1909785338808983554',NULL),('1909786875585191938','0','2025-04-09 09:54:08.000','2025-04-09 09:54:07.000','1907278202958839809','1909786875548139520','2','1','军达-冰蓝色镜框','3',0.00,0.01,0.01,'2025-04-09 09:54:53.000','2025-04-09 13:54:06.000','2025-04-09 13:54:22.000',NULL,NULL,'4200002698202504097268188162','1909786875576803329',NULL),('1909787108289372163','0','2025-04-09 09:55:03.000','2025-04-09 09:55:03.000','1907278202958839809','1909787108281679872','2','1','军达-冰蓝色镜框','3',0.00,0.01,0.01,'2025-04-09 09:55:21.000','2025-04-09 13:49:38.000','2025-04-09 13:52:19.000',NULL,NULL,'4200002711202504096686523641','1909787108289372162',NULL),('1909787615628189697','0','2025-04-09 09:57:04.000','2025-04-09 09:57:04.000','1907278202958839809','1909787615595331584','2','0','军达-冰蓝色镜框',NULL,0.00,0.01,0.01,NULL,NULL,NULL,NULL,NULL,NULL,'1909787615619801090',NULL),('1909787659500609538','0','2025-04-09 09:57:15.000','2025-04-09 09:57:14.000','1907278202958839809','1909787659467751424','2','0','军达-冰蓝色镜框',NULL,0.00,0.01,0.01,NULL,NULL,NULL,NULL,NULL,NULL,'1909787659496415233',NULL),('1909787723182727169','0','2025-04-09 09:57:30.000','2025-04-09 09:57:30.000','1907278202958839809','1909787723149869056','2','0','军达-冰蓝色镜框','5',0.00,0.01,0.01,NULL,NULL,NULL,NULL,NULL,NULL,'1909787723174338561',NULL),('1909787789817634818','0','2025-04-09 09:57:46.000','2025-04-09 09:57:45.000','1907278202958839809','1909787789788971008','2','0','军达-冰蓝色镜框','5',0.00,0.01,0.01,NULL,NULL,NULL,NULL,NULL,NULL,'1909787789813440514',NULL),('1909788402357985281','0','2025-04-09 10:00:12.000','2025-04-09 10:00:11.000','1907278202958839809','1909788402320932864','2','0','军达-冰蓝色镜框','5',0.00,0.01,0.01,NULL,NULL,NULL,NULL,NULL,NULL,'1909788402349596673',NULL),('1909788462323949570','0','2025-04-09 10:00:26.000','2025-04-09 10:00:26.000','1907278202958839809','1909788462295285760','2','0','军达-冰蓝色镜框','5',0.00,0.01,0.01,NULL,NULL,NULL,NULL,NULL,NULL,'1909788462315560962',NULL),('1909788600450768898','0','2025-04-09 10:00:59.000','2025-04-09 10:00:59.000','1907278202958839809','1909788600417910784','2','1','军达-冰蓝色镜框','3',0.00,0.01,0.01,'2025-04-09 10:01:14.000','2025-04-09 13:22:19.000','2025-04-09 13:39:19.000',NULL,NULL,'4200002676202504091569583798','1909788600446574594',NULL),('1909795012060995585','0','2025-04-09 10:26:28.000','2025-04-09 10:26:27.000','1907300228113170433','1909795012032331776','2','0','军达-冰蓝色镜框',NULL,0.00,0.01,0.01,NULL,NULL,NULL,NULL,NULL,NULL,'1909795012056801282',NULL),('1909795453993836546','0','2025-04-09 10:28:13.000','2025-04-09 10:28:13.000','1907300228113170433','1909795453965172736','2','0','方框男生镜框',NULL,0.00,0.01,0.01,NULL,NULL,NULL,NULL,NULL,NULL,'1909795453989642242',NULL),('1909808979487547394','0','2025-04-09 11:21:58.000','2025-04-09 11:21:57.000','1907300228113170433','1909808979429556224','2','0','星耀黑银',NULL,0.00,0.01,0.01,NULL,NULL,NULL,NULL,NULL,NULL,'1909808979487547393',NULL),('1909833404836515841','0','2025-04-09 12:59:01.000','2025-04-09 12:59:01.000','1907278202958839809','1909833403990016000','2','0','金色','5',0.00,0.01,0.01,NULL,NULL,NULL,NULL,NULL,NULL,'1909833404203175937',NULL),('1909855580075626497','0','2025-04-09 14:27:08.000','2025-04-09 14:27:08.000','1907278202958839809','1909855580021850112','2','1','军达-冰蓝色镜框','5',0.00,0.02,0.02,'2025-04-09 14:27:18.000','2025-04-09 14:28:10.000','2025-04-09 14:28:22.000',NULL,NULL,'4200002631202504098714567216','1909855580046266370',NULL),('1909895314843947010','0','2025-04-09 17:05:02.000','2025-04-09 17:05:01.000','1907278202958839809','1909895314014208000','2','0','军达-冰蓝色镜框','5',0.00,0.01,0.01,NULL,NULL,NULL,NULL,'',NULL,'1909895314218995713',NULL),('1909900840394870786','0','2025-04-09 17:26:59.000','2025-04-09 17:26:59.000','1907278202958839809','1909900840357855232','2','0','军达-冰蓝色镜框',NULL,0.00,0.01,0.01,NULL,NULL,NULL,NULL,NULL,NULL,'1909900840390676482',NULL),('1909900926017392642','0','2025-04-09 17:27:20.000','2025-04-09 17:27:19.000','1907278202958839809','1909900925959405568','2','0','军达-冰蓝色镜框',NULL,0.00,0.02,0.02,NULL,NULL,NULL,NULL,NULL,NULL,'1909900926009004033',NULL),('1909903067750649859','0','2025-04-09 17:35:50.000','2025-04-09 17:35:50.000','1907278202958839809','1909903067713634304','2','1','军达-冰蓝色镜框','3',0.00,0.01,0.01,'2025-04-09 17:35:58.000','2025-04-09 17:36:28.000','2025-04-09 17:36:39.000',NULL,NULL,'4200002672202504094073277424','1909903067750649858',NULL),('1910136255261495298','0','2025-04-10 09:02:27.000','2025-04-10 09:02:26.000','1910132627566022658','1910136255199313920','2','0','军达-冰蓝色镜框','5',0.00,0.02,0.02,NULL,NULL,NULL,NULL,NULL,NULL,'1910136255253106689',NULL),('1910137141643759618','0','2025-04-10 09:05:58.000','2025-04-10 09:05:57.000','1910132627566022658','1910137141564801024','2','0','军达-冰蓝色镜框','5',0.00,0.02,0.02,NULL,NULL,NULL,NULL,NULL,NULL,'1910137141639565313',NULL),('1910137346141245442','0','2025-04-10 09:06:47.000','2025-04-10 09:06:46.000','1910132627566022658','1910137346041315328','2','0','军达-冰蓝色镜框','5',0.00,0.05,0.05,NULL,NULL,NULL,NULL,NULL,NULL,'1910137346137051137',NULL),('1910159377826066434','0','2025-04-10 10:34:19.000','2025-04-10 10:34:19.000','1907278202958839809','1910159377747148800','2','1','军达-冰蓝色镜框','2',0.00,0.01,0.01,'2025-04-10 10:41:29.000','2025-04-13 09:05:32.000',NULL,NULL,NULL,'4200002679202504103431093068','1910159377826066433',NULL),('1910195232242528257','0','2025-04-10 12:56:48.000','2025-04-10 12:56:47.000','1910132627566022658','1910195231299469312','2','0','军达-冰蓝色镜框','5',0.00,0.03,0.03,NULL,NULL,NULL,NULL,NULL,NULL,'1910195231621771266',NULL),('1910198873116450817','0','2025-04-10 13:11:16.000','2025-04-10 13:11:15.000','1910132627566022658','1910198872181833728','2','0','军达-冰蓝色镜框','5',0.00,0.01,0.01,NULL,NULL,NULL,NULL,NULL,NULL,'1910198872252424193',NULL),('1910199595979579393','0','2025-04-10 13:14:08.000','2025-04-10 13:14:08.000','1907278202958839809','1910199595925766144','2','0','军达-冰蓝色镜框',NULL,0.00,0.01,0.01,NULL,NULL,NULL,NULL,NULL,NULL,'1910199595966996482',NULL),('1910211045791948801','0','2025-04-10 13:59:38.000','2025-04-10 13:59:37.000','1907278202958839809','1910211045012537344','2','0','军达-冰蓝色镜框',NULL,0.00,0.01,0.01,NULL,NULL,NULL,NULL,NULL,NULL,'1910211045158608897',NULL),('1910215993258729474','0','2025-04-10 14:19:18.000','2025-04-10 14:19:17.000','1907278202958839809','1910215993217515520','2','0','金色',NULL,0.00,0.01,0.01,NULL,NULL,NULL,NULL,NULL,NULL,'1910215993250340866',NULL),('1910227636529205250','0','2025-04-10 15:05:33.000','2025-04-10 15:05:33.000','1910132627566022658','1910227635686866944','2','0','军达-冰蓝色镜框','5',0.00,0.01,0.01,NULL,NULL,NULL,NULL,NULL,NULL,'1910227635774230530',NULL),('1910241347767750658','0','2025-04-10 16:00:03.000','2025-04-10 16:00:02.000','1910240925996929026','1910241347701309440','2','1','蔡司','3',0.00,0.02,0.02,'2025-04-10 16:00:17.000','2025-04-10 16:01:10.000','2025-04-10 16:01:35.000',NULL,NULL,'4200002688202504108161903377','1910241347767750657',NULL),('1910244440274227201','0','2025-04-10 16:12:20.000','2025-04-10 16:12:19.000','1910132627566022658','1910244440211980288','2','1','军达-冰蓝色镜框','3',0.00,0.02,0.02,'2025-04-10 16:12:32.000','2025-04-10 16:12:55.000','2025-04-10 16:13:10.000',NULL,NULL,'4200002670202504104578377547','1910244440261644289',NULL),('1910264316111998977','0','2025-04-10 17:31:19.000','2025-04-10 17:31:18.000','1907278202958839809','1910264316058140672','2','0','优雅精致纯钛架',NULL,0.00,0.01,0.01,NULL,NULL,NULL,NULL,NULL,NULL,'1910264316099416066',NULL),('1910296232953499651','0','2025-04-10 19:38:08.000','2025-04-10 19:38:08.000','1910132627566022658','1910296232941584384','2','0','军达-冰蓝色镜框',NULL,0.00,0.02,0.02,NULL,NULL,NULL,NULL,NULL,NULL,'1910296232953499650',NULL),('1910492258448560130','0','2025-04-11 08:37:04.000','2025-04-11 08:37:04.000','1907278202958839809','1910492258440839168','2','0','金色',NULL,0.00,0.01,0.01,NULL,NULL,NULL,NULL,NULL,NULL,'1910492258448560129',NULL),('1910495149527781379','0','2025-04-11 08:48:34.000','2025-04-11 08:48:33.000','1907278202958839809','1910495149515866112','2','0','金色',NULL,0.00,0.01,0.01,NULL,NULL,NULL,NULL,NULL,NULL,'1910495149527781378',NULL),('1911253766967152642','0','2025-04-13 11:03:02.000','2025-04-13 11:03:02.000','1907278202958839809','1911253766905004032','2','0','简约椭圆',NULL,0.00,0.01,0.01,NULL,NULL,NULL,NULL,NULL,NULL,'1911253766941986818',NULL),('1911289364826312705','0','2025-04-13 13:24:29.000','2025-04-13 13:24:29.000','1910132627566022658','1911289364789329920','2','1','金色','5',0.00,0.01,0.01,'2025-04-13 13:24:36.000','2025-04-13 13:25:21.000','2025-04-13 13:25:48.000',NULL,NULL,'4200002620202504131278005317','1911289364813729793',NULL),('1911289865781399554','0','2025-04-13 13:26:29.000','2025-04-13 13:26:28.000','1910132627566022658','1911289865736028160','2','1','军达-冰蓝色镜框','5',0.00,0.02,0.02,'2025-04-13 13:26:39.000','2025-04-13 13:27:27.000','2025-04-13 13:27:42.000',NULL,NULL,'4200002676202504132418863205','1911289865773010945',NULL),('1911290482100817922','0','2025-04-13 13:28:56.000','2025-04-13 13:28:55.000','1910132627566022658','1911290482068029440','2','1','金色','5',0.00,0.01,0.01,'2025-04-13 13:29:02.000','2025-04-13 13:29:42.000','2025-04-13 13:29:48.000',NULL,NULL,'4200002627202504139401870405','1911290482096623617',NULL),('1911290970108088321','0','2025-04-13 13:30:52.000','2025-04-13 13:30:52.000','1907278202958839809','1911290970075299840','2','1','军达-冰蓝色镜框','5',0.00,0.01,0.01,'2025-04-13 13:31:03.000','2025-04-13 13:31:30.000','2025-04-13 13:31:41.000',NULL,NULL,'4200002671202504132864283598','1911290970099699714',NULL),('1911291366809554946','0','2025-04-13 13:32:27.000','2025-04-13 13:32:26.000','1907278202958839809','1911291366759989248','2','1','金色','1',0.00,0.01,0.01,'2025-04-13 13:32:37.000',NULL,NULL,NULL,NULL,'4200002705202504135824942294','1911291366801166338',NULL),('1911294114305167362','0','2025-04-13 13:43:22.000','2025-04-13 13:43:21.000','1907278202958839809','1911294114276573184','2','1','金色','1',0.00,0.01,0.01,'2025-04-13 13:43:36.000',NULL,NULL,NULL,NULL,'4200002671202504138611603719','1911294114296778753',NULL),('1912392808375021570','0','2025-04-16 14:29:11.000','2025-04-16 14:29:10.000','1912392421513392129','1912392808300281856','2','0','军达-冰蓝色镜框',NULL,0.00,0.02,0.02,NULL,NULL,NULL,NULL,NULL,NULL,'1912392808366632962',NULL),('1914997890295898114','0','2025-04-23 19:00:51.000','2025-04-23 19:00:50.000','1910132627566022658','1914997890195914752','2','1','军达-冰蓝色镜框','5',0.00,0.01,0.01,'2025-04-23 19:01:06.000','2025-04-23 19:02:40.000','2025-04-23 19:03:18.000',NULL,NULL,'4200002625202504230411747807','1914997890253955074',NULL);
/*!40000 ALTER TABLE `order_info` ENABLE KEYS */;
UNLOCK TABLES;

--
-- Table structure for table `order_item`
--

DROP TABLE IF EXISTS `order_item`;
/*!40101 SET @saved_cs_client     = @@character_set_client */;
/*!50503 SET character_set_client = utf8mb4 */;
CREATE TABLE `order_item` (
  `id` varchar(32) CHARACTER SET utf8mb4 COLLATE utf8mb4_croatian_ci NOT NULL COMMENT 'PK',
  `del_flag` char(2) COLLATE utf8mb4_croatian_ci NOT NULL DEFAULT '0' COMMENT '逻辑删除标记',
  `create_time` datetime(3) DEFAULT NULL COMMENT '创建时间',
  `update_time` datetime(3) DEFAULT NULL COMMENT '最后更新时间',
  `order_id` varchar(32) CHARACTER SET utf8mb4 COLLATE utf8mb4_croatian_ci NOT NULL COMMENT '订单编号',
  `spu_id` varchar(32) CHARACTER SET utf8mb4 COLLATE utf8mb4_croatian_ci DEFAULT NULL COMMENT '商品Id',
  `spu_name` varchar(200) CHARACTER SET utf8mb4 COLLATE utf8mb4_croatian_ci DEFAULT NULL COMMENT '商品名',
  `pic_url` varchar(500) CHARACTER SET utf8mb4 COLLATE utf8mb4_croatian_ci NOT NULL COMMENT '图片',
  `quantity` bigint NOT NULL COMMENT '商品数量',
  `sales_price` decimal(10,2) NOT NULL COMMENT '购买单价',
  `freight_price` decimal(10,2) DEFAULT '0.00' COMMENT '运费金额',
  `payment_price` decimal(10,2) DEFAULT '0.00' COMMENT '支付金额',
  `remark` varchar(250) CHARACTER SET utf8mb4 COLLATE utf8mb4_croatian_ci DEFAULT NULL COMMENT '备注',
  `status` char(2) CHARACTER SET utf8mb4 COLLATE utf8mb4_croatian_ci DEFAULT '0' COMMENT '状态0：正常；1：退款中；2:拒绝退款；3：同意退款',
  `is_refund` char(2) CHARACTER SET utf8mb4 COLLATE utf8mb4_croatian_ci DEFAULT '0' COMMENT '是否退款0:否 1：是',
  PRIMARY KEY (`id`) USING BTREE
) ENGINE=InnoDB DEFAULT CHARSET=utf8mb4 COLLATE=utf8mb4_croatian_ci ROW_FORMAT=DYNAMIC COMMENT='订单详情';
/*!40101 SET character_set_client = @saved_cs_client */;

--
-- Dumping data for table `order_item`
--

LOCK TABLES `order_item` WRITE;
/*!40000 ALTER TABLE `order_item` DISABLE KEYS */;
INSERT INTO `order_item` VALUES ('1354469716075237378','0','2021-01-28 00:41:59.000','2021-01-28 00:41:59.000','1354469715404148737','1353738731164561410','iPhone12白色','http://joolun-open.oss-cn-zhangjiakou.aliyuncs.com/category-9.png',1,4999.00,0.00,4999.00,NULL,'0','0'),('1354474071088238594','0','2021-01-28 00:59:18.000','2021-01-28 00:59:18.000','1354474070446510081','1353738731164561410','iPhone12白色','http://joolun-open.oss-cn-zhangjiakou.aliyuncs.com/category-9.png',1,4999.00,0.00,4999.00,NULL,'0','0'),('1354620400435253249','0','2021-01-28 10:40:45.000','2021-01-28 10:40:45.000','1354620399822884865','1353738731164561410','iPhone12白色','http://joolun-open.oss-cn-zhangjiakou.aliyuncs.com/category-9.png',1,4999.00,0.00,4999.00,NULL,'0','0'),('1354795348378370049','0','2021-01-28 22:15:55.000','2021-01-28 22:15:55.000','1354795347837304834','1353738731164561410','iPhone12白色','http://joolun-open.oss-cn-zhangjiakou.aliyuncs.com/category-9.png',1,4999.00,0.00,4999.00,NULL,'0','0'),('1354797186527883265','0','2021-01-28 22:23:14.000','2021-01-28 22:23:14.000','1354797185856794625','1353738731164561410','iPhone12白色','http://joolun-open.oss-cn-zhangjiakou.aliyuncs.com/category-9.png',1,4999.00,0.00,4999.00,NULL,'0','0'),('1354797795180060673','0','2021-01-28 22:25:39.000','2021-01-28 22:25:39.000','1354797794534137858','1353738731164561410','iPhone12白色','http://joolun-open.oss-cn-zhangjiakou.aliyuncs.com/category-9.png',1,4999.00,0.00,4999.00,NULL,'0','0'),('1354798824613257217','0','2021-01-28 22:29:44.000','2021-01-28 22:29:44.000','1354798824059609090','1353738731164561410','iPhone12白色','http://joolun-open.oss-cn-zhangjiakou.aliyuncs.com/category-9.png',1,0.01,0.00,0.01,NULL,'0','0'),('1354798971694915585','0','2021-01-28 22:30:19.000','2021-01-28 22:30:19.000','1354798971141267457','1353738731164561410','iPhone12白色','http://joolun-open.oss-cn-zhangjiakou.aliyuncs.com/category-9.png',1,0.01,0.00,0.01,NULL,'0','0'),('1355417351444508674','0','2021-01-30 15:27:33.000','2021-01-30 15:27:33.000','1355417350676951041','1355412081553190914','【时尚博主推荐】Daphne/达芙妮2020春季新款闪耀水晶扣时装鞋淑雅女单鞋 粉红112 38','http://joolun-open.oss-cn-zhangjiakou.aliyuncs.com/aed00a45-1598-490d-9ea9-b35c386ae6b3.png',2,0.10,0.00,0.20,NULL,'0','0'),('1355418768758550529','0','2021-01-30 15:33:11.000','2021-01-30 15:33:11.000','1355418768053907457','1353738731164561410','Apple iPhone','http://joolun-open.oss-cn-zhangjiakou.aliyuncs.com/10952adc-cad0-4c53-8762-9906d1dde220.jpg',1,6000.00,0.00,6000.00,NULL,'0','0'),('1355418868545236994','0','2021-01-30 15:33:35.000','2021-01-30 15:33:35.000','1355418867987394561','1355412081553190914','【时尚博主推荐】Daphne/达芙妮2020春季新款闪耀水晶扣时装鞋淑雅女单鞋 粉红112 38','http://joolun-open.oss-cn-zhangjiakou.aliyuncs.com/aed00a45-1598-490d-9ea9-b35c386ae6b3.png',1,0.10,0.00,0.10,NULL,'0','0'),('1355426473221054466','0','2021-01-30 16:03:48.000','2021-01-30 16:03:48.000','1355426472587714562','1355412081553190914','【时尚博主推荐】Daphne/达芙妮2020春季新款闪耀水晶扣时装鞋淑雅女单鞋 粉红112 38','http://joolun-open.oss-cn-zhangjiakou.aliyuncs.com/aed00a45-1598-490d-9ea9-b35c386ae6b3.png',1,0.10,0.00,0.10,NULL,'0','0'),('1357673550390022145','0','2021-02-05 20:52:52.000','2021-02-05 20:52:52.000','1357673549756682241','1353738731164561410','iPhone 12 Pro','http://joolun-open.oss-cn-zhangjiakou.aliyuncs.com/goods-4.png',1,8499.00,0.00,8499.00,NULL,'0','0'),('1632993114403713025','0','2023-03-07 14:34:32.000','2023-03-07 14:34:32.000','1632993114357575681','1355412081553190914','HUAWEI P40 Pro+','https://joolun-open.oss-cn-zhangjiakou.aliyuncs.com/goods-11.png',1,0.98,0.00,0.98,NULL,'0','0'),('1632994752065449986','0','2023-03-07 14:41:03.000','2023-03-07 14:41:03.000','1632994752065449985','1355412081553190914','HUAWEI P40 Pro+','https://joolun-open.oss-cn-zhangjiakou.aliyuncs.com/goods-11.png',1,0.10,0.00,0.10,NULL,'0','0'),('1632995133310963713','0','2023-03-07 14:42:34.000','2023-03-07 14:42:34.000','1632995133256437763','1355412081553190914','HUAWEI P40 Pro+','https://joolun-open.oss-cn-zhangjiakou.aliyuncs.com/goods-11.png',1,0.10,0.00,0.10,NULL,'3','1'),('1645623820762038274','0','2023-04-11 11:04:27.000','2023-04-11 11:04:27.000','1645623820711706626','1442505794278191105','Apple iPhone 13 Pro','https://joolun-open.oss-cn-zhangjiakou.aliyuncs.com/132.png',1,8999.00,0.00,8999.00,NULL,'0','0'),('1645635415768621058','0','2023-04-11 11:50:32.000','2023-04-11 11:50:32.000','1645635415705706497','1355412081553190914','HUAWEI P40 Pro+','https://joolun-open.oss-cn-zhangjiakou.aliyuncs.com/goods-11.png',1,0.10,0.00,0.10,NULL,'3','1'),('1901559589796089858','0','2025-03-17 17:01:50.000','2025-03-17 17:01:50.000','1901559589749952513','1900379604263710721','优雅精致纯钛架','/profile/upload/2025/03/14/O1CN01ZBFYzw23ffZvicJET_!!2212057487283-0-cib_20250314105135A008.jpg',1,15.00,0.00,15.00,NULL,'0','0'),('1901559589804478466','0','2025-03-17 17:01:50.000','2025-03-17 17:01:50.000','1901559589749952513','1900363838747389953','军达-冰蓝色镜框','/profile/upload/2025/03/14/O1CN01a248j423ffZy7Wy5R_!!2212057487283-0-cib_20250314094937A002.jpg',1,10.00,0.00,10.00,NULL,'0','0'),('1909241965253562370','0','2025-04-07 21:48:51.000','2025-04-07 21:48:51.000','1909241965190647810','1900363838747389953','军达-冰蓝色镜框','/profile/upload/2025/04/07/bls_20250407111523A002.jpg',1,10.00,20.00,30.00,NULL,'0','0'),('1909246795497934849','0','2025-04-07 22:08:02.000','2025-04-07 22:08:02.000','1909246795489546241','1900363838747389953','军达-冰蓝色镜框','/profile/upload/2025/04/07/bls_20250407111523A002.jpg',1,10.00,0.00,10.00,NULL,'0','0'),('1909248649837481985','0','2025-04-07 22:15:24.000','2025-04-07 22:15:24.000','1909248649824899074','1900363838747389953','军达-冰蓝色镜框','/profile/upload/2025/04/07/bls_20250407111523A002.jpg',1,10.00,0.00,10.00,NULL,'0','0'),('1909403939916550146','0','2025-04-08 08:32:28.000','2025-04-08 08:32:28.000','1909403939903967234','1900363838747389953','军达-冰蓝色镜框','/profile/upload/2025/04/07/bls_20250407111523A002.jpg',1,10.00,0.00,10.00,NULL,'0','0'),('1909407615217373185','0','2025-04-08 08:47:05.000','2025-04-08 08:47:05.000','1909407615208984578','1900363838747389953','军达-冰蓝色镜框','/profile/upload/2025/04/07/bls_20250407111523A002.jpg',1,10.00,0.00,10.00,NULL,'0','0'),('1909412235348086786','0','2025-04-08 09:05:26.000','2025-04-08 09:05:26.000','1909412235268395010','1900363838747389953','军达-冰蓝色镜框','/profile/upload/2025/04/07/bls_20250407111523A002.jpg',1,10.00,0.00,10.00,NULL,'0','0'),('1909412914334601217','0','2025-04-08 09:08:08.000','2025-04-08 09:08:08.000','1909412914326212610','1900363838747389953','军达-冰蓝色镜框','/profile/upload/2025/04/07/bls_20250407111523A002.jpg',1,10.00,0.00,10.00,NULL,'0','0'),('1909415386285412353','0','2025-04-08 09:17:57.000','2025-04-08 09:17:57.000','1909415386277023745','1900363838747389953','军达-冰蓝色镜框','/profile/upload/2025/04/07/bls_20250407111523A002.jpg',1,10.00,0.00,10.00,NULL,'0','0'),('1909415645191409666','0','2025-04-08 09:18:59.000','2025-04-08 09:18:59.000','1909415645183021058','1900363838747389953','军达-冰蓝色镜框','/profile/upload/2025/04/07/bls_20250407111523A002.jpg',1,10.00,0.00,10.00,NULL,'0','0'),('1909416095483498498','0','2025-04-08 09:20:47.000','2025-04-08 09:20:47.000','1909416095475109889','1900378351710318593','金色','/profile/upload/2025/04/07/O1CN01a4p6a523ffIYFl6XA_!!2212057487283-0-cib_20250402162410A007_20250407111457A001.jpg',1,11.00,0.00,11.00,NULL,'0','0'),('1909416766572138497','0','2025-04-08 09:23:27.000','2025-04-08 09:23:27.000','1909416766563749890','1900378351710318593','金色','/profile/upload/2025/04/07/O1CN01a4p6a523ffIYFl6XA_!!2212057487283-0-cib_20250402162410A007_20250407111457A001.jpg',1,11.00,0.00,11.00,NULL,'0','0'),('1909416858427396098','0','2025-04-08 09:23:48.000','2025-04-08 09:23:48.000','1909416858419007490','1900379604263710721','优雅精致纯钛架','/profile/upload/2025/04/02/O1CN01rwlGpu23ffZwigOaQ_!!2212057487283-0-cib_20250402162441A009.jpg',1,15.00,0.00,15.00,NULL,'0','0'),('1909417103794180097','0','2025-04-08 09:24:47.000','2025-04-08 09:24:47.000','1909417103785791490','1900378351710318593','金色','/profile/upload/2025/04/07/O1CN01a4p6a523ffIYFl6XA_!!2212057487283-0-cib_20250402162410A007_20250407111457A001.jpg',1,11.00,0.00,11.00,NULL,'0','0'),('1909417386410577921','0','2025-04-08 09:25:54.000','2025-04-08 09:25:54.000','1909417386402189313','1900378351710318593','金色','/profile/upload/2025/04/07/O1CN01a4p6a523ffIYFl6XA_!!2212057487283-0-cib_20250402162410A007_20250407111457A001.jpg',1,11.00,0.00,11.00,NULL,'0','0'),('1909420850146512897','0','2025-04-08 09:39:40.000','2025-04-08 09:39:40.000','1909420850138124289','1900378673224691713','简约椭圆','/profile/upload/2025/04/02/O1CN01lyQRHs23ffIcjlXXp_!!2212057487283-0-cib_20250402162429A008.jpg',1,11.00,0.00,11.00,NULL,'0','0'),('1909421506601226242','0','2025-04-08 09:42:17.000','2025-04-08 09:42:17.000','1909421506592837633','1900378673224691713','简约椭圆','/profile/upload/2025/04/02/O1CN01lyQRHs23ffIcjlXXp_!!2212057487283-0-cib_20250402162429A008.jpg',1,11.00,0.00,11.00,NULL,'0','0'),('1909422767274790913','0','2025-04-08 09:47:17.000','2025-04-08 09:47:17.000','1909422767266402306','1900378673224691713','简约椭圆','/profile/upload/2025/04/02/O1CN01lyQRHs23ffIcjlXXp_!!2212057487283-0-cib_20250402162429A008.jpg',1,11.00,0.00,11.00,NULL,'0','0'),('1909422804146917377','0','2025-04-08 09:47:26.000','2025-04-08 09:47:26.000','1909422804138528770','1900379604263710721','优雅精致纯钛架','/profile/upload/2025/04/02/O1CN01rwlGpu23ffZwigOaQ_!!2212057487283-0-cib_20250402162441A009.jpg',1,15.00,0.00,15.00,NULL,'0','0'),('1909422943938875394','0','2025-04-08 09:47:59.000','2025-04-08 09:47:59.000','1909422943930486785','1900382773244932098','巴黎灰岛','/profile/upload/2025/04/02/O1CN01fiWHYn250Yylo5yp4_!!2209559537464-0-cib_20250402162518A011.jpg',1,13.00,0.00,13.00,NULL,'0','0'),('1909423759059914753','0','2025-04-08 09:51:14.000','2025-04-08 09:51:14.000','1909423759051526146','1900382455924862977','星耀黑银','/profile/upload/2025/04/02/2_20250402162503A010.jpg',1,13.00,0.00,13.00,NULL,'0','0'),('1909424048873738241','0','2025-04-08 09:52:23.000','2025-04-08 09:52:23.000','1909424048865349633','1900382773244932098','巴黎灰岛','/profile/upload/2025/04/02/O1CN01fiWHYn250Yylo5yp4_!!2209559537464-0-cib_20250402162518A011.jpg',1,13.00,0.00,13.00,NULL,'0','0'),('1909427697578467329','0','2025-04-08 10:06:53.000','2025-04-08 10:06:53.000','1909427697490386945','1900379604263710721','优雅精致纯钛架','/profile/upload/2025/04/02/O1CN01rwlGpu23ffZwigOaQ_!!2212057487283-0-cib_20250402162441A009.jpg',1,15.00,0.00,15.00,NULL,'0','0'),('1909428445636780035','0','2025-04-08 10:09:51.000','2025-04-08 10:09:51.000','1909428445636780034','1900379604263710721','优雅精致纯钛架','/profile/upload/2025/04/02/O1CN01rwlGpu23ffZwigOaQ_!!2212057487283-0-cib_20250402162441A009.jpg',1,15.00,0.00,15.00,NULL,'0','0'),('1909430786838552577','0','2025-04-08 10:19:09.000','2025-04-08 10:19:09.000','1909430786809192449','1900379604263710721','优雅精致纯钛架','/profile/upload/2025/04/02/O1CN01rwlGpu23ffZwigOaQ_!!2212057487283-0-cib_20250402162441A009.jpg',1,15.00,0.00,15.00,NULL,'0','0'),('1909433413789810690','0','2025-04-08 10:29:36.000','2025-04-08 10:29:36.000','1909433413735284738','1900382455924862977','星耀黑银','/profile/upload/2025/04/02/2_20250402162503A010.jpg',1,13.00,0.00,13.00,NULL,'0','0'),('1909435201129619458','0','2025-04-08 10:36:42.000','2025-04-08 10:36:42.000','1909435201062510593','1900382773244932098','巴黎灰岛','/profile/upload/2025/04/02/O1CN01fiWHYn250Yylo5yp4_!!2209559537464-0-cib_20250402162518A011.jpg',1,13.00,0.00,13.00,NULL,'0','0'),('1909450699514912772','0','2025-04-08 11:38:17.000','2025-04-08 11:38:17.000','1909450699514912771','1900378351710318593','金色','/profile/upload/2025/04/07/O1CN01a4p6a523ffIYFl6XA_!!2212057487283-0-cib_20250402162410A007_20250407111457A001.jpg',1,11.00,0.00,11.00,NULL,'0','0'),('1909474273625690113','0','2025-04-08 13:11:57.000','2025-04-08 13:11:57.000','1909474273558581251','1900363838747389953','军达-冰蓝色镜框','/profile/upload/2025/04/07/bls_20250407111523A002.jpg',1,0.01,0.00,0.01,NULL,'0','0'),('1909475366413815809','0','2025-04-08 13:16:18.000','2025-04-08 13:16:18.000','1909475366304763905','1900363838747389953','军达-冰蓝色镜框','/profile/upload/2025/04/07/bls_20250407111523A002.jpg',1,0.01,0.00,0.01,NULL,'0','0'),('1909486529109348354','0','2025-04-08 14:00:39.000','2025-04-08 14:00:39.000','1909486529088376834','1900363838747389953','军达-冰蓝色镜框','/profile/upload/2025/04/07/bls_20250407111523A002.jpg',1,0.01,0.00,0.01,NULL,'0','0'),('1909489014951714817','0','2025-04-08 14:10:32.000','2025-04-08 14:10:32.000','1909489014892994561','1900363838747389953','军达-冰蓝色镜框','/profile/upload/2025/04/07/bls_20250407111523A002.jpg',1,0.01,0.00,0.01,NULL,'0','0'),('1909494718433402882','0','2025-04-08 14:33:12.000','2025-04-08 14:33:12.000','1909494718420819970','1900363838747389953','军达-冰蓝色镜框','/profile/upload/2025/04/07/bls_20250407111523A002.jpg',1,0.01,0.00,0.01,NULL,'0','0'),('1909496224838590465','0','2025-04-08 14:39:11.000','2025-04-08 14:39:11.000','1909496224767287297','1900363838747389953','军达-冰蓝色镜框','/profile/upload/2025/04/07/bls_20250407111523A002.jpg',1,0.01,0.00,0.01,NULL,'0','0'),('1909496404417716225','0','2025-04-08 14:39:54.000','2025-04-08 14:39:54.000','1909496404400939010','1900363838747389953','军达-冰蓝色镜框','/profile/upload/2025/04/07/bls_20250407111523A002.jpg',1,0.01,0.00,0.01,NULL,'0','0'),('1909497426477326339','0','2025-04-08 14:43:57.000','2025-04-08 14:43:57.000','1909497426477326338','1900363838747389953','军达-冰蓝色镜框','/profile/upload/2025/04/07/bls_20250407111523A002.jpg',1,0.01,0.00,0.01,NULL,'0','0'),('1909498542267047938','0','2025-04-08 14:48:23.000','2025-04-08 14:48:23.000','1909498542254465026','1900363838747389953','军达-冰蓝色镜框','/profile/upload/2025/04/07/bls_20250407111523A002.jpg',1,0.01,0.00,0.01,NULL,'0','0'),('1909498944274309123','0','2025-04-08 14:49:59.000','2025-04-08 14:49:59.000','1909498944274309122','1900363838747389953','军达-冰蓝色镜框','/profile/upload/2025/04/07/bls_20250407111523A002.jpg',1,0.01,0.00,0.01,NULL,'0','0'),('1909499416121004034','0','2025-04-08 14:51:52.000','2025-04-08 14:51:52.000','1909499415986786306','1900363838747389953','军达-冰蓝色镜框','/profile/upload/2025/04/07/bls_20250407111523A002.jpg',1,0.01,0.00,0.01,NULL,'0','0'),('1909499520164909057','0','2025-04-08 14:52:17.000','2025-04-08 14:52:17.000','1909499520152326146','1900363838747389953','军达-冰蓝色镜框','/profile/upload/2025/04/07/bls_20250407111523A002.jpg',1,0.01,0.00,0.01,NULL,'0','0'),('1909499813413867522','0','2025-04-08 14:53:26.000','2025-04-08 14:53:26.000','1909499813401284610','1900363838747389953','军达-冰蓝色镜框','/profile/upload/2025/04/07/bls_20250407111523A002.jpg',1,0.01,0.00,0.01,NULL,'0','0'),('1909500103953305603','0','2025-04-08 14:54:36.000','2025-04-08 14:54:36.000','1909500103953305602','1900363838747389953','军达-冰蓝色镜框','/profile/upload/2025/04/07/bls_20250407111523A002.jpg',1,0.01,0.00,0.01,NULL,'0','0'),('1909500164334505985','0','2025-04-08 14:54:50.000','2025-04-08 14:54:50.000','1909500164317728770','1900363838747389953','军达-冰蓝色镜框','/profile/upload/2025/04/07/bls_20250407111523A002.jpg',1,0.01,0.00,0.01,NULL,'0','0'),('1909500257099927556','0','2025-04-08 14:55:12.000','2025-04-08 14:55:12.000','1909500257099927555','1900363838747389953','军达-冰蓝色镜框','/profile/upload/2025/04/07/bls_20250407111523A002.jpg',1,0.01,0.00,0.01,NULL,'0','0'),('1909500297105199106','0','2025-04-08 14:55:22.000','2025-04-08 14:55:22.000','1909500297096810498','1900363838747389953','军达-冰蓝色镜框','/profile/upload/2025/04/07/bls_20250407111523A002.jpg',1,0.01,0.00,0.01,NULL,'0','0'),('1909500317808283650','0','2025-04-08 14:55:27.000','2025-04-08 14:55:27.000','1909500317724397571','1900363838747389953','军达-冰蓝色镜框','/profile/upload/2025/04/07/bls_20250407111523A002.jpg',1,0.01,0.00,0.01,NULL,'0','0'),('1909504734573973506','0','2025-04-08 15:13:00.000','2025-04-08 15:13:00.000','1909504734561390594','1900363838747389953','军达-冰蓝色镜框','/profile/upload/2025/04/07/bls_20250407111523A002.jpg',1,0.01,0.00,0.01,NULL,'0','0'),('1909513503374651394','0','2025-04-08 15:47:50.000','2025-04-08 15:47:50.000','1909513503307542530','1900363838747389953','军达-冰蓝色镜框','/profile/upload/2025/04/07/bls_20250407111523A002.jpg',1,0.01,0.00,0.01,NULL,'0','0'),('1909514804175093761','0','2025-04-08 15:53:01.000','2025-04-08 15:53:01.000','1909514804070236161','1900363838747389953','军达-冰蓝色镜框','/profile/upload/2025/04/07/bls_20250407111523A002.jpg',1,0.01,0.00,0.01,NULL,'0','0'),('1909519340256182273','0','2025-04-08 16:11:02.000','2025-04-08 16:11:02.000','1909519340210044929','1900363838747389953','军达-冰蓝色镜框','/profile/upload/2025/04/07/bls_20250407111523A002.jpg',1,0.01,0.00,0.01,NULL,'0','0'),('1909520687072350209','0','2025-04-08 16:16:23.000','2025-04-08 16:16:23.000','1909520686996852738','1900363838747389953','军达-冰蓝色镜框','/profile/upload/2025/04/07/bls_20250407111523A002.jpg',1,0.01,0.00,0.01,NULL,'0','0'),('1909525358717444098','0','2025-04-08 16:34:57.000','2025-04-08 16:34:57.000','1909525358532894721','1900378351710318593','金色','/profile/upload/2025/04/07/O1CN01a4p6a523ffIYFl6XA_!!2212057487283-0-cib_20250402162410A007_20250407111457A001.jpg',1,0.01,0.00,0.01,NULL,'0','0'),('1909529369818439681','0','2025-04-08 16:50:53.000','2025-04-08 16:50:53.000','1909529369805856769','1900383473018417154','全框','/profile/upload/2025/04/02/O1CN01AVDr61250ZBTE7nQD_!!2209559537464-0-cib_20250402162542A013.jpg',1,0.01,0.00,0.01,NULL,'0','0'),('1909537018916200449','0','2025-04-08 17:21:17.000','2025-04-08 17:21:17.000','1909537018857480193','1900363838747389953','军达-冰蓝色镜框','/profile/upload/2025/04/07/bls_20250407111523A002.jpg',2,0.01,0.00,0.02,NULL,'0','0'),('1909537018916200450','0','2025-04-08 17:21:17.000','2025-04-08 17:21:17.000','1909537018857480193','1900382455924862977','星耀黑银','/profile/upload/2025/04/02/2_20250402162503A010.jpg',2,0.01,0.00,0.02,NULL,'0','0'),('1909537018916200451','0','2025-04-08 17:21:17.000','2025-04-08 17:21:17.000','1909537018857480193','1900382773244932098','巴黎灰岛','/profile/upload/2025/04/02/O1CN01fiWHYn250Yylo5yp4_!!2209559537464-0-cib_20250402162518A011.jpg',1,0.01,0.00,0.01,NULL,'0','0'),('1909537018916200452','0','2025-04-08 17:21:17.000','2025-04-08 17:21:17.000','1909537018857480193','1900378351710318593','金色','/profile/upload/2025/04/07/O1CN01a4p6a523ffIYFl6XA_!!2212057487283-0-cib_20250402162410A007_20250407111457A001.jpg',1,0.01,0.00,0.01,NULL,'0','0'),('1909537232104284162','0','2025-04-08 17:22:08.000','2025-04-08 17:22:08.000','1909537232091701250','1900363838747389953','军达-冰蓝色镜框','/profile/upload/2025/04/07/bls_20250407111523A002.jpg',1,0.01,0.00,0.01,NULL,'0','0'),('1909537232104284163','0','2025-04-08 17:22:08.000','2025-04-08 17:22:08.000','1909537232091701250','1900382455924862977','星耀黑银','/profile/upload/2025/04/02/2_20250402162503A010.jpg',1,0.01,0.00,0.01,NULL,'0','0'),('1909539063157055490','0','2025-04-08 17:29:24.000','2025-04-08 17:29:24.000','1909539063148666881','1900363838747389953','军达-冰蓝色镜框','/profile/upload/2025/04/07/bls_20250407111523A002.jpg',1,0.01,0.00,0.01,NULL,'0','0'),('1909540322949816321','0','2025-04-08 17:34:25.000','2025-04-08 17:34:25.000','1909540322941427713','1900363838747389953','军达-冰蓝色镜框','/profile/upload/2025/04/07/bls_20250407111523A002.jpg',1,0.01,0.00,0.01,NULL,'0','0'),('1909540512003874819','0','2025-04-08 17:35:10.000','2025-04-08 17:35:10.000','1909540512003874818','1900363838747389953','军达-冰蓝色镜框','/profile/upload/2025/04/07/bls_20250407111523A002.jpg',1,0.01,0.00,0.01,NULL,'0','0'),('1909540681512476674','0','2025-04-08 17:35:50.000','2025-04-08 17:35:50.000','1909540681504088065','1900363838747389953','军达-冰蓝色镜框','/profile/upload/2025/04/07/bls_20250407111523A002.jpg',1,0.01,0.00,0.01,NULL,'0','0'),('1909779974680043524','0','2025-04-09 09:26:42.000','2025-04-09 09:26:42.000','1909779974680043523','1900363838747389953','军达-冰蓝色镜框','/profile/upload/2025/04/07/bls_20250407111523A002.jpg',1,0.01,0.00,0.01,NULL,'0','0'),('1909780068686979074','0','2025-04-09 09:27:05.000','2025-04-09 09:27:05.000','1909780068674396162','1900363838747389953','军达-冰蓝色镜框','/profile/upload/2025/04/07/bls_20250407111523A002.jpg',1,0.01,0.00,0.01,NULL,'0','0'),('1909782134645940227','0','2025-04-09 09:35:17.000','2025-04-09 09:35:17.000','1909782134645940226','1900363838747389953','军达-冰蓝色镜框','/profile/upload/2025/04/07/bls_20250407111523A002.jpg',1,0.01,0.00,0.01,NULL,'0','0'),('1909783564568059906','0','2025-04-09 09:40:58.000','2025-04-09 09:40:58.000','1909783564563865601','1900363838747389953','军达-冰蓝色镜框','/profile/upload/2025/04/07/bls_20250407111523A002.jpg',1,0.01,0.00,0.01,NULL,'0','0'),('1909783615403024387','0','2025-04-09 09:41:10.000','2025-04-09 09:41:10.000','1909783615403024386','1900363838747389953','军达-冰蓝色镜框','/profile/upload/2025/04/07/bls_20250407111523A002.jpg',1,0.01,0.00,0.01,NULL,'0','0'),('1909785338821566465','0','2025-04-09 09:48:01.000','2025-04-09 09:48:01.000','1909785338817372162','1900363838747389953','军达-冰蓝色镜框','/profile/upload/2025/04/07/bls_20250407111523A002.jpg',1,0.01,0.00,0.01,NULL,'0','0'),('1909786875585191939','0','2025-04-09 09:54:07.000','2025-04-09 09:54:07.000','1909786875585191938','1900363838747389953','军达-冰蓝色镜框','/profile/upload/2025/04/07/bls_20250407111523A002.jpg',1,0.01,0.00,0.01,NULL,'0','0'),('1909787108289372164','0','2025-04-09 09:55:03.000','2025-04-09 09:55:03.000','1909787108289372163','1900363838747389953','军达-冰蓝色镜框','/profile/upload/2025/04/07/bls_20250407111523A002.jpg',1,0.01,0.00,0.01,NULL,'0','0'),('1909787615632384002','0','2025-04-09 09:57:04.000','2025-04-09 09:57:04.000','1909787615628189697','1900363838747389953','军达-冰蓝色镜框','/profile/upload/2025/04/07/bls_20250407111523A002.jpg',1,0.01,0.00,0.01,NULL,'0','0'),('1909787659508998146','0','2025-04-09 09:57:14.000','2025-04-09 09:57:14.000','1909787659500609538','1900363838747389953','军达-冰蓝色镜框','/profile/upload/2025/04/07/bls_20250407111523A002.jpg',1,0.01,0.00,0.01,NULL,'0','0'),('1909787723191115777','0','2025-04-09 09:57:30.000','2025-04-09 09:57:30.000','1909787723182727169','1900363838747389953','军达-冰蓝色镜框','/profile/upload/2025/04/07/bls_20250407111523A002.jpg',1,0.01,0.00,0.01,NULL,'0','0'),('1909787789830217730','0','2025-04-09 09:57:45.000','2025-04-09 09:57:45.000','1909787789817634818','1900363838747389953','军达-冰蓝色镜框','/profile/upload/2025/04/07/bls_20250407111523A002.jpg',1,0.01,0.00,0.01,NULL,'0','0'),('1909788402366373889','0','2025-04-09 10:00:11.000','2025-04-09 10:00:11.000','1909788402357985281','1900363838747389953','军达-冰蓝色镜框','/profile/upload/2025/04/07/bls_20250407111523A002.jpg',1,0.01,0.00,0.01,NULL,'0','0'),('1909788462323949571','0','2025-04-09 10:00:26.000','2025-04-09 10:00:26.000','1909788462323949570','1900363838747389953','军达-冰蓝色镜框','/profile/upload/2025/04/07/bls_20250407111523A002.jpg',1,0.01,0.00,0.01,NULL,'0','0'),('1909788600454963201','0','2025-04-09 10:00:59.000','2025-04-09 10:00:59.000','1909788600450768898','1900363838747389953','军达-冰蓝色镜框','/profile/upload/2025/04/07/bls_20250407111523A002.jpg',1,0.01,0.00,0.01,NULL,'3','0'),('1909795012069384194','0','2025-04-09 10:26:27.000','2025-04-09 10:26:27.000','1909795012060995585','1900363838747389953','军达-冰蓝色镜框','/profile/upload/2025/04/07/bls_20250407111523A002.jpg',1,0.01,0.00,0.01,NULL,'0','0'),('1909795454002225154','0','2025-04-09 10:28:13.000','2025-04-09 10:28:13.000','1909795453993836546','1900383214020145154','方框男生镜框','/profile/upload/2025/04/02/O1CN01aDLmEj250Z4n2wWGK_!!2209559537464-0-cib_20250402162529A012.jpg',1,0.01,0.00,0.01,NULL,'0','0'),('1909808979546267649','0','2025-04-09 11:21:57.000','2025-04-09 11:21:57.000','1909808979487547394','1900382455924862977','星耀黑银','/profile/upload/2025/04/02/2_20250402162503A010.jpg',1,0.01,0.00,0.01,NULL,'0','0'),('1909833404882653186','0','2025-04-09 12:59:01.000','2025-04-09 12:59:01.000','1909833404836515841','1900378351710318593','金色','/profile/upload/2025/04/07/O1CN01a4p6a523ffIYFl6XA_!!2212057487283-0-cib_20250402162410A007_20250407111457A001.jpg',1,0.01,0.00,0.01,NULL,'0','0'),('1909855580084015106','0','2025-04-09 14:27:08.000','2025-04-09 16:34:15.000','1909855580075626497','1900363838747389953','军达-冰蓝色镜框','/profile/upload/2025/04/07/bls_20250407111523A002.jpg',1,0.01,0.00,0.01,NULL,'3','1'),('1909855580088209410','0','2025-04-09 14:27:08.000','2025-04-09 16:33:58.000','1909855580075626497','1900378351710318593','金色','/profile/upload/2025/04/07/O1CN01a4p6a523ffIYFl6XA_!!2212057487283-0-cib_20250402162410A007_20250407111457A001.jpg',1,0.01,0.00,0.01,NULL,'3','1'),('1909895314902667265','0','2025-04-09 17:05:01.000','2025-04-09 17:05:01.000','1909895314843947010','1900363838747389953','军达-冰蓝色镜框','/profile/upload/2025/04/07/bls_20250407111523A002.jpg',1,0.01,0.00,0.01,NULL,'0','0'),('1909900840403259394','0','2025-04-09 17:26:59.000','2025-04-09 17:26:59.000','1909900840394870786','1900363838747389953','军达-冰蓝色镜框','/profile/upload/2025/04/07/bls_20250407111523A002.jpg',1,0.01,0.00,0.01,NULL,'0','0'),('1909900926025781249','0','2025-04-09 17:27:19.000','2025-04-09 17:27:19.000','1909900926017392642','1900363838747389953','军达-冰蓝色镜框','/profile/upload/2025/04/07/bls_20250407111523A002.jpg',1,0.01,0.00,0.01,NULL,'0','0'),('1909900926025781250','0','2025-04-09 17:27:19.000','2025-04-09 17:27:19.000','1909900926017392642','1900378351710318593','金色','/profile/upload/2025/04/07/O1CN01a4p6a523ffIYFl6XA_!!2212057487283-0-cib_20250402162410A007_20250407111457A001.jpg',1,0.01,0.00,0.01,NULL,'0','0'),('1909903067750649860','0','2025-04-09 17:35:50.000','2025-04-09 17:35:50.000','1909903067750649859','1900363838747389953','军达-冰蓝色镜框','/profile/upload/2025/04/07/bls_20250407111523A002.jpg',1,0.01,0.00,0.01,NULL,'2','0'),('1910136255269883906','0','2025-04-10 09:02:26.000','2025-04-10 09:02:26.000','1910136255261495298','1900363838747389953','军达-冰蓝色镜框','/profile/upload/2025/04/07/bls_20250407111523A002.jpg',1,0.01,0.00,0.01,NULL,'0','0'),('1910136255269883907','0','2025-04-10 09:02:26.000','2025-04-10 09:02:26.000','1910136255261495298','1900378673224691713','简约椭圆','/profile/upload/2025/04/02/O1CN01lyQRHs23ffIcjlXXp_!!2212057487283-0-cib_20250402162429A008.jpg',1,0.01,0.00,0.01,NULL,'0','0'),('1910137141652148225','0','2025-04-10 09:05:57.000','2025-04-10 09:05:57.000','1910137141643759618','1900363838747389953','军达-冰蓝色镜框','/profile/upload/2025/04/07/bls_20250407111523A002.jpg',1,0.01,0.00,0.01,NULL,'0','0'),('1910137141652148226','0','2025-04-10 09:05:57.000','2025-04-10 09:05:57.000','1910137141643759618','1900378351710318593','金色','/profile/upload/2025/04/07/O1CN01a4p6a523ffIYFl6XA_!!2212057487283-0-cib_20250402162410A007_20250407111457A001.jpg',1,0.01,0.00,0.01,NULL,'0','0'),('1910137346149634050','0','2025-04-10 09:06:46.000','2025-04-10 09:06:46.000','1910137346141245442','1900363838747389953','军达-冰蓝色镜框','/profile/upload/2025/04/07/bls_20250407111523A002.jpg',1,0.01,0.00,0.01,NULL,'0','0'),('1910137346149634051','0','2025-04-10 09:06:46.000','2025-04-10 09:06:46.000','1910137346141245442','1900378351710318593','金色','/profile/upload/2025/04/07/O1CN01a4p6a523ffIYFl6XA_!!2212057487283-0-cib_20250402162410A007_20250407111457A001.jpg',1,0.01,0.00,0.01,NULL,'0','0'),('1910137346149634052','0','2025-04-10 09:06:46.000','2025-04-10 09:06:46.000','1910137346141245442','1900378673224691713','简约椭圆','/profile/upload/2025/04/02/O1CN01lyQRHs23ffIcjlXXp_!!2212057487283-0-cib_20250402162429A008.jpg',1,0.01,0.00,0.01,NULL,'0','0'),('1910137346149634053','0','2025-04-10 09:06:46.000','2025-04-10 09:06:46.000','1910137346141245442','1900382455924862977','星耀黑银','/profile/upload/2025/04/02/2_20250402162503A010.jpg',1,0.01,0.00,0.01,NULL,'0','0'),('1910137346149634054','0','2025-04-10 09:06:46.000','2025-04-10 09:06:46.000','1910137346141245442','1900382773244932098','巴黎灰岛','/profile/upload/2025/04/02/O1CN01fiWHYn250Yylo5yp4_!!2209559537464-0-cib_20250402162518A011.jpg',1,0.01,0.00,0.01,NULL,'0','0'),('1910159377901563906','0','2025-04-10 10:34:19.000','2025-04-10 10:34:19.000','1910159377826066434','1900363838747389953','军达-冰蓝色镜框','/profile/upload/2025/04/07/bls_20250407111523A002.jpg',1,0.01,0.00,0.01,NULL,'0','0'),('1910195232280276993','0','2025-04-10 12:56:47.000','2025-04-10 12:56:47.000','1910195232242528257','1900363838747389953','军达-冰蓝色镜框','/profile/upload/2025/04/07/bls_20250407111523A002.jpg',1,0.01,0.00,0.01,NULL,'0','0'),('1910195232280276994','0','2025-04-10 12:56:47.000','2025-04-10 12:56:47.000','1910195232242528257','1900378351710318593','金色','/profile/upload/2025/04/07/O1CN01a4p6a523ffIYFl6XA_!!2212057487283-0-cib_20250402162410A007_20250407111457A001.jpg',1,0.01,0.00,0.01,NULL,'0','0'),('1910195232280276995','0','2025-04-10 12:56:47.000','2025-04-10 12:56:47.000','1910195232242528257','1900378673224691713','简约椭圆','/profile/upload/2025/04/02/O1CN01lyQRHs23ffIcjlXXp_!!2212057487283-0-cib_20250402162429A008.jpg',1,0.01,0.00,0.01,NULL,'0','0'),('1910198873175171074','0','2025-04-10 13:11:15.000','2025-04-10 13:11:15.000','1910198873116450817','1900363838747389953','军达-冰蓝色镜框','/profile/upload/2025/04/07/bls_20250407111523A002.jpg',1,0.01,0.00,0.01,NULL,'0','0'),('1910199595992162306','0','2025-04-10 13:14:08.000','2025-04-10 13:14:08.000','1910199595979579393','1900363838747389953','军达-冰蓝色镜框','/profile/upload/2025/04/07/bls_20250407111523A002.jpg',1,0.01,0.00,0.01,NULL,'0','0'),('1910211045838086145','0','2025-04-10 13:59:37.000','2025-04-10 13:59:37.000','1910211045791948801','1900363838747389953','军达-冰蓝色镜框','/profile/upload/2025/04/07/bls_20250407111523A002.jpg',1,0.01,0.00,0.01,NULL,'0','0'),('1910215993267118082','0','2025-04-10 14:19:17.000','2025-04-10 14:19:17.000','1910215993258729474','1900378351710318593','金色','/profile/upload/2025/04/07/O1CN01a4p6a523ffIYFl6XA_!!2212057487283-0-cib_20250402162410A007_20250407111457A001.jpg',1,0.01,0.00,0.01,NULL,'0','0'),('1910227636562759681','0','2025-04-10 15:05:33.000','2025-04-10 15:05:33.000','1910227636529205250','1900363838747389953','军达-冰蓝色镜框','/profile/upload/2025/04/07/bls_20250407111523A002.jpg',1,0.01,0.00,0.01,NULL,'0','0'),('1910241347813888001','0','2025-04-10 16:00:02.000','2025-04-10 16:00:02.000','1910241347767750658','1910142888230309889','蔡司','/profile/upload/2025/04/10/cs1_20250410103456A005.jpg',2,0.01,0.00,0.02,NULL,'3','0'),('1910244440278421505','0','2025-04-10 16:12:19.000','2025-04-10 16:12:19.000','1910244440274227201','1900363838747389953','军达-冰蓝色镜框','/profile/upload/2025/04/07/bls_20250407111523A002.jpg',1,0.01,0.00,0.01,NULL,'1','0'),('1910244440278421506','0','2025-04-10 16:12:19.000','2025-04-10 16:12:19.000','1910244440274227201','1910142888230309889','蔡司','/profile/upload/2025/04/10/cs1_20250410103456A005.jpg',1,0.01,0.00,0.01,NULL,'1','0'),('1910264316111998978','0','2025-04-10 17:31:18.000','2025-04-10 17:31:18.000','1910264316111998977','1900379604263710721','优雅精致纯钛架','/profile/upload/2025/04/02/O1CN01rwlGpu23ffZwigOaQ_!!2212057487283-0-cib_20250402162441A009.jpg',1,0.01,0.00,0.01,NULL,'0','0'),('1910296232953499652','0','2025-04-10 19:38:08.000','2025-04-10 19:38:08.000','1910296232953499651','1900363838747389953','军达-冰蓝色镜框','/profile/upload/2025/04/07/bls_20250407111523A002.jpg',1,0.01,0.00,0.01,NULL,'0','0'),('1910296232953499653','0','2025-04-10 19:38:08.000','2025-04-10 19:38:08.000','1910296232953499651','1910148048591532034','明月','/profile/upload/2025/04/10/明月_20250410102247A003.jpg',1,0.01,0.00,0.01,NULL,'0','0'),('1910492258448560131','0','2025-04-11 08:37:04.000','2025-04-11 08:37:04.000','1910492258448560130','1900378351710318593','金色','/profile/upload/2025/04/07/O1CN01a4p6a523ffIYFl6XA_!!2212057487283-0-cib_20250402162410A007_20250407111457A001.jpg',1,0.01,0.00,0.01,NULL,'0','0'),('1910495149527781380','0','2025-04-11 08:48:33.000','2025-04-11 08:48:33.000','1910495149527781379','1900378351710318593','金色','/profile/upload/2025/04/07/O1CN01a4p6a523ffIYFl6XA_!!2212057487283-0-cib_20250402162410A007_20250407111457A001.jpg',1,0.01,0.00,0.01,NULL,'0','0'),('1911253767046844418','0','2025-04-13 11:03:02.000','2025-04-13 11:03:02.000','1911253766967152642','1900378673224691713','简约椭圆','/profile/upload/2025/04/02/O1CN01lyQRHs23ffIcjlXXp_!!2212057487283-0-cib_20250402162429A008.jpg',1,0.01,0.00,0.01,NULL,'0','0'),('1911289364834701313','0','2025-04-13 13:24:29.000','2025-04-13 13:24:29.000','1911289364826312705','1900378351710318593','金色','/profile/upload/2025/04/07/O1CN01a4p6a523ffIYFl6XA_!!2212057487283-0-cib_20250402162410A007_20250407111457A001.jpg',1,0.01,0.00,0.01,NULL,'3','1'),('1911289865785593857','0','2025-04-13 13:26:28.000','2025-04-13 13:26:28.000','1911289865781399554','1900363838747389953','军达-冰蓝色镜框','/profile/upload/2025/04/07/bls_20250407111523A002.jpg',1,0.01,0.00,0.01,NULL,'3','1'),('1911289865789788162','0','2025-04-13 13:26:28.000','2025-04-13 13:26:28.000','1911289865781399554','1910142888230309889','蔡司','/profile/upload/2025/04/10/cs1_20250410103456A005.jpg',1,0.01,0.00,0.01,NULL,'3','1'),('1911290482109206529','0','2025-04-13 13:28:55.000','2025-04-13 13:28:55.000','1911290482100817922','1900378351710318593','金色','/profile/upload/2025/04/07/O1CN01a4p6a523ffIYFl6XA_!!2212057487283-0-cib_20250402162410A007_20250407111457A001.jpg',1,0.01,0.00,0.01,NULL,'3','1'),('1911290970112282625','0','2025-04-13 13:30:52.000','2025-04-13 13:30:52.000','1911290970108088321','1900363838747389953','军达-冰蓝色镜框','/profile/upload/2025/04/07/bls_20250407111523A002.jpg',1,0.01,0.00,0.01,NULL,'3','1'),('1911291366817943554','0','2025-04-13 13:32:26.000','2025-04-13 13:32:26.000','1911291366809554946','1900378351710318593','金色','/profile/upload/2025/04/07/O1CN01a4p6a523ffIYFl6XA_!!2212057487283-0-cib_20250402162410A007_20250407111457A001.jpg',1,0.01,0.00,0.01,NULL,'0','0'),('1911294114313555970','0','2025-04-13 13:43:21.000','2025-04-13 13:43:21.000','1911294114305167362','1900378351710318593','金色','/profile/upload/2025/04/07/O1CN01a4p6a523ffIYFl6XA_!!2212057487283-0-cib_20250402162410A007_20250407111457A001.jpg',1,0.01,0.00,0.01,NULL,'0','0'),('1912392808601513985','0','2025-04-16 14:29:10.000','2025-04-16 14:29:10.000','1912392808375021570','1900363838747389953','军达-冰蓝色镜框','/profile/upload/2025/04/07/bls_20250407111523A002.jpg',1,0.01,0.00,0.01,NULL,'0','0'),('1912392808601513986','0','2025-04-16 14:29:10.000','2025-04-16 14:29:10.000','1912392808375021570','1910142888230309889','蔡司','/profile/upload/2025/04/10/cs1_20250410103456A005.jpg',1,0.01,0.00,0.01,NULL,'0','0'),('1914997890400755713','0','2025-04-23 19:00:50.000','2025-04-23 19:00:50.000','1914997890295898114','1900363838747389953','军达-冰蓝色镜框','/profile/upload/2025/04/16/bls_20250416185945A029.jpg',1,0.01,0.00,0.01,NULL,'3','1');
/*!40000 ALTER TABLE `order_item` ENABLE KEYS */;
UNLOCK TABLES;

--
-- Table structure for table `order_logistics`
--

DROP TABLE IF EXISTS `order_logistics`;
/*!40101 SET @saved_cs_client     = @@character_set_client */;
/*!50503 SET character_set_client = utf8mb4 */;
CREATE TABLE `order_logistics` (
  `id` varchar(32) CHARACTER SET utf8mb4 COLLATE utf8mb4_croatian_ci NOT NULL COMMENT 'PK',
  `del_flag` char(2) CHARACTER SET utf8mb4 COLLATE utf8mb4_croatian_ci NOT NULL DEFAULT '0' COMMENT '逻辑删除标记（0：显示；1：隐藏）',
  `create_time` datetime(3) DEFAULT NULL COMMENT '创建时间',
  `update_time` datetime(3) DEFAULT NULL COMMENT '最后更新时间',
  `postal_code` varchar(10) CHARACTER SET utf8mb4 COLLATE utf8mb4_croatian_ci DEFAULT NULL COMMENT '邮编',
  `user_name` varchar(50) CHARACTER SET utf8mb4 COLLATE utf8mb4_croatian_ci NOT NULL COMMENT '收货人名字',
  `tel_num` varchar(20) CHARACTER SET utf8mb4 COLLATE utf8mb4_croatian_ci NOT NULL COMMENT '电话号码',
  `address` varchar(255) CHARACTER SET utf8mb4 COLLATE utf8mb4_croatian_ci NOT NULL COMMENT '详细地址',
  `logistics` char(20) CHARACTER SET utf8mb4 COLLATE utf8mb4_croatian_ci DEFAULT NULL COMMENT '物流商家',
  `logistics_no` varchar(30) CHARACTER SET utf8mb4 COLLATE utf8mb4_croatian_ci DEFAULT NULL COMMENT '物流单号',
  `status` char(2) COLLATE utf8mb4_croatian_ci DEFAULT NULL COMMENT '快递单当前状态',
  `is_check` char(2) CHARACTER SET utf8mb4 COLLATE utf8mb4_croatian_ci DEFAULT NULL COMMENT '签收标记（0：未签收；1：已签收）',
  `message` varchar(500) CHARACTER SET utf8mb4 COLLATE utf8mb4_croatian_ci DEFAULT NULL COMMENT '相关信息',
  PRIMARY KEY (`id`) USING BTREE
) ENGINE=InnoDB DEFAULT CHARSET=utf8mb4 COLLATE=utf8mb4_croatian_ci ROW_FORMAT=DYNAMIC COMMENT='订单物流表';
/*!40101 SET character_set_client = @saved_cs_client */;

--
-- Dumping data for table `order_logistics`
--

LOCK TABLES `order_logistics` WRITE;
/*!40000 ALTER TABLE `order_logistics` DISABLE KEYS */;
INSERT INTO `order_logistics` VALUES ('1354469714800168962','0','2021-01-28 00:41:59.000','2021-01-28 00:41:59.000',NULL,'张三','18602513214','广东省广州市海珠区新港中路397号',NULL,NULL,NULL,NULL,NULL),('1354474069813170178','0','2021-01-28 00:59:17.000','2021-01-28 00:59:17.000',NULL,'张三','18563265321','广东省广州市海珠区新港中路397号',NULL,NULL,NULL,NULL,NULL),('1354620399231488001','0','2021-01-28 10:40:45.000','2021-01-28 10:40:45.000',NULL,'张三','18563265321','广东省广州市海珠区新港中路397号',NULL,NULL,NULL,NULL,NULL),('1354795347308822530','0','2021-01-28 22:15:55.000','2021-01-28 22:15:55.000',NULL,'张三','18563265321','广东省广州市海珠区新港中路397号',NULL,NULL,NULL,NULL,NULL),('1354797185185705985','0','2021-01-28 22:23:13.000','2021-01-28 22:23:13.000',NULL,'张三','18563265321','广东省广州市海珠区新港中路397号',NULL,NULL,NULL,NULL,NULL),('1354797793913380865','0','2021-01-28 22:25:38.000','2021-01-28 22:25:38.000',NULL,'张三','18563265321','广东省广州市海珠区新港中路397号',NULL,NULL,NULL,NULL,NULL),('1354798823514349569','0','2021-01-28 22:29:44.000','2021-01-28 22:29:44.000',NULL,'张三','18563265321','广东省广州市海珠区新港中路397号','yunda','48466513213213165','1',NULL,NULL),('1354798970596007937','0','2021-01-28 22:30:19.000','2021-01-28 22:30:19.000',NULL,'张三','18563265321','广东省广州市海珠区新港中路397号',NULL,NULL,NULL,NULL,NULL),('1355417349930364930','0','2021-01-30 15:27:33.000','2021-01-30 15:27:33.000',NULL,'张三','15580802543','北京市北京市东城区大冲地铁口',NULL,NULL,NULL,NULL,NULL),('1355418767420567554','0','2021-01-30 15:33:11.000','2021-01-30 15:33:11.000',NULL,'张三','15580802543','北京市北京市东城区大冲地铁口',NULL,NULL,NULL,NULL,NULL),('1355418867316305921','0','2021-01-30 15:33:35.000','2021-01-30 15:33:35.000',NULL,'张三','15580802543','北京市北京市东城区大冲地铁口',NULL,NULL,NULL,NULL,NULL),('1355426471975346177','0','2021-01-30 16:03:48.000','2021-01-30 16:03:48.000',NULL,'张三','15580802543','北京市北京市东城区大冲地铁口',NULL,NULL,NULL,NULL,NULL),('1357673549135925250','0','2021-02-05 20:52:52.000','2021-02-05 20:52:52.000',NULL,'张三','18563265321','广东省广州市海珠区新港中路397号',NULL,NULL,NULL,NULL,NULL),('1632993114324021250','0','2023-03-07 14:34:32.000','2023-03-07 14:34:32.000',NULL,'张三','18563265321','广东省广州市海珠区新港中路397号',NULL,NULL,NULL,NULL,NULL),('1632994752031895553','0','2023-03-07 14:41:03.000','2023-03-07 14:41:03.000',NULL,'张三','18563265321','广东省广州市海珠区新港中路397号',NULL,NULL,NULL,NULL,NULL),('1632995133256437762','0','2023-03-07 14:42:34.000','2023-03-07 14:42:34.000',NULL,'张三','18563265321','广东省广州市海珠区新港中路397号','huitongkuaidi','566985565255','1',NULL,NULL),('1645623820711706625','0','2023-04-11 11:04:27.000','2023-04-11 11:04:27.000',NULL,'张三','18563265321','广东省广州市海珠区新港中路397号',NULL,NULL,NULL,NULL,NULL),('1645635415605043201','0','2023-04-11 11:50:32.000','2023-04-11 11:50:32.000',NULL,'张三','18563265321','广东省广州市海珠区新港中路397号',NULL,NULL,NULL,NULL,NULL),('1901559589724786690','0','2025-03-17 17:01:50.000','2025-03-17 17:01:50.000',NULL,'桂花鱼','13313124523','江苏省苏州市昆山市前进中路345号',NULL,NULL,NULL,NULL,NULL),('1909241965169676289','0','2025-04-07 21:48:51.000','2025-04-07 21:48:51.000',NULL,'张1','18336336761','天津市市辖区和平区啊实打实大苏打实打实的',NULL,NULL,NULL,NULL,NULL),('1909246795485351937','0','2025-04-07 22:08:02.000','2025-04-07 22:08:02.000',NULL,'张1','18336336761','天津市市辖区和平区啊实打实大苏打实打实的',NULL,NULL,NULL,NULL,NULL),('1909248649824899073','0','2025-04-07 22:15:24.000','2025-04-07 22:15:24.000',NULL,'张1','18336336761','天津市市辖区和平区啊实打实大苏打实打实的',NULL,NULL,NULL,NULL,NULL),('1909403939895578626','0','2025-04-08 08:32:28.000','2025-04-08 08:32:28.000',NULL,'张1','18336336761','天津市市辖区和平区啊实打实大苏打实打实的',NULL,NULL,NULL,NULL,NULL),('1909407615204790273','0','2025-04-08 08:47:05.000','2025-04-08 08:47:05.000',NULL,'张1','18336336761','天津市市辖区和平区啊实打实大苏打实打实的',NULL,NULL,NULL,NULL,NULL),('1909412235260006402','0','2025-04-08 09:05:26.000','2025-04-08 09:05:26.000',NULL,'张1','18336336761','天津市市辖区和平区啊实打实大苏打实打实的',NULL,NULL,NULL,NULL,NULL),('1909412914313629697','0','2025-04-08 09:08:08.000','2025-04-08 09:08:08.000',NULL,'张1','18336336761','天津市市辖区和平区啊实打实大苏打实打实的',NULL,NULL,NULL,NULL,NULL),('1909415386264440833','0','2025-04-08 09:17:57.000','2025-04-08 09:17:57.000',NULL,'张1','18336336761','天津市市辖区和平区啊实打实大苏打实打实的',NULL,NULL,NULL,NULL,NULL),('1909415645174632449','0','2025-04-08 09:18:59.000','2025-04-08 09:18:59.000',NULL,'张1','18336336761','天津市市辖区和平区啊实打实大苏打实打实的',NULL,NULL,NULL,NULL,NULL),('1909416095470915585','0','2025-04-08 09:20:47.000','2025-04-08 09:20:47.000',NULL,'张1','18336336761','天津市市辖区和平区啊实打实大苏打实打实的',NULL,NULL,NULL,NULL,NULL),('1909416766555361282','0','2025-04-08 09:23:27.000','2025-04-08 09:23:27.000',NULL,'张1','18336336761','天津市市辖区和平区啊实打实大苏打实打实的',NULL,NULL,NULL,NULL,NULL),('1909416858410618881','0','2025-04-08 09:23:48.000','2025-04-08 09:23:48.000',NULL,'张1','18336336761','天津市市辖区和平区啊实打实大苏打实打实的',NULL,NULL,NULL,NULL,NULL),('1909417103777402882','0','2025-04-08 09:24:47.000','2025-04-08 09:24:47.000',NULL,'张1','18336336761','天津市市辖区和平区啊实打实大苏打实打实的',NULL,NULL,NULL,NULL,NULL),('1909417386397995010','0','2025-04-08 09:25:54.000','2025-04-08 09:25:54.000',NULL,'张1','18336336761','天津市市辖区和平区啊实打实大苏打实打实的',NULL,NULL,NULL,NULL,NULL),('1909420850133929986','0','2025-04-08 09:39:40.000','2025-04-08 09:39:40.000',NULL,'张1','18336336761','天津市市辖区和平区啊实打实大苏打实打实的',NULL,NULL,NULL,NULL,NULL),('1909421506588643330','0','2025-04-08 09:42:17.000','2025-04-08 09:42:17.000',NULL,'张1','18336336761','天津市市辖区和平区啊实打实大苏打实打实的',NULL,NULL,NULL,NULL,NULL),('1909422767262208002','0','2025-04-08 09:47:17.000','2025-04-08 09:47:17.000',NULL,'张1','18336336761','天津市市辖区和平区啊实打实大苏打实打实的',NULL,NULL,NULL,NULL,NULL),('1909422804100780034','0','2025-04-08 09:47:26.000','2025-04-08 09:47:26.000',NULL,'张1','18336336761','天津市市辖区和平区啊实打实大苏打实打实的',NULL,NULL,NULL,NULL,NULL),('1909422943926292481','0','2025-04-08 09:47:59.000','2025-04-08 09:47:59.000',NULL,'张1','18336336761','天津市市辖区和平区啊实打实大苏打实打实的',NULL,NULL,NULL,NULL,NULL),('1909423759043137537','0','2025-04-08 09:51:14.000','2025-04-08 09:51:14.000',NULL,'张1','18336336761','天津市市辖区和平区啊实打实大苏打实打实的',NULL,NULL,NULL,NULL,NULL),('1909424048861155330','0','2025-04-08 09:52:23.000','2025-04-08 09:52:23.000',NULL,'张1','18336336761','天津市市辖区和平区啊实打实大苏打实打实的',NULL,NULL,NULL,NULL,NULL),('1909427696873824257','0','2025-04-08 10:06:53.000','2025-04-08 10:06:53.000',NULL,'张1','18336336761','天津市市辖区和平区啊实打实大苏打实打实的',NULL,NULL,NULL,NULL,NULL),('1909428445624197122','0','2025-04-08 10:09:51.000','2025-04-08 10:09:51.000',NULL,'张1','18336336761','天津市市辖区和平区啊实打实大苏打实打实的',NULL,NULL,NULL,NULL,NULL),('1909430786779832322','0','2025-04-08 10:19:09.000','2025-04-08 10:19:09.000',NULL,'张1','18336336761','天津市市辖区和平区啊实打实大苏打实打实的',NULL,NULL,NULL,NULL,NULL),('1909433413085167618','0','2025-04-08 10:29:36.000','2025-04-08 10:29:36.000',NULL,'张1','18336336761','天津市市辖区和平区啊实打实大苏打实打实的',NULL,NULL,NULL,NULL,NULL),('1909435200454336514','0','2025-04-08 10:36:42.000','2025-04-08 10:36:42.000',NULL,'张1','18336336761','天津市市辖区和平区啊实打实大苏打实打实的',NULL,NULL,NULL,NULL,NULL),('1909450699514912770','0','2025-04-08 11:38:17.000','2025-04-08 11:38:17.000',NULL,'张1','18336336761','天津市市辖区和平区啊实打实大苏打实打实的',NULL,NULL,NULL,NULL,NULL),('1909474273558581250','0','2025-04-08 13:11:57.000','2025-04-08 13:11:57.000',NULL,'张1','18336336761','天津市市辖区和平区啊实打实大苏打实打实的',NULL,NULL,NULL,NULL,NULL),('1909475365642063873','0','2025-04-08 13:16:18.000','2025-04-08 13:16:18.000',NULL,'张1','18336336761','天津市市辖区和平区啊实打实大苏打实打实的',NULL,NULL,NULL,NULL,NULL),('1909486529054822402','0','2025-04-08 14:00:39.000','2025-04-08 14:00:39.000',NULL,'张1','18336336761','天津市市辖区和平区啊实打实大苏打实打实的',NULL,NULL,NULL,NULL,NULL),('1909489014234488833','0','2025-04-08 14:10:32.000','2025-04-08 14:10:32.000',NULL,'张1','18336336761','天津市市辖区和平区啊实打实大苏打实打实的',NULL,NULL,NULL,NULL,NULL),('1909494718404042753','0','2025-04-08 14:33:12.000','2025-04-08 14:33:12.000',NULL,'张1','18336336761','天津市市辖区和平区啊实打实大苏打实打实的',NULL,NULL,NULL,NULL,NULL),('1909496224092004353','0','2025-04-08 14:39:11.000','2025-04-08 14:39:11.000',NULL,'张1','18336336761','天津市市辖区和平区啊实打实大苏打实打实的',NULL,NULL,NULL,NULL,NULL),('1909496404379967489','0','2025-04-08 14:39:54.000','2025-04-08 14:39:54.000',NULL,'张1','18336336761','天津市市辖区和平区啊实打实大苏打实打实的',NULL,NULL,NULL,NULL,NULL),('1909497426477326337','0','2025-04-08 14:43:57.000','2025-04-08 14:43:57.000',NULL,'张1','18336336761','天津市市辖区和平区啊实打实大苏打实打实的',NULL,NULL,NULL,NULL,NULL),('1909498542241882113','0','2025-04-08 14:48:23.000','2025-04-08 14:48:23.000',NULL,'张1','18336336761','天津市市辖区和平区啊实打实大苏打实打实的',NULL,NULL,NULL,NULL,NULL),('1909498944274309121','0','2025-04-08 14:49:59.000','2025-04-08 14:49:59.000',NULL,'张1','18336336761','天津市市辖区和平区啊实打实大苏打实打实的',NULL,NULL,NULL,NULL,NULL),('1909499415227617281','0','2025-04-08 14:51:52.000','2025-04-08 14:51:52.000',NULL,'张1','18336336761','天津市市辖区和平区啊实打实大苏打实打实的',NULL,NULL,NULL,NULL,NULL),('1909499520135548929','0','2025-04-08 14:52:17.000','2025-04-08 14:52:17.000',NULL,'张1','18336336761','天津市市辖区和平区啊实打实大苏打实打实的',NULL,NULL,NULL,NULL,NULL),('1909499813392896002','0','2025-04-08 14:53:26.000','2025-04-08 14:53:26.000',NULL,'张1','18336336761','天津市市辖区和平区啊实打实大苏打实打实的',NULL,NULL,NULL,NULL,NULL),('1909500103936528385','0','2025-04-08 14:54:36.000','2025-04-08 14:54:36.000',NULL,'张1','18336336761','天津市市辖区和平区啊实打实大苏打实打实的',NULL,NULL,NULL,NULL,NULL),('1909500164305145858','0','2025-04-08 14:54:50.000','2025-04-08 14:54:50.000',NULL,'张1','18336336761','天津市市辖区和平区啊实打实大苏打实打实的',NULL,NULL,NULL,NULL,NULL),('1909500257099927554','0','2025-04-08 14:55:12.000','2025-04-08 14:55:12.000',NULL,'张1','18336336761','天津市市辖区和平区啊实打实大苏打实打实的',NULL,NULL,NULL,NULL,NULL),('1909500297084227585','0','2025-04-08 14:55:22.000','2025-04-08 14:55:22.000',NULL,'张1','18336336761','天津市市辖区和平区啊实打实大苏打实打实的',NULL,NULL,NULL,NULL,NULL),('1909500317724397570','0','2025-04-08 14:55:27.000','2025-04-08 14:55:27.000',NULL,'张1','18336336761','天津市市辖区和平区啊实打实大苏打实打实的',NULL,NULL,NULL,NULL,NULL),('1909504734536224769','0','2025-04-08 15:13:00.000','2025-04-08 15:13:00.000',NULL,'张1','18336336761','天津市市辖区和平区啊实打实大苏打实打实的',NULL,NULL,NULL,NULL,NULL),('1909513502690979842','0','2025-04-08 15:47:50.000','2025-04-08 15:47:50.000',NULL,'张1','18336336761','天津市市辖区和平区啊实打实大苏打实打实的',NULL,NULL,NULL,NULL,NULL),('1909514803415924737','0','2025-04-08 15:53:01.000','2025-04-08 15:53:01.000',NULL,'张1','18336336761','天津市市辖区和平区啊实打实大苏打实打实的',NULL,NULL,NULL,NULL,NULL),('1909519339568316417','0','2025-04-08 16:11:02.000','2025-04-08 16:11:02.000',NULL,'张1','18336336761','天津市市辖区和平区啊实打实大苏打实打实的',NULL,NULL,NULL,NULL,NULL),('1909520686392872961','0','2025-04-08 16:16:23.000','2025-04-08 16:16:23.000',NULL,'张1','18336336761','天津市市辖区和平区啊实打实大苏打实打实的',NULL,NULL,NULL,NULL,NULL),('1909525357522067457','0','2025-04-08 16:34:57.000','2025-04-08 16:34:57.000',NULL,'张1','18336336761','天津市市辖区和平区啊实打实大苏打实打实的','tiantian','dasda','1',NULL,NULL),('1909529369793273857','0','2025-04-08 16:50:53.000','2025-04-08 16:50:53.000',NULL,'张1','18336336761','天津市市辖区和平区啊实打实大苏打实打实的',NULL,NULL,NULL,NULL,NULL),('1909537018232528897','0','2025-04-08 17:21:17.000','2025-04-08 17:21:17.000',NULL,'张1','18336336761','天津市市辖区和平区啊实打实大苏打实打实的',NULL,NULL,NULL,NULL,NULL),('1909537232079118338','0','2025-04-08 17:22:08.000','2025-04-08 17:22:08.000',NULL,'张1','18336336761','天津市市辖区和平区啊实打实大苏打实打实的',NULL,NULL,NULL,NULL,NULL),('1909539063131889666','0','2025-04-08 17:29:24.000','2025-04-11 13:00:02.000',NULL,'张1','18336336761','天津市市辖区和平区啊实打实大苏打实打实的','huitongkuaidi','YT8736186768458','1',NULL,NULL),('1909540322933039105','0','2025-04-08 17:34:25.000','2025-04-08 17:34:25.000',NULL,'张1','18336336761','天津市市辖区和平区啊实打实大苏打实打实的',NULL,NULL,NULL,NULL,NULL),('1909540511999680513','0','2025-04-08 17:35:10.000','2025-04-08 17:35:10.000',NULL,'张1','18336336761','天津市市辖区和平区啊实打实大苏打实打实的',NULL,NULL,NULL,NULL,NULL),('1909540681491505154','0','2025-04-08 17:35:50.000','2025-04-08 17:35:50.000',NULL,'张1','18336336761','天津市市辖区和平区啊实打实大苏打实打实的',NULL,NULL,NULL,NULL,NULL),('1909779974680043522','0','2025-04-09 09:26:42.000','2025-04-09 09:26:42.000',NULL,'张1','18336336761','天津市市辖区和平区啊实打实大苏打实打实的',NULL,NULL,NULL,NULL,NULL),('1909780068674396161','0','2025-04-09 09:27:05.000','2025-04-09 09:27:05.000',NULL,'张1','18336336761','天津市市辖区和平区啊实打实大苏打实打实的','tiantian','6666666666','1',NULL,NULL),('1909782134637551618','0','2025-04-09 09:35:17.000','2025-04-09 09:35:17.000',NULL,'张1','18336336761','天津市市辖区和平区啊实打实大苏打实打实的','tiantian','6666666666','1',NULL,NULL),('1909783564555476993','0','2025-04-09 09:40:58.000','2025-04-09 09:40:58.000',NULL,'张1','18336336761','天津市市辖区和平区啊实打实大苏打实打实的',NULL,NULL,NULL,NULL,NULL),('1909783615394635778','0','2025-04-09 09:41:10.000','2025-04-09 09:41:10.000',NULL,'张1','18336336761','天津市市辖区和平区啊实打实大苏打实打实的','tiantian','555555','1',NULL,NULL),('1909785338808983554','0','2025-04-09 09:48:01.000','2025-04-09 09:48:01.000',NULL,'张1','18336336761','天津市市辖区和平区啊实打实大苏打实打实的','tiantian','44444444','1',NULL,NULL),('1909786875576803329','0','2025-04-09 09:54:07.000','2025-04-09 09:54:07.000',NULL,'张1','18336336761','天津市市辖区和平区啊实打实大苏打实打实的','tiantian','333333333','1',NULL,NULL),('1909787108289372162','0','2025-04-09 09:55:03.000','2025-04-09 09:55:03.000',NULL,'张1','18336336761','天津市市辖区和平区啊实打实大苏打实打实的','tiantian','2222222222222','1',NULL,NULL),('1909787615619801090','0','2025-04-09 09:57:04.000','2025-04-09 09:57:04.000',NULL,'张1','18336336761','天津市市辖区和平区啊实打实大苏打实打实的',NULL,NULL,NULL,NULL,NULL),('1909787659496415233','0','2025-04-09 09:57:14.000','2025-04-09 09:57:14.000',NULL,'张1','18336336761','天津市市辖区和平区啊实打实大苏打实打实的',NULL,NULL,NULL,NULL,NULL),('1909787723174338561','0','2025-04-09 09:57:30.000','2025-04-09 09:57:30.000',NULL,'张1','18336336761','天津市市辖区和平区啊实打实大苏打实打实的',NULL,NULL,NULL,NULL,NULL),('1909787789813440514','0','2025-04-09 09:57:45.000','2025-04-09 09:57:45.000',NULL,'张1','18336336761','天津市市辖区和平区啊实打实大苏打实打实的',NULL,NULL,NULL,NULL,NULL),('1909788402349596673','0','2025-04-09 10:00:11.000','2025-04-09 10:00:11.000',NULL,'张1','18336336761','天津市市辖区和平区啊实打实大苏打实打实的',NULL,NULL,NULL,NULL,NULL),('1909788462315560962','0','2025-04-09 10:00:26.000','2025-04-09 10:00:26.000',NULL,'张1','18336336761','天津市市辖区和平区啊实打实大苏打实打实的',NULL,NULL,NULL,NULL,NULL),('1909788600446574594','0','2025-04-09 10:00:59.000','2025-04-09 10:00:59.000',NULL,'张1','18336336761','天津市市辖区和平区啊实打实大苏打实打实的','tiantian','11111111111111111111111111111','1',NULL,NULL),('1909795012056801282','0','2025-04-09 10:26:27.000','2025-04-09 10:26:27.000',NULL,'规划风格化','18333333333','北京市北京市东城区234325',NULL,NULL,NULL,NULL,NULL),('1909795453989642242','0','2025-04-09 10:28:13.000','2025-04-09 10:28:13.000',NULL,'规划风格化','18333333333','北京市北京市东城区234325',NULL,NULL,NULL,NULL,NULL),('1909808979487547393','0','2025-04-09 11:21:57.000','2025-04-09 11:21:57.000',NULL,'规划风格化','18333333333','北京市北京市东城区234325',NULL,NULL,NULL,NULL,NULL),('1909833404203175937','0','2025-04-09 12:59:01.000','2025-04-09 12:59:01.000',NULL,'张1','18336336761','天津市市辖区和平区啊实打实大苏打实打实的',NULL,NULL,NULL,NULL,NULL),('1909855580046266370','0','2025-04-09 14:27:08.000','2025-04-09 14:27:08.000',NULL,'张1','18336336761','天津市市辖区和平区啊实打实大苏打实打实的','tiantian','6666666666','1',NULL,NULL),('1909895314218995713','0','2025-04-09 17:05:01.000','2025-04-09 17:05:01.000',NULL,'张1','18336336761','天津市市辖区和平区啊实打实大苏打实打实的',NULL,NULL,NULL,NULL,NULL),('1909900840390676482','0','2025-04-09 17:26:59.000','2025-04-09 17:26:59.000',NULL,'张1','18336336761','天津市市辖区和平区啊实打实大苏打实打实的',NULL,NULL,NULL,NULL,NULL),('1909900926009004033','0','2025-04-09 17:27:19.000','2025-04-09 17:27:19.000',NULL,'张1','18336336761','天津市市辖区和平区啊实打实大苏打实打实的',NULL,NULL,NULL,NULL,NULL),('1909903067750649858','0','2025-04-09 17:35:50.000','2025-04-09 17:35:50.000',NULL,'张1','18336336761','天津市市辖区和平区啊实打实大苏打实打实的','tiantian','123','1',NULL,NULL),('1910136255253106689','0','2025-04-10 09:02:26.000','2025-04-10 09:02:26.000',NULL,'桂花鱼','132325232745','江苏省苏州市昆山市杨树路555号',NULL,NULL,NULL,NULL,NULL),('1910137141639565313','0','2025-04-10 09:05:57.000','2025-04-10 09:05:57.000',NULL,'桂花鱼','132325232745','江苏省苏州市昆山市杨树路555号',NULL,NULL,NULL,NULL,NULL),('1910137346137051137','0','2025-04-10 09:06:46.000','2025-04-10 09:06:46.000',NULL,'桂花鱼','132325232745','江苏省苏州市昆山市杨树路555号',NULL,NULL,NULL,NULL,NULL),('1910159377826066433','0','2025-04-10 10:34:19.000','2025-04-10 10:34:19.000',NULL,'张1','18336336761','天津市市辖区和平区啊实打实大苏打实打实的','tiantian','1111223543535346','1',NULL,NULL),('1910195231621771266','0','2025-04-10 12:56:47.000','2025-04-10 12:56:47.000',NULL,'桂花鱼','132325232745','江苏省苏州市昆山市杨树路555号',NULL,NULL,NULL,NULL,NULL),('1910198872252424193','0','2025-04-10 13:11:15.000','2025-04-10 13:11:15.000',NULL,'桂花鱼','132325232745','江苏省苏州市昆山市杨树路555号',NULL,NULL,NULL,NULL,NULL),('1910199595966996482','0','2025-04-10 13:14:08.000','2025-04-10 13:14:08.000',NULL,'张1','18336336761','天津市市辖区和平区啊实打实大苏打实打实的',NULL,NULL,NULL,NULL,NULL),('1910211045158608897','0','2025-04-10 13:59:37.000','2025-04-10 13:59:37.000',NULL,'张1','18336336761','天津市市辖区和平区啊实打实大苏打实打实的',NULL,NULL,NULL,NULL,NULL),('1910215993250340866','0','2025-04-10 14:19:17.000','2025-04-10 14:19:17.000',NULL,'张1','18336336761','天津市市辖区和平区啊实打实大苏打实打实的',NULL,NULL,NULL,NULL,NULL),('1910227635774230530','0','2025-04-10 15:05:33.000','2025-04-10 15:05:33.000',NULL,'桂花鱼','132325232745','江苏省苏州市昆山市杨树路555号',NULL,NULL,NULL,NULL,NULL),('1910241347767750657','0','2025-04-10 16:00:02.000','2025-04-10 16:00:02.000',NULL,'zhang','1','天津市市辖区河东区dd','tiantian','123','1',NULL,NULL),('1910244440261644289','0','2025-04-10 16:12:19.000','2025-04-10 16:12:19.000',NULL,'桂花鱼','132325232745','江苏省苏州市昆山市杨树路555号','tiantian','123512','1',NULL,NULL),('1910264316099416066','0','2025-04-10 17:31:18.000','2025-04-10 17:31:18.000',NULL,'张1','18336336761','天津市市辖区和平区啊实打实大苏打实打实的',NULL,NULL,NULL,NULL,NULL),('1910296232953499650','0','2025-04-10 19:38:08.000','2025-04-10 19:38:08.000',NULL,'桂花鱼','132325232745','江苏省苏州市昆山市杨树路555号',NULL,NULL,NULL,NULL,NULL),('1910492258448560129','0','2025-04-11 08:37:04.000','2025-04-11 08:37:04.000',NULL,'张1','18336336761','天津市市辖区和平区啊实打实大苏打实打实的',NULL,NULL,NULL,NULL,NULL),('1910495149527781378','0','2025-04-11 08:48:33.000','2025-04-11 08:48:33.000',NULL,'张1','18336336761','天津市市辖区和平区啊实打实大苏打实打实的',NULL,NULL,NULL,NULL,NULL),('1911253766941986818','0','2025-04-13 11:03:02.000','2025-04-13 11:03:02.000',NULL,'张1','18336336761','天津市市辖区和平区啊实打实大苏打实打实的',NULL,NULL,NULL,NULL,NULL),('1911289364813729793','0','2025-04-13 13:24:29.000','2025-04-13 13:24:29.000',NULL,'桂花鱼','132325232745','江苏省苏州市昆山市杨树路555号','yunda','464300338874911','1',NULL,NULL),('1911289865773010945','0','2025-04-13 13:26:28.000','2025-04-13 13:26:28.000',NULL,'桂花鱼','132325232745','江苏省苏州市昆山市杨树路555号','yunda','464300338874911','1',NULL,NULL),('1911290482096623617','0','2025-04-13 13:28:55.000','2025-04-13 13:28:55.000',NULL,'桂花鱼','132325232745','江苏省苏州市昆山市杨树路555号','yunda','464300338874911','1',NULL,NULL),('1911290970099699714','0','2025-04-13 13:30:51.000','2025-04-13 13:30:51.000',NULL,'张1','18336336761','天津市市辖区和平区啊实打实大苏打实打实的','tiantian','123141151','1',NULL,NULL),('1911291366801166338','0','2025-04-13 13:32:26.000','2025-04-13 13:32:26.000',NULL,'张1','18336336761','天津市市辖区和平区啊实打实大苏打实打实的',NULL,NULL,NULL,NULL,NULL),('1911294114296778753','0','2025-04-13 13:43:21.000','2025-04-13 13:43:21.000',NULL,'张1','18336336761','天津市市辖区和平区啊实打实大苏打实打实的',NULL,NULL,NULL,NULL,NULL),('1912392808366632962','0','2025-04-16 14:29:10.000','2025-04-16 14:29:10.000',NULL,'桂花园','1325683560','北京市市辖区东城区荷花池',NULL,NULL,NULL,NULL,NULL),('1914997890253955074','0','2025-04-23 19:00:50.000','2025-04-23 19:00:50.000',NULL,'桂花鱼','132325232745','江苏省苏州市昆山市杨树路555号','huitongkuaidi','23456','1',NULL,NULL);
/*!40000 ALTER TABLE `order_logistics` ENABLE KEYS */;
UNLOCK TABLES;

--
-- Table structure for table `order_logistics_info`
--

DROP TABLE IF EXISTS `order_logistics_info`;
/*!40101 SET @saved_cs_client     = @@character_set_client */;
/*!50503 SET character_set_client = utf8mb4 */;
CREATE TABLE `order_logistics_info` (
  `id` int NOT NULL AUTO_INCREMENT COMMENT 'PK',
  `logistics_id` varchar(32) CHARACTER SET utf8mb4 COLLATE utf8mb4_croatian_ci DEFAULT NULL COMMENT '物流id',
  `status` char(2) CHARACTER SET utf8mb4 COLLATE utf8mb4_croatian_ci DEFAULT NULL COMMENT '物流状态 1在途中，2派件中，3已签收，4派送失败，5揽收，6退回，7转单，8疑难，9退签，10待清关，11清关中，12已清关，13清关异常',
  `name` varchar(255) CHARACTER SET utf8mb4 COLLATE utf8mb4_croatian_ci DEFAULT NULL COMMENT '物流名称',
  `com` varchar(255) CHARACTER SET utf8mb4 COLLATE utf8mb4_croatian_ci DEFAULT NULL COMMENT '快递公司代码',
  `number` varchar(255) CHARACTER SET utf8mb4 COLLATE utf8mb4_croatian_ci DEFAULT NULL COMMENT '快递单号',
  `logo` varchar(255) CHARACTER SET utf8mb4 COLLATE utf8mb4_croatian_ci DEFAULT NULL COMMENT '快递公司logo',
  `list` varchar(2000) CHARACTER SET utf8mb4 COLLATE utf8mb4_croatian_ci DEFAULT NULL COMMENT '快递信息',
  PRIMARY KEY (`id`) USING BTREE
) ENGINE=InnoDB AUTO_INCREMENT=3 DEFAULT CHARSET=utf8mb4 COLLATE=utf8mb4_croatian_ci ROW_FORMAT=DYNAMIC COMMENT='物流信息查询表';
/*!40101 SET character_set_client = @saved_cs_client */;

--
-- Dumping data for table `order_logistics_info`
--

LOCK TABLES `order_logistics_info` WRITE;
/*!40000 ALTER TABLE `order_logistics_info` DISABLE KEYS */;
INSERT INTO `order_logistics_info` VALUES (1,'YT8736186768458','3','圆通速递','yuantong','YT8736186768458','http://img.lundear.com/yuantong.png','[{\"time\":\"2025-02-11 17:55:18\",\"status\":\"已签收，签收人凭取货码签收。如有疑问请联系快递员: 18521102536，网点电话：18521803516,0512-81633526，投诉电话: 18521100313。感谢使用圆通速递，期待再次为您服务！\"},{\"time\":\"2025-02-11 13:40:44\",\"status\":\"您好，快件已暂存至昆山珠江御景北门475号店菜鸟驿站，如有疑问请联系18136413727，投诉电话：18521100313。感谢使用圆通速递，期待再次为您服务！\"},{\"time\":\"2025-02-11 07:54:12\",\"status\":\"【江苏省昆山蓬朗】的张兴盛（18521102536）正在派件，（有事先呼我，勿找平台，少一次投诉，多一份感恩）！如有疑问请联系网点:18521803516,0512-81633526，投诉电话:18521100313。[95161和18521号段的上海号码为圆通快递员专属号码，请放心接听]\"},{\"time\":\"2025-02-11 07:54:09\",\"status\":\"您的快件已经到达【江苏省昆山蓬朗】\"},{\"time\":\"2025-02-11 04:02:39\",\"status\":\"您的快件离开【上海转运中心】，已发往【江苏省昆山蓬朗】\"},{\"time\":\"2025-02-11 03:32:36\",\"status\":\"您的快件已经到达【上海转运中心】\"},{\"time\":\"2025-02-09 22:41:05\",\"status\":\"您的快件离开【深圳转运中心】，已发往【上海转运中心】。预计【02月11日】到达【上海市】，因运输距离较远，预计将在【11日晚上】为您更新快件状态，请您放心！\"},{\"time\":\"2025-02-09 22:39:56\",\"status\":\"您的快件已经到达【深圳转运中心】\"},{\"time\":\"2025-02-09 21:43:54\",\"status\":\"您的快件离开【广东省深圳市龙岗区平湖】，已发往【深圳转运中心】\"},{\"time\":\"2025-02-08 08:07:09\",\"status\":\"您的快件在【广东省深圳市龙岗区平湖】已揽收，揽收人: 王小明（15691613295）\"}]'),(2,'1111223543535346',NULL,NULL,NULL,NULL,NULL,NULL);
/*!40000 ALTER TABLE `order_logistics_info` ENABLE KEYS */;
UNLOCK TABLES;

--
-- Table structure for table `qrtz_calendars`
--

DROP TABLE IF EXISTS `qrtz_calendars`;
/*!40101 SET @saved_cs_client     = @@character_set_client */;
/*!50503 SET character_set_client = utf8mb4 */;
CREATE TABLE `qrtz_calendars` (
  `sched_name` varchar(120) CHARACTER SET utf8mb4 COLLATE utf8mb4_croatian_ci NOT NULL COMMENT '调度名称',
  `calendar_name` varchar(200) CHARACTER SET utf8mb4 COLLATE utf8mb4_croatian_ci NOT NULL COMMENT '日历名称',
  `calendar` blob NOT NULL COMMENT '存放持久化calendar对象',
  PRIMARY KEY (`sched_name`,`calendar_name`) USING BTREE
) ENGINE=InnoDB DEFAULT CHARSET=utf8mb4 COLLATE=utf8mb4_croatian_ci ROW_FORMAT=DYNAMIC COMMENT='日历信息表';
/*!40101 SET character_set_client = @saved_cs_client */;

--
-- Dumping data for table `qrtz_calendars`
--

LOCK TABLES `qrtz_calendars` WRITE;
/*!40000 ALTER TABLE `qrtz_calendars` DISABLE KEYS */;
/*!40000 ALTER TABLE `qrtz_calendars` ENABLE KEYS */;
UNLOCK TABLES;

--
-- Table structure for table `qrtz_cron_triggers`
--

DROP TABLE IF EXISTS `qrtz_cron_triggers`;
/*!40101 SET @saved_cs_client     = @@character_set_client */;
/*!50503 SET character_set_client = utf8mb4 */;
CREATE TABLE `qrtz_cron_triggers` (
  `sched_name` varchar(120) CHARACTER SET utf8mb4 COLLATE utf8mb4_croatian_ci NOT NULL COMMENT '调度名称',
  `trigger_name` varchar(200) CHARACTER SET utf8mb4 COLLATE utf8mb4_croatian_ci NOT NULL COMMENT 'qrtz_triggers表trigger_name的外键',
  `trigger_group` varchar(200) CHARACTER SET utf8mb4 COLLATE utf8mb4_croatian_ci NOT NULL COMMENT 'qrtz_triggers表trigger_group的外键',
  `cron_expression` varchar(200) CHARACTER SET utf8mb4 COLLATE utf8mb4_croatian_ci NOT NULL COMMENT 'cron表达式',
  `time_zone_id` varchar(80) CHARACTER SET utf8mb4 COLLATE utf8mb4_croatian_ci DEFAULT NULL COMMENT '时区',
  PRIMARY KEY (`sched_name`,`trigger_name`,`trigger_group`) USING BTREE,
  CONSTRAINT `qrtz_cron_triggers_ibfk_1` FOREIGN KEY (`sched_name`, `trigger_name`, `trigger_group`) REFERENCES `qrtz_triggers` (`sched_name`, `trigger_name`, `trigger_group`)
) ENGINE=InnoDB DEFAULT CHARSET=utf8mb4 COLLATE=utf8mb4_croatian_ci ROW_FORMAT=DYNAMIC COMMENT='Cron类型的触发器表';
/*!40101 SET character_set_client = @saved_cs_client */;

--
-- Dumping data for table `qrtz_cron_triggers`
--

LOCK TABLES `qrtz_cron_triggers` WRITE;
/*!40000 ALTER TABLE `qrtz_cron_triggers` DISABLE KEYS */;
/*!40000 ALTER TABLE `qrtz_cron_triggers` ENABLE KEYS */;
UNLOCK TABLES;

--
-- Table structure for table `qrtz_fired_triggers`
--

DROP TABLE IF EXISTS `qrtz_fired_triggers`;
/*!40101 SET @saved_cs_client     = @@character_set_client */;
/*!50503 SET character_set_client = utf8mb4 */;
CREATE TABLE `qrtz_fired_triggers` (
  `sched_name` varchar(120) CHARACTER SET utf8mb4 COLLATE utf8mb4_croatian_ci NOT NULL COMMENT '调度名称',
  `entry_id` varchar(95) CHARACTER SET utf8mb4 COLLATE utf8mb4_croatian_ci NOT NULL COMMENT '调度器实例id',
  `trigger_name` varchar(200) CHARACTER SET utf8mb4 COLLATE utf8mb4_croatian_ci NOT NULL COMMENT 'qrtz_triggers表trigger_name的外键',
  `trigger_group` varchar(200) CHARACTER SET utf8mb4 COLLATE utf8mb4_croatian_ci NOT NULL COMMENT 'qrtz_triggers表trigger_group的外键',
  `instance_name` varchar(200) CHARACTER SET utf8mb4 COLLATE utf8mb4_croatian_ci NOT NULL COMMENT '调度器实例名',
  `fired_time` bigint NOT NULL COMMENT '触发的时间',
  `sched_time` bigint NOT NULL COMMENT '定时器制定的时间',
  `priority` int NOT NULL COMMENT '优先级',
  `state` varchar(16) CHARACTER SET utf8mb4 COLLATE utf8mb4_croatian_ci NOT NULL COMMENT '状态',
  `job_name` varchar(200) CHARACTER SET utf8mb4 COLLATE utf8mb4_croatian_ci DEFAULT NULL COMMENT '任务名称',
  `job_group` varchar(200) CHARACTER SET utf8mb4 COLLATE utf8mb4_croatian_ci DEFAULT NULL COMMENT '任务组名',
  `is_nonconcurrent` varchar(1) CHARACTER SET utf8mb4 COLLATE utf8mb4_croatian_ci DEFAULT NULL COMMENT '是否并发',
  `requests_recovery` varchar(1) CHARACTER SET utf8mb4 COLLATE utf8mb4_croatian_ci DEFAULT NULL COMMENT '是否接受恢复执行',
  PRIMARY KEY (`sched_name`,`entry_id`) USING BTREE
) ENGINE=InnoDB DEFAULT CHARSET=utf8mb4 COLLATE=utf8mb4_croatian_ci ROW_FORMAT=DYNAMIC COMMENT='已触发的触发器表';
/*!40101 SET character_set_client = @saved_cs_client */;

--
-- Dumping data for table `qrtz_fired_triggers`
--

LOCK TABLES `qrtz_fired_triggers` WRITE;
/*!40000 ALTER TABLE `qrtz_fired_triggers` DISABLE KEYS */;
/*!40000 ALTER TABLE `qrtz_fired_triggers` ENABLE KEYS */;
UNLOCK TABLES;

--
-- Table structure for table `qrtz_job_details`
--

DROP TABLE IF EXISTS `qrtz_job_details`;
/*!40101 SET @saved_cs_client     = @@character_set_client */;
/*!50503 SET character_set_client = utf8mb4 */;
CREATE TABLE `qrtz_job_details` (
  `sched_name` varchar(120) CHARACTER SET utf8mb4 COLLATE utf8mb4_croatian_ci NOT NULL COMMENT '调度名称',
  `job_name` varchar(200) CHARACTER SET utf8mb4 COLLATE utf8mb4_croatian_ci NOT NULL COMMENT '任务名称',
  `job_group` varchar(200) CHARACTER SET utf8mb4 COLLATE utf8mb4_croatian_ci NOT NULL COMMENT '任务组名',
  `description` varchar(250) CHARACTER SET utf8mb4 COLLATE utf8mb4_croatian_ci DEFAULT NULL COMMENT '相关介绍',
  `job_class_name` varchar(250) CHARACTER SET utf8mb4 COLLATE utf8mb4_croatian_ci NOT NULL COMMENT '执行任务类名称',
  `is_durable` varchar(1) CHARACTER SET utf8mb4 COLLATE utf8mb4_croatian_ci NOT NULL COMMENT '是否持久化',
  `is_nonconcurrent` varchar(1) CHARACTER SET utf8mb4 COLLATE utf8mb4_croatian_ci NOT NULL COMMENT '是否并发',
  `is_update_data` varchar(1) CHARACTER SET utf8mb4 COLLATE utf8mb4_croatian_ci NOT NULL COMMENT '是否更新数据',
  `requests_recovery` varchar(1) CHARACTER SET utf8mb4 COLLATE utf8mb4_croatian_ci NOT NULL COMMENT '是否接受恢复执行',
  `job_data` blob COMMENT '存放持久化job对象',
  PRIMARY KEY (`sched_name`,`job_name`,`job_group`) USING BTREE
) ENGINE=InnoDB DEFAULT CHARSET=utf8mb4 COLLATE=utf8mb4_croatian_ci ROW_FORMAT=DYNAMIC COMMENT='任务详细信息表';
/*!40101 SET character_set_client = @saved_cs_client */;

--
-- Dumping data for table `qrtz_job_details`
--

LOCK TABLES `qrtz_job_details` WRITE;
/*!40000 ALTER TABLE `qrtz_job_details` DISABLE KEYS */;
/*!40000 ALTER TABLE `qrtz_job_details` ENABLE KEYS */;
UNLOCK TABLES;

--
-- Table structure for table `qrtz_locks`
--

DROP TABLE IF EXISTS `qrtz_locks`;
/*!40101 SET @saved_cs_client     = @@character_set_client */;
/*!50503 SET character_set_client = utf8mb4 */;
CREATE TABLE `qrtz_locks` (
  `sched_name` varchar(120) CHARACTER SET utf8mb4 COLLATE utf8mb4_croatian_ci NOT NULL COMMENT '调度名称',
  `lock_name` varchar(40) CHARACTER SET utf8mb4 COLLATE utf8mb4_croatian_ci NOT NULL COMMENT '悲观锁名称',
  PRIMARY KEY (`sched_name`,`lock_name`) USING BTREE
) ENGINE=InnoDB DEFAULT CHARSET=utf8mb4 COLLATE=utf8mb4_croatian_ci ROW_FORMAT=DYNAMIC COMMENT='存储的悲观锁信息表';
/*!40101 SET character_set_client = @saved_cs_client */;

--
-- Dumping data for table `qrtz_locks`
--

LOCK TABLES `qrtz_locks` WRITE;
/*!40000 ALTER TABLE `qrtz_locks` DISABLE KEYS */;
/*!40000 ALTER TABLE `qrtz_locks` ENABLE KEYS */;
UNLOCK TABLES;

--
-- Table structure for table `qrtz_paused_trigger_grps`
--

DROP TABLE IF EXISTS `qrtz_paused_trigger_grps`;
/*!40101 SET @saved_cs_client     = @@character_set_client */;
/*!50503 SET character_set_client = utf8mb4 */;
CREATE TABLE `qrtz_paused_trigger_grps` (
  `sched_name` varchar(120) CHARACTER SET utf8mb4 COLLATE utf8mb4_croatian_ci NOT NULL COMMENT '调度名称',
  `trigger_group` varchar(200) CHARACTER SET utf8mb4 COLLATE utf8mb4_croatian_ci NOT NULL COMMENT 'qrtz_triggers表trigger_group的外键',
  PRIMARY KEY (`sched_name`,`trigger_group`) USING BTREE
) ENGINE=InnoDB DEFAULT CHARSET=utf8mb4 COLLATE=utf8mb4_croatian_ci ROW_FORMAT=DYNAMIC COMMENT='暂停的触发器表';
/*!40101 SET character_set_client = @saved_cs_client */;

--
-- Dumping data for table `qrtz_paused_trigger_grps`
--

LOCK TABLES `qrtz_paused_trigger_grps` WRITE;
/*!40000 ALTER TABLE `qrtz_paused_trigger_grps` DISABLE KEYS */;
/*!40000 ALTER TABLE `qrtz_paused_trigger_grps` ENABLE KEYS */;
UNLOCK TABLES;

--
-- Table structure for table `qrtz_scheduler_state`
--

DROP TABLE IF EXISTS `qrtz_scheduler_state`;
/*!40101 SET @saved_cs_client     = @@character_set_client */;
/*!50503 SET character_set_client = utf8mb4 */;
CREATE TABLE `qrtz_scheduler_state` (
  `sched_name` varchar(120) CHARACTER SET utf8mb4 COLLATE utf8mb4_croatian_ci NOT NULL COMMENT '调度名称',
  `instance_name` varchar(200) CHARACTER SET utf8mb4 COLLATE utf8mb4_croatian_ci NOT NULL COMMENT '实例名称',
  `last_checkin_time` bigint NOT NULL COMMENT '上次检查时间',
  `checkin_interval` bigint NOT NULL COMMENT '检查间隔时间',
  PRIMARY KEY (`sched_name`,`instance_name`) USING BTREE
) ENGINE=InnoDB DEFAULT CHARSET=utf8mb4 COLLATE=utf8mb4_croatian_ci ROW_FORMAT=DYNAMIC COMMENT='调度器状态表';
/*!40101 SET character_set_client = @saved_cs_client */;

--
-- Dumping data for table `qrtz_scheduler_state`
--

LOCK TABLES `qrtz_scheduler_state` WRITE;
/*!40000 ALTER TABLE `qrtz_scheduler_state` DISABLE KEYS */;
/*!40000 ALTER TABLE `qrtz_scheduler_state` ENABLE KEYS */;
UNLOCK TABLES;

--
-- Table structure for table `qrtz_simple_triggers`
--

DROP TABLE IF EXISTS `qrtz_simple_triggers`;
/*!40101 SET @saved_cs_client     = @@character_set_client */;
/*!50503 SET character_set_client = utf8mb4 */;
CREATE TABLE `qrtz_simple_triggers` (
  `sched_name` varchar(120) CHARACTER SET utf8mb4 COLLATE utf8mb4_croatian_ci NOT NULL COMMENT '调度名称',
  `trigger_name` varchar(200) CHARACTER SET utf8mb4 COLLATE utf8mb4_croatian_ci NOT NULL COMMENT 'qrtz_triggers表trigger_name的外键',
  `trigger_group` varchar(200) CHARACTER SET utf8mb4 COLLATE utf8mb4_croatian_ci NOT NULL COMMENT 'qrtz_triggers表trigger_group的外键',
  `repeat_count` bigint NOT NULL COMMENT '重复的次数统计',
  `repeat_interval` bigint NOT NULL COMMENT '重复的间隔时间',
  `times_triggered` bigint NOT NULL COMMENT '已经触发的次数',
  PRIMARY KEY (`sched_name`,`trigger_name`,`trigger_group`) USING BTREE,
  CONSTRAINT `qrtz_simple_triggers_ibfk_1` FOREIGN KEY (`sched_name`, `trigger_name`, `trigger_group`) REFERENCES `qrtz_triggers` (`sched_name`, `trigger_name`, `trigger_group`)
) ENGINE=InnoDB DEFAULT CHARSET=utf8mb4 COLLATE=utf8mb4_croatian_ci ROW_FORMAT=DYNAMIC COMMENT='简单触发器的信息表';
/*!40101 SET character_set_client = @saved_cs_client */;

--
-- Dumping data for table `qrtz_simple_triggers`
--

LOCK TABLES `qrtz_simple_triggers` WRITE;
/*!40000 ALTER TABLE `qrtz_simple_triggers` DISABLE KEYS */;
/*!40000 ALTER TABLE `qrtz_simple_triggers` ENABLE KEYS */;
UNLOCK TABLES;

--
-- Table structure for table `qrtz_simprop_triggers`
--

DROP TABLE IF EXISTS `qrtz_simprop_triggers`;
/*!40101 SET @saved_cs_client     = @@character_set_client */;
/*!50503 SET character_set_client = utf8mb4 */;
CREATE TABLE `qrtz_simprop_triggers` (
  `sched_name` varchar(120) CHARACTER SET utf8mb4 COLLATE utf8mb4_croatian_ci NOT NULL COMMENT '调度名称',
  `trigger_name` varchar(200) CHARACTER SET utf8mb4 COLLATE utf8mb4_croatian_ci NOT NULL COMMENT 'qrtz_triggers表trigger_name的外键',
  `trigger_group` varchar(200) CHARACTER SET utf8mb4 COLLATE utf8mb4_croatian_ci NOT NULL COMMENT 'qrtz_triggers表trigger_group的外键',
  `str_prop_1` varchar(512) CHARACTER SET utf8mb4 COLLATE utf8mb4_croatian_ci DEFAULT NULL COMMENT 'String类型的trigger的第一个参数',
  `str_prop_2` varchar(512) CHARACTER SET utf8mb4 COLLATE utf8mb4_croatian_ci DEFAULT NULL COMMENT 'String类型的trigger的第二个参数',
  `str_prop_3` varchar(512) CHARACTER SET utf8mb4 COLLATE utf8mb4_croatian_ci DEFAULT NULL COMMENT 'String类型的trigger的第三个参数',
  `int_prop_1` int DEFAULT NULL COMMENT 'int类型的trigger的第一个参数',
  `int_prop_2` int DEFAULT NULL COMMENT 'int类型的trigger的第二个参数',
  `long_prop_1` bigint DEFAULT NULL COMMENT 'long类型的trigger的第一个参数',
  `long_prop_2` bigint DEFAULT NULL COMMENT 'long类型的trigger的第二个参数',
  `dec_prop_1` decimal(13,4) DEFAULT NULL COMMENT 'decimal类型的trigger的第一个参数',
  `dec_prop_2` decimal(13,4) DEFAULT NULL COMMENT 'decimal类型的trigger的第二个参数',
  `bool_prop_1` varchar(1) CHARACTER SET utf8mb4 COLLATE utf8mb4_croatian_ci DEFAULT NULL COMMENT 'Boolean类型的trigger的第一个参数',
  `bool_prop_2` varchar(1) CHARACTER SET utf8mb4 COLLATE utf8mb4_croatian_ci DEFAULT NULL COMMENT 'Boolean类型的trigger的第二个参数',
  PRIMARY KEY (`sched_name`,`trigger_name`,`trigger_group`) USING BTREE,
  CONSTRAINT `qrtz_simprop_triggers_ibfk_1` FOREIGN KEY (`sched_name`, `trigger_name`, `trigger_group`) REFERENCES `qrtz_triggers` (`sched_name`, `trigger_name`, `trigger_group`)
) ENGINE=InnoDB DEFAULT CHARSET=utf8mb4 COLLATE=utf8mb4_croatian_ci ROW_FORMAT=DYNAMIC COMMENT='同步机制的行锁表';
/*!40101 SET character_set_client = @saved_cs_client */;

--
-- Dumping data for table `qrtz_simprop_triggers`
--

LOCK TABLES `qrtz_simprop_triggers` WRITE;
/*!40000 ALTER TABLE `qrtz_simprop_triggers` DISABLE KEYS */;
/*!40000 ALTER TABLE `qrtz_simprop_triggers` ENABLE KEYS */;
UNLOCK TABLES;

--
-- Table structure for table `qrtz_triggers`
--

DROP TABLE IF EXISTS `qrtz_triggers`;
/*!40101 SET @saved_cs_client     = @@character_set_client */;
/*!50503 SET character_set_client = utf8mb4 */;
CREATE TABLE `qrtz_triggers` (
  `sched_name` varchar(120) CHARACTER SET utf8mb4 COLLATE utf8mb4_croatian_ci NOT NULL COMMENT '调度名称',
  `trigger_name` varchar(200) CHARACTER SET utf8mb4 COLLATE utf8mb4_croatian_ci NOT NULL COMMENT '触发器的名字',
  `trigger_group` varchar(200) CHARACTER SET utf8mb4 COLLATE utf8mb4_croatian_ci NOT NULL COMMENT '触发器所属组的名字',
  `job_name` varchar(200) CHARACTER SET utf8mb4 COLLATE utf8mb4_croatian_ci NOT NULL COMMENT 'qrtz_job_details表job_name的外键',
  `job_group` varchar(200) CHARACTER SET utf8mb4 COLLATE utf8mb4_croatian_ci NOT NULL COMMENT 'qrtz_job_details表job_group的外键',
  `description` varchar(250) CHARACTER SET utf8mb4 COLLATE utf8mb4_croatian_ci DEFAULT NULL COMMENT '相关介绍',
  `next_fire_time` bigint DEFAULT NULL COMMENT '上一次触发时间（毫秒）',
  `prev_fire_time` bigint DEFAULT NULL COMMENT '下一次触发时间（默认为-1表示不触发）',
  `priority` int DEFAULT NULL COMMENT '优先级',
  `trigger_state` varchar(16) CHARACTER SET utf8mb4 COLLATE utf8mb4_croatian_ci NOT NULL COMMENT '触发器状态',
  `trigger_type` varchar(8) CHARACTER SET utf8mb4 COLLATE utf8mb4_croatian_ci NOT NULL COMMENT '触发器的类型',
  `start_time` bigint NOT NULL COMMENT '开始时间',
  `end_time` bigint DEFAULT NULL COMMENT '结束时间',
  `calendar_name` varchar(200) CHARACTER SET utf8mb4 COLLATE utf8mb4_croatian_ci DEFAULT NULL COMMENT '日程表名称',
  `misfire_instr` smallint DEFAULT NULL COMMENT '补偿执行的策略',
  `job_data` blob COMMENT '存放持久化job对象',
  PRIMARY KEY (`sched_name`,`trigger_name`,`trigger_group`) USING BTREE,
  KEY `sched_name` (`sched_name`,`job_name`,`job_group`) USING BTREE,
  CONSTRAINT `qrtz_triggers_ibfk_1` FOREIGN KEY (`sched_name`, `job_name`, `job_group`) REFERENCES `qrtz_job_details` (`sched_name`, `job_name`, `job_group`)
) ENGINE=InnoDB DEFAULT CHARSET=utf8mb4 COLLATE=utf8mb4_croatian_ci ROW_FORMAT=DYNAMIC COMMENT='触发器详细信息表';
/*!40101 SET character_set_client = @saved_cs_client */;

--
-- Dumping data for table `qrtz_triggers`
--

LOCK TABLES `qrtz_triggers` WRITE;
/*!40000 ALTER TABLE `qrtz_triggers` DISABLE KEYS */;
/*!40000 ALTER TABLE `qrtz_triggers` ENABLE KEYS */;
UNLOCK TABLES;

--
-- Table structure for table `shopping_cart`
--

DROP TABLE IF EXISTS `shopping_cart`;
/*!40101 SET @saved_cs_client     = @@character_set_client */;
/*!50503 SET character_set_client = utf8mb4 */;
CREATE TABLE `shopping_cart` (
  `id` varchar(32) CHARACTER SET utf8mb4 COLLATE utf8mb4_croatian_ci NOT NULL COMMENT 'PK',
  `del_flag` char(2) CHARACTER SET utf8mb4 COLLATE utf8mb4_croatian_ci NOT NULL DEFAULT '0' COMMENT '逻辑删除标记（0：显示；1：隐藏）',
  `create_time` datetime NOT NULL DEFAULT CURRENT_TIMESTAMP COMMENT '创建时间',
  `update_time` timestamp NOT NULL DEFAULT CURRENT_TIMESTAMP ON UPDATE CURRENT_TIMESTAMP COMMENT '最后更新时间',
  `user_id` varchar(32) CHARACTER SET utf8mb4 COLLATE utf8mb4_croatian_ci NOT NULL COMMENT '用户编号',
  `spu_id` varchar(32) CHARACTER SET utf8mb4 COLLATE utf8mb4_croatian_ci NOT NULL COMMENT '商品SPU',
  `quantity` int NOT NULL COMMENT '数量',
  `spu_name` varchar(200) CHARACTER SET utf8mb4 COLLATE utf8mb4_croatian_ci DEFAULT NULL COMMENT '加入时的spu名字',
  `add_price` decimal(10,2) DEFAULT NULL COMMENT '加入时价格',
  `pic_url` varchar(500) CHARACTER SET utf8mb4 COLLATE utf8mb4_croatian_ci DEFAULT NULL COMMENT '图片',
  PRIMARY KEY (`id`) USING BTREE
) ENGINE=InnoDB DEFAULT CHARSET=utf8mb4 COLLATE=utf8mb4_croatian_ci ROW_FORMAT=DYNAMIC COMMENT='购物车';
/*!40101 SET character_set_client = @saved_cs_client */;

--
-- Dumping data for table `shopping_cart`
--

LOCK TABLES `shopping_cart` WRITE;
/*!40000 ALTER TABLE `shopping_cart` DISABLE KEYS */;
INSERT INTO `shopping_cart` VALUES ('1353755369452634114','0','2021-01-26 01:23:26','2021-01-25 17:29:11','1352233320682930178','1353738731164561410',1,'iPhone12白色',4999.00,NULL),('1354094384559210498','0','2021-01-26 23:50:33','2021-01-26 15:50:33','1352572935968165889','1353738731164561410',1,'iPhone12白色',4999.00,'http://joolun-open.oss-cn-zhangjiakou.aliyuncs.com/category-9.png'),('1355427342960320514','0','2021-01-30 16:07:16','2021-01-30 08:07:16','1355406809988345857','1353738731164561410',1,'Apple iPhone',6000.00,'http://joolun-open.oss-cn-zhangjiakou.aliyuncs.com/10952adc-cad0-4c53-8762-9906d1dde220.jpg'),('1357249438573252609','0','2021-02-04 16:47:37','2021-02-04 08:47:37','1356171782972882945','1355440649314263041',1,'HUAWEI Mate 40 Pro+',8999.00,'http://joolun-open.oss-cn-zhangjiakou.aliyuncs.com/goods-5.png'),('1357249497834573826','0','2021-02-04 16:47:51','2021-02-04 08:47:51','1356171782972882945','1355412081553190914',1,'HUAWEI P40 Pro+',0.10,'http://joolun-open.oss-cn-zhangjiakou.aliyuncs.com/goods-7.png'),('1357673715054202882','0','2021-02-05 20:53:31','2021-02-05 12:53:31','1354473059078176770','1353738731164561410',1,'iPhone 12 Pro',8499.00,'http://joolun-open.oss-cn-zhangjiakou.aliyuncs.com/goods-4.png');
/*!40000 ALTER TABLE `shopping_cart` ENABLE KEYS */;
UNLOCK TABLES;

--
-- Table structure for table `spu_try_on_img_url`
--

DROP TABLE IF EXISTS `spu_try_on_img_url`;
/*!40101 SET @saved_cs_client     = @@character_set_client */;
/*!50503 SET character_set_client = utf8mb4 */;
CREATE TABLE `spu_try_on_img_url` (
  `id` int NOT NULL AUTO_INCREMENT COMMENT '主键ID',
  `img_url` varchar(191) DEFAULT NULL COMMENT '图片地址',
  `goods_spu_id` varchar(32) CHARACTER SET utf8mb4 COLLATE utf8mb4_croatian_ci NOT NULL COMMENT '商品SPU ID',
  `create_time` datetime(3) DEFAULT NULL COMMENT '创建时间',
  `update_time` datetime(3) DEFAULT NULL COMMENT '最后更新时间',
  `del_flag` char(2) DEFAULT NULL COMMENT '逻辑删除标记（0：显示；1：隐藏）',
  PRIMARY KEY (`id`) USING BTREE
) ENGINE=InnoDB AUTO_INCREMENT=2 DEFAULT CHARSET=utf8mb4 COLLATE=utf8mb4_0900_ai_ci ROW_FORMAT=DYNAMIC COMMENT='商品试戴图片表';
/*!40101 SET character_set_client = @saved_cs_client */;

--
-- Dumping data for table `spu_try_on_img_url`
--

LOCK TABLES `spu_try_on_img_url` WRITE;
/*!40000 ALTER TABLE `spu_try_on_img_url` DISABLE KEYS */;
INSERT INTO `spu_try_on_img_url` VALUES (1,'/profile/upload/2025/04/07/bls_20250407111523A002.jpg','1900363838747389953','2025-04-10 14:17:25.000','2025-04-10 14:17:25.000','0');
/*!40000 ALTER TABLE `spu_try_on_img_url` ENABLE KEYS */;
UNLOCK TABLES;

--
-- Table structure for table `sys_ai_workflow_sessions`
--

DROP TABLE IF EXISTS `sys_ai_workflow_sessions`;
/*!40101 SET @saved_cs_client     = @@character_set_client */;
/*!50503 SET character_set_client = utf8mb4 */;
CREATE TABLE `sys_ai_workflow_sessions` (
  `id` bigint unsigned NOT NULL AUTO_INCREMENT,
  `created_at` datetime(3) DEFAULT NULL,
  `updated_at` datetime(3) DEFAULT NULL,
  `deleted_at` datetime(3) DEFAULT NULL,
  `user_id` bigint unsigned DEFAULT NULL COMMENT '用户ID',
  `tab` varchar(32) COLLATE utf8mb4_general_ci DEFAULT NULL COMMENT '会话类型',
  `title` varchar(255) COLLATE utf8mb4_general_ci DEFAULT NULL COMMENT '会话标题',
  `summary` text COLLATE utf8mb4_general_ci COMMENT '摘要',
  `conversation_id` varchar(255) COLLATE utf8mb4_general_ci DEFAULT NULL COMMENT 'Dify会话ID',
  `message_id` varchar(255) COLLATE utf8mb4_general_ci DEFAULT NULL COMMENT 'Dify消息ID',
  `current_node_id` varchar(64) COLLATE utf8mb4_general_ci DEFAULT NULL COMMENT '当前选中节点ID',
  `settings` longtext COLLATE utf8mb4_general_ci COMMENT '页面设置',
  `form_data` longtext COLLATE utf8mb4_general_ci COMMENT '表单数据',
  `result_data` longtext COLLATE utf8mb4_general_ci COMMENT '当前展示结果',
  `messages` longtext COLLATE utf8mb4_general_ci COMMENT '会话消息',
  PRIMARY KEY (`id`),
  KEY `idx_sys_ai_workflow_sessions_tab` (`tab`),
  KEY `idx_sys_ai_workflow_sessions_deleted_at` (`deleted_at`),
  KEY `idx_sys_ai_workflow_sessions_user_id` (`user_id`)
) ENGINE=InnoDB DEFAULT CHARSET=utf8mb4 COLLATE=utf8mb4_general_ci;
/*!40101 SET character_set_client = @saved_cs_client */;

--
-- Dumping data for table `sys_ai_workflow_sessions`
--

LOCK TABLES `sys_ai_workflow_sessions` WRITE;
/*!40000 ALTER TABLE `sys_ai_workflow_sessions` DISABLE KEYS */;
/*!40000 ALTER TABLE `sys_ai_workflow_sessions` ENABLE KEYS */;
UNLOCK TABLES;

--
-- Table structure for table `sys_api_tokens`
--

DROP TABLE IF EXISTS `sys_api_tokens`;
/*!40101 SET @saved_cs_client     = @@character_set_client */;
/*!50503 SET character_set_client = utf8mb4 */;
CREATE TABLE `sys_api_tokens` (
  `id` bigint unsigned NOT NULL AUTO_INCREMENT,
  `created_at` datetime(3) DEFAULT NULL,
  `updated_at` datetime(3) DEFAULT NULL,
  `deleted_at` datetime(3) DEFAULT NULL,
  `user_id` bigint unsigned DEFAULT NULL COMMENT '用户ID',
  `authority_id` bigint unsigned DEFAULT NULL COMMENT '角色ID',
  `token` text COLLATE utf8mb4_general_ci COMMENT 'Token',
  `status` tinyint(1) DEFAULT '1' COMMENT '状态',
  `expires_at` datetime(3) DEFAULT NULL COMMENT '过期时间',
  `remark` varchar(191) COLLATE utf8mb4_general_ci DEFAULT NULL COMMENT '备注',
  PRIMARY KEY (`id`),
  KEY `idx_sys_api_tokens_deleted_at` (`deleted_at`)
) ENGINE=InnoDB DEFAULT CHARSET=utf8mb4 COLLATE=utf8mb4_general_ci;
/*!40101 SET character_set_client = @saved_cs_client */;

--
-- Dumping data for table `sys_api_tokens`
--

LOCK TABLES `sys_api_tokens` WRITE;
/*!40000 ALTER TABLE `sys_api_tokens` DISABLE KEYS */;
/*!40000 ALTER TABLE `sys_api_tokens` ENABLE KEYS */;
UNLOCK TABLES;

--
-- Table structure for table `sys_apis`
--

DROP TABLE IF EXISTS `sys_apis`;
/*!40101 SET @saved_cs_client     = @@character_set_client */;
/*!50503 SET character_set_client = utf8mb4 */;
CREATE TABLE `sys_apis` (
  `id` bigint unsigned NOT NULL AUTO_INCREMENT,
  `created_at` datetime(3) DEFAULT NULL,
  `updated_at` datetime(3) DEFAULT NULL,
  `deleted_at` datetime(3) DEFAULT NULL,
  `path` varchar(191) COLLATE utf8mb4_general_ci DEFAULT NULL COMMENT 'api路径',
  `description` varchar(191) COLLATE utf8mb4_general_ci DEFAULT NULL COMMENT 'api中文描述',
  `api_group` varchar(191) COLLATE utf8mb4_general_ci DEFAULT NULL COMMENT 'api组',
  `method` varchar(191) COLLATE utf8mb4_general_ci DEFAULT 'POST' COMMENT '方法',
  PRIMARY KEY (`id`),
  KEY `idx_sys_apis_deleted_at` (`deleted_at`)
) ENGINE=InnoDB AUTO_INCREMENT=185 DEFAULT CHARSET=utf8mb4 COLLATE=utf8mb4_general_ci;
/*!40101 SET character_set_client = @saved_cs_client */;

--
-- Dumping data for table `sys_apis`
--

LOCK TABLES `sys_apis` WRITE;
/*!40000 ALTER TABLE `sys_apis` DISABLE KEYS */;
INSERT INTO `sys_apis` VALUES (1,'2026-04-15 11:36:52.128','2026-04-15 11:36:52.128',NULL,'/jwt/jsonInBlacklist','jwt加入黑名单(退出，必选)','jwt','POST'),(2,'2026-04-15 11:36:52.128','2026-04-15 11:36:52.128',NULL,'/sysLoginLog/deleteLoginLog','删除登录日志','登录日志','DELETE'),(3,'2026-04-15 11:36:52.128','2026-04-15 11:36:52.128',NULL,'/sysLoginLog/deleteLoginLogByIds','批量删除登录日志','登录日志','DELETE'),(4,'2026-04-15 11:36:52.128','2026-04-15 11:36:52.128',NULL,'/sysLoginLog/findLoginLog','根据ID获取登录日志','登录日志','GET'),(5,'2026-04-15 11:36:52.128','2026-04-15 11:36:52.128',NULL,'/sysLoginLog/getLoginLogList','获取登录日志列表','登录日志','GET'),(6,'2026-04-15 11:36:52.128','2026-04-15 11:36:52.128',NULL,'/sysApiToken/createApiToken','签发API Token','API Token','POST'),(7,'2026-04-15 11:36:52.128','2026-04-15 11:36:52.128',NULL,'/sysApiToken/getApiTokenList','获取API Token列表','API Token','POST'),(8,'2026-04-15 11:36:52.128','2026-04-15 11:36:52.128',NULL,'/sysApiToken/deleteApiToken','作废API Token','API Token','POST'),(9,'2026-04-15 11:36:52.128','2026-04-15 11:36:52.128',NULL,'/user/deleteUser','删除用户','系统用户','DELETE'),(10,'2026-04-15 11:36:52.128','2026-04-15 11:36:52.128',NULL,'/user/admin_register','用户注册','系统用户','POST'),(11,'2026-04-15 11:36:52.128','2026-04-15 11:36:52.128',NULL,'/user/getUserList','获取用户列表','系统用户','POST'),(12,'2026-04-15 11:36:52.128','2026-04-15 11:36:52.128',NULL,'/user/setUserInfo','设置用户信息','系统用户','PUT'),(13,'2026-04-15 11:36:52.128','2026-04-15 11:36:52.128',NULL,'/user/setSelfInfo','设置自身信息(必选)','系统用户','PUT'),(14,'2026-04-15 11:36:52.128','2026-04-15 11:36:52.128',NULL,'/user/getUserInfo','获取自身信息(必选)','系统用户','GET'),(15,'2026-04-15 11:36:52.128','2026-04-15 11:36:52.128',NULL,'/user/setUserAuthorities','设置权限组','系统用户','POST'),(16,'2026-04-15 11:36:52.128','2026-04-15 11:36:52.128',NULL,'/user/changePassword','修改密码（建议选择)','系统用户','POST'),(17,'2026-04-15 11:36:52.128','2026-04-15 11:36:52.128',NULL,'/user/setUserAuthority','修改用户角色(必选)','系统用户','POST'),(18,'2026-04-15 11:36:52.128','2026-04-15 11:36:52.128',NULL,'/user/resetPassword','重置用户密码','系统用户','POST'),(19,'2026-04-15 11:36:52.128','2026-04-15 11:36:52.128',NULL,'/user/setSelfSetting','用户界面配置','系统用户','PUT'),(20,'2026-04-15 11:36:52.128','2026-04-15 11:36:52.128',NULL,'/api/createApi','创建api','api','POST'),(21,'2026-04-15 11:36:52.128','2026-04-15 11:36:52.128',NULL,'/api/deleteApi','删除Api','api','POST'),(22,'2026-04-15 11:36:52.128','2026-04-15 11:36:52.128',NULL,'/api/updateApi','更新Api','api','POST'),(23,'2026-04-15 11:36:52.128','2026-04-15 11:36:52.128',NULL,'/api/getApiList','获取api列表','api','POST'),(24,'2026-04-15 11:36:52.128','2026-04-15 11:36:52.128',NULL,'/api/getAllApis','获取所有api','api','POST'),(25,'2026-04-15 11:36:52.128','2026-04-15 11:36:52.128',NULL,'/api/getApiById','获取api详细信息','api','POST'),(26,'2026-04-15 11:36:52.128','2026-04-15 11:36:52.128',NULL,'/api/deleteApisByIds','批量删除api','api','DELETE'),(27,'2026-04-15 11:36:52.128','2026-04-15 11:36:52.128',NULL,'/api/syncApi','获取待同步API','api','GET'),(28,'2026-04-15 11:36:52.128','2026-04-15 11:36:52.128',NULL,'/api/getApiGroups','获取路由组','api','GET'),(29,'2026-04-15 11:36:52.128','2026-04-15 11:36:52.128',NULL,'/api/enterSyncApi','确认同步API','api','POST'),(30,'2026-04-15 11:36:52.128','2026-04-15 11:36:52.128',NULL,'/api/ignoreApi','忽略API','api','POST'),(31,'2026-04-15 11:36:52.128','2026-04-15 11:36:52.128',NULL,'/authority/copyAuthority','拷贝角色','角色','POST'),(32,'2026-04-15 11:36:52.128','2026-04-15 11:36:52.128',NULL,'/authority/createAuthority','创建角色','角色','POST'),(33,'2026-04-15 11:36:52.128','2026-04-15 11:36:52.128',NULL,'/authority/deleteAuthority','删除角色','角色','POST'),(34,'2026-04-15 11:36:52.128','2026-04-15 11:36:52.128',NULL,'/authority/updateAuthority','更新角色信息','角色','PUT'),(35,'2026-04-15 11:36:52.128','2026-04-15 11:36:52.128',NULL,'/authority/getAuthorityList','获取角色列表','角色','POST'),(36,'2026-04-15 11:36:52.128','2026-04-15 11:36:52.128',NULL,'/authority/setDataAuthority','设置角色资源权限','角色','POST'),(37,'2026-04-15 11:36:52.128','2026-04-15 11:36:52.128',NULL,'/authority/getUsersByAuthority','获取角色关联用户ID列表','角色','GET'),(38,'2026-04-15 11:36:52.128','2026-04-15 11:36:52.128',NULL,'/authority/setRoleUsers','全量覆盖角色关联用户','角色','POST'),(39,'2026-04-15 11:36:52.128','2026-04-15 11:36:52.128',NULL,'/casbin/updateCasbin','更改角色api权限','casbin','POST'),(40,'2026-04-15 11:36:52.128','2026-04-15 11:36:52.128',NULL,'/casbin/getPolicyPathByAuthorityId','获取权限列表','casbin','POST'),(41,'2026-04-15 11:36:52.128','2026-04-15 11:36:52.128',NULL,'/menu/addBaseMenu','新增菜单','菜单','POST'),(42,'2026-04-15 11:36:52.128','2026-04-15 11:36:52.128',NULL,'/menu/getMenu','获取菜单树(必选)','菜单','POST'),(43,'2026-04-15 11:36:52.128','2026-04-15 11:36:52.128',NULL,'/menu/deleteBaseMenu','删除菜单','菜单','POST'),(44,'2026-04-15 11:36:52.128','2026-04-15 11:36:52.128',NULL,'/menu/updateBaseMenu','更新菜单','菜单','POST'),(45,'2026-04-15 11:36:52.128','2026-04-15 11:36:52.128',NULL,'/menu/getBaseMenuById','根据id获取菜单','菜单','POST'),(46,'2026-04-15 11:36:52.128','2026-04-15 11:36:52.128',NULL,'/menu/getMenuList','分页获取基础menu列表','菜单','POST'),(47,'2026-04-15 11:36:52.128','2026-04-15 11:36:52.128',NULL,'/menu/getBaseMenuTree','获取用户动态路由','菜单','POST'),(48,'2026-04-15 11:36:52.128','2026-04-15 11:36:52.128',NULL,'/menu/getMenuAuthority','获取指定角色menu','菜单','POST'),(49,'2026-04-15 11:36:52.128','2026-04-15 11:36:52.128',NULL,'/menu/addMenuAuthority','增加menu和角色关联关系','菜单','POST'),(50,'2026-04-15 11:36:52.128','2026-04-15 11:36:52.128',NULL,'/fileUploadAndDownload/findFile','寻找目标文件（秒传）','分片上传','GET'),(51,'2026-04-15 11:36:52.128','2026-04-15 11:36:52.128',NULL,'/fileUploadAndDownload/breakpointContinue','断点续传','分片上传','POST'),(52,'2026-04-15 11:36:52.128','2026-04-15 11:36:52.128',NULL,'/fileUploadAndDownload/breakpointContinueFinish','断点续传完成','分片上传','POST'),(53,'2026-04-15 11:36:52.128','2026-04-15 11:36:52.128',NULL,'/fileUploadAndDownload/removeChunk','上传完成移除文件','分片上传','POST'),(54,'2026-04-15 11:36:52.128','2026-04-15 11:36:52.128',NULL,'/fileUploadAndDownload/upload','文件上传（建议选择）','文件上传与下载','POST'),(55,'2026-04-15 11:36:52.128','2026-04-15 11:36:52.128',NULL,'/fileUploadAndDownload/deleteFile','删除文件','文件上传与下载','POST'),(56,'2026-04-15 11:36:52.128','2026-04-15 11:36:52.128',NULL,'/fileUploadAndDownload/editFileName','文件名或者备注编辑','文件上传与下载','POST'),(57,'2026-04-15 11:36:52.128','2026-04-15 11:36:52.128',NULL,'/fileUploadAndDownload/getFileList','获取上传文件列表','文件上传与下载','POST'),(58,'2026-04-15 11:36:52.128','2026-04-15 11:36:52.128',NULL,'/fileUploadAndDownload/importURL','导入URL','文件上传与下载','POST'),(59,'2026-04-15 11:36:52.128','2026-04-15 11:36:52.128',NULL,'/system/getServerInfo','获取服务器信息','系统服务','POST'),(60,'2026-04-15 11:36:52.128','2026-04-15 11:36:52.128',NULL,'/system/getSystemConfig','获取配置文件内容','系统服务','POST'),(61,'2026-04-15 11:36:52.128','2026-04-15 11:36:52.128',NULL,'/system/setSystemConfig','设置配置文件内容','系统服务','POST'),(62,'2026-04-15 11:36:52.128','2026-04-15 11:36:52.128',NULL,'/skills/getTools','获取技能工具列表','skills','GET'),(63,'2026-04-15 11:36:52.128','2026-04-15 11:36:52.128',NULL,'/skills/getSkillList','获取技能列表','skills','POST'),(64,'2026-04-15 11:36:52.128','2026-04-15 11:36:52.128',NULL,'/skills/getSkillDetail','获取技能详情','skills','POST'),(65,'2026-04-15 11:36:52.128','2026-04-15 11:36:52.128',NULL,'/skills/saveSkill','保存技能定义','skills','POST'),(66,'2026-04-15 11:36:52.128','2026-04-15 11:36:52.128',NULL,'/skills/deleteSkill','删除技能','skills','POST'),(67,'2026-04-15 11:36:52.128','2026-04-15 11:36:52.128',NULL,'/skills/createScript','创建技能脚本','skills','POST'),(68,'2026-04-15 11:36:52.128','2026-04-15 11:36:52.128',NULL,'/skills/getScript','读取技能脚本','skills','POST'),(69,'2026-04-15 11:36:52.128','2026-04-15 11:36:52.128',NULL,'/skills/saveScript','保存技能脚本','skills','POST'),(70,'2026-04-15 11:36:52.128','2026-04-15 11:36:52.128',NULL,'/skills/createResource','创建技能资源','skills','POST'),(71,'2026-04-15 11:36:52.128','2026-04-15 11:36:52.128',NULL,'/skills/getResource','读取技能资源','skills','POST'),(72,'2026-04-15 11:36:52.128','2026-04-15 11:36:52.128',NULL,'/skills/saveResource','保存技能资源','skills','POST'),(73,'2026-04-15 11:36:52.128','2026-04-15 11:36:52.128',NULL,'/skills/createReference','创建技能参考','skills','POST'),(74,'2026-04-15 11:36:52.128','2026-04-15 11:36:52.128',NULL,'/skills/getReference','读取技能参考','skills','POST'),(75,'2026-04-15 11:36:52.128','2026-04-15 11:36:52.128',NULL,'/skills/saveReference','保存技能参考','skills','POST'),(76,'2026-04-15 11:36:52.128','2026-04-15 11:36:52.128',NULL,'/skills/createTemplate','创建技能模板','skills','POST'),(77,'2026-04-15 11:36:52.128','2026-04-15 11:36:52.128',NULL,'/skills/getTemplate','读取技能模板','skills','POST'),(78,'2026-04-15 11:36:52.128','2026-04-15 11:36:52.128',NULL,'/skills/saveTemplate','保存技能模板','skills','POST'),(79,'2026-04-15 11:36:52.128','2026-04-15 11:36:52.128',NULL,'/skills/getGlobalConstraint','读取全局约束','skills','POST'),(80,'2026-04-15 11:36:52.128','2026-04-15 11:36:52.128',NULL,'/skills/saveGlobalConstraint','保存全局约束','skills','POST'),(81,'2026-04-15 11:36:52.128','2026-04-15 11:36:52.128',NULL,'/skills/packageSkill','打包技能','skills','POST'),(82,'2026-04-15 11:36:52.128','2026-04-15 11:36:52.128',NULL,'/customer/customer','更新客户','客户','PUT'),(83,'2026-04-15 11:36:52.128','2026-04-15 11:36:52.128',NULL,'/customer/customer','创建客户','客户','POST'),(84,'2026-04-15 11:36:52.128','2026-04-15 11:36:52.128',NULL,'/customer/customer','删除客户','客户','DELETE'),(85,'2026-04-15 11:36:52.128','2026-04-15 11:36:52.128',NULL,'/customer/customer','获取单一客户','客户','GET'),(86,'2026-04-15 11:36:52.128','2026-04-15 11:36:52.128',NULL,'/customer/customerList','获取客户列表','客户','GET'),(87,'2026-04-15 11:36:52.128','2026-04-15 11:36:52.128',NULL,'/autoCode/getDB','获取所有数据库','代码生成器','GET'),(88,'2026-04-15 11:36:52.128','2026-04-15 11:36:52.128',NULL,'/autoCode/getTables','获取数据库表','代码生成器','GET'),(89,'2026-04-15 11:36:52.128','2026-04-15 11:36:52.128',NULL,'/autoCode/createTemp','自动化代码','代码生成器','POST'),(90,'2026-04-15 11:36:52.128','2026-04-15 11:36:52.128',NULL,'/autoCode/preview','预览自动化代码','代码生成器','POST'),(91,'2026-04-15 11:36:52.128','2026-04-15 11:36:52.128',NULL,'/autoCode/getColumn','获取所选table的所有字段','代码生成器','GET'),(92,'2026-04-15 11:36:52.128','2026-04-15 11:36:52.128',NULL,'/autoCode/installPlugin','安装插件','代码生成器','POST'),(93,'2026-04-15 11:36:52.128','2026-04-15 11:36:52.128',NULL,'/autoCode/pubPlug','打包插件','代码生成器','POST'),(94,'2026-04-15 11:36:52.128','2026-04-15 11:36:52.128',NULL,'/autoCode/removePlugin','卸载插件','代码生成器','POST'),(95,'2026-04-15 11:36:52.128','2026-04-15 11:36:52.128',NULL,'/autoCode/getPluginList','获取已安装插件','代码生成器','GET'),(96,'2026-04-15 11:36:52.128','2026-04-15 11:36:52.128',NULL,'/autoCode/mcp','自动生成 MCP Tool 模板','代码生成器','POST'),(97,'2026-04-15 11:36:52.128','2026-04-15 11:36:52.128',NULL,'/autoCode/mcpStatus','获取 MCP 独立服务状态','代码生成器','POST'),(98,'2026-04-15 11:36:52.128','2026-04-15 11:36:52.128',NULL,'/autoCode/mcpStart','启动 MCP 独立服务','代码生成器','POST'),(99,'2026-04-15 11:36:52.128','2026-04-15 11:36:52.128',NULL,'/autoCode/mcpStop','停用 MCP 独立服务','代码生成器','POST'),(100,'2026-04-15 11:36:52.128','2026-04-15 11:36:52.128',NULL,'/autoCode/mcpTest','MCP Tool 管理','代码生成器','POST'),(101,'2026-04-15 11:36:52.128','2026-04-15 11:36:52.128',NULL,'/autoCode/mcpList','获取 MCP ToolList','代码生成器','POST'),(102,'2026-04-15 11:36:52.128','2026-04-15 11:36:52.128',NULL,'/autoCode/saveAIWorkflowSession','保存AI需求工作流会话','代码生成器','POST'),(103,'2026-04-15 11:36:52.128','2026-04-15 11:36:52.128',NULL,'/autoCode/getAIWorkflowSessionList','获取AI需求工作流会话列表','代码生成器','POST'),(104,'2026-04-15 11:36:52.128','2026-04-15 11:36:52.128',NULL,'/autoCode/getAIWorkflowSessionDetail','获取AI需求工作流会话详情','代码生成器','POST'),(105,'2026-04-15 11:36:52.128','2026-04-15 11:36:52.128',NULL,'/autoCode/deleteAIWorkflowSession','删除AI需求工作流会话','代码生成器','POST'),(106,'2026-04-15 11:36:52.128','2026-04-15 11:36:52.128',NULL,'/autoCode/dumpAIWorkflowMarkdown','AI需求工作流Markdown落盘','代码生成器','POST'),(107,'2026-04-15 11:36:52.128','2026-04-15 11:36:52.128',NULL,'/autoCode/createPackage','配置模板','模板配置','POST'),(108,'2026-04-15 11:36:52.128','2026-04-15 11:36:52.128',NULL,'/autoCode/getTemplates','获取模板文件','模板配置','GET'),(109,'2026-04-15 11:36:52.128','2026-04-15 11:36:52.128',NULL,'/autoCode/getPackage','获取所有模板','模板配置','POST'),(110,'2026-04-15 11:36:52.128','2026-04-15 11:36:52.128',NULL,'/autoCode/delPackage','删除模板','模板配置','POST'),(111,'2026-04-15 11:36:52.128','2026-04-15 11:36:52.128',NULL,'/autoCode/getMeta','获取meta信息','代码生成器历史','POST'),(112,'2026-04-15 11:36:52.128','2026-04-15 11:36:52.128',NULL,'/autoCode/rollback','回滚自动生成代码','代码生成器历史','POST'),(113,'2026-04-15 11:36:52.128','2026-04-15 11:36:52.128',NULL,'/autoCode/getSysHistory','查询回滚记录','代码生成器历史','POST'),(114,'2026-04-15 11:36:52.128','2026-04-15 11:36:52.128',NULL,'/autoCode/delSysHistory','删除回滚记录','代码生成器历史','POST'),(115,'2026-04-15 11:36:52.128','2026-04-15 11:36:52.128',NULL,'/autoCode/addFunc','增加模板方法','代码生成器历史','POST'),(116,'2026-04-15 11:36:52.128','2026-04-15 11:36:52.128',NULL,'/sysDictionaryDetail/updateSysDictionaryDetail','更新字典内容','系统字典详情','PUT'),(117,'2026-04-15 11:36:52.128','2026-04-15 11:36:52.128',NULL,'/sysDictionaryDetail/createSysDictionaryDetail','新增字典内容','系统字典详情','POST'),(118,'2026-04-15 11:36:52.128','2026-04-15 11:36:52.128',NULL,'/sysDictionaryDetail/deleteSysDictionaryDetail','删除字典内容','系统字典详情','DELETE'),(119,'2026-04-15 11:36:52.128','2026-04-15 11:36:52.128',NULL,'/sysDictionaryDetail/findSysDictionaryDetail','根据ID获取字典内容','系统字典详情','GET'),(120,'2026-04-15 11:36:52.128','2026-04-15 11:36:52.128',NULL,'/sysDictionaryDetail/getSysDictionaryDetailList','获取字典内容列表','系统字典详情','GET'),(121,'2026-04-15 11:36:52.128','2026-04-15 11:36:52.128',NULL,'/sysDictionaryDetail/getDictionaryTreeList','获取字典数列表','系统字典详情','GET'),(122,'2026-04-15 11:36:52.128','2026-04-15 11:36:52.128',NULL,'/sysDictionaryDetail/getDictionaryTreeListByType','根据分类获取字典数列表','系统字典详情','GET'),(123,'2026-04-15 11:36:52.128','2026-04-15 11:36:52.128',NULL,'/sysDictionaryDetail/getDictionaryDetailsByParent','根据父级ID获取字典详情','系统字典详情','GET'),(124,'2026-04-15 11:36:52.128','2026-04-15 11:36:52.128',NULL,'/sysDictionaryDetail/getDictionaryPath','获取字典详情的完整路径','系统字典详情','GET'),(125,'2026-04-15 11:36:52.128','2026-04-15 11:36:52.128',NULL,'/sysDictionary/createSysDictionary','新增字典','系统字典','POST'),(126,'2026-04-15 11:36:52.128','2026-04-15 11:36:52.128',NULL,'/sysDictionary/deleteSysDictionary','删除字典','系统字典','DELETE'),(127,'2026-04-15 11:36:52.128','2026-04-15 11:36:52.128',NULL,'/sysDictionary/updateSysDictionary','更新字典','系统字典','PUT'),(128,'2026-04-15 11:36:52.128','2026-04-15 11:36:52.128',NULL,'/sysDictionary/findSysDictionary','根据ID获取字典（建议选择）','系统字典','GET'),(129,'2026-04-15 11:36:52.128','2026-04-15 11:36:52.128',NULL,'/sysDictionary/getSysDictionaryList','获取字典列表','系统字典','GET'),(130,'2026-04-15 11:36:52.128','2026-04-15 11:36:52.128',NULL,'/sysDictionary/importSysDictionary','导入字典JSON','系统字典','POST'),(131,'2026-04-15 11:36:52.128','2026-04-15 11:36:52.128',NULL,'/sysDictionary/exportSysDictionary','导出字典JSON','系统字典','GET'),(132,'2026-04-15 11:36:52.128','2026-04-15 11:36:52.128',NULL,'/sysOperationRecord/createSysOperationRecord','新增操作记录','操作记录','POST'),(133,'2026-04-15 11:36:52.128','2026-04-15 11:36:52.128',NULL,'/sysOperationRecord/findSysOperationRecord','根据ID获取操作记录','操作记录','GET'),(134,'2026-04-15 11:36:52.128','2026-04-15 11:36:52.128',NULL,'/sysOperationRecord/getSysOperationRecordList','获取操作记录列表','操作记录','GET'),(135,'2026-04-15 11:36:52.128','2026-04-15 11:36:52.128',NULL,'/sysOperationRecord/deleteSysOperationRecord','删除操作记录','操作记录','DELETE'),(136,'2026-04-15 11:36:52.128','2026-04-15 11:36:52.128',NULL,'/sysOperationRecord/deleteSysOperationRecordByIds','批量删除操作历史','操作记录','DELETE'),(137,'2026-04-15 11:36:52.128','2026-04-15 11:36:52.128',NULL,'/simpleUploader/upload','插件版分片上传','断点续传(插件版)','POST'),(138,'2026-04-15 11:36:52.128','2026-04-15 11:36:52.128',NULL,'/simpleUploader/checkFileMd5','文件完整度验证','断点续传(插件版)','GET'),(139,'2026-04-15 11:36:52.128','2026-04-15 11:36:52.128',NULL,'/simpleUploader/mergeFileMd5','上传完成合并文件','断点续传(插件版)','GET'),(140,'2026-04-15 11:36:52.128','2026-04-15 11:36:52.128',NULL,'/email/emailTest','发送测试邮件','email','POST'),(141,'2026-04-15 11:36:52.128','2026-04-15 11:36:52.128',NULL,'/email/sendEmail','发送邮件','email','POST'),(142,'2026-04-15 11:36:52.128','2026-04-15 11:36:52.128',NULL,'/authorityBtn/setAuthorityBtn','设置按钮权限','按钮权限','POST'),(143,'2026-04-15 11:36:52.128','2026-04-15 11:36:52.128',NULL,'/authorityBtn/getAuthorityBtn','获取已有按钮权限','按钮权限','POST'),(144,'2026-04-15 11:36:52.128','2026-04-15 11:36:52.128',NULL,'/authorityBtn/canRemoveAuthorityBtn','删除按钮','按钮权限','POST'),(145,'2026-04-15 11:36:52.128','2026-04-15 11:36:52.128',NULL,'/sysExportTemplate/createSysExportTemplate','新增导出模板','导出模板','POST'),(146,'2026-04-15 11:36:52.128','2026-04-15 11:36:52.128',NULL,'/sysExportTemplate/deleteSysExportTemplate','删除导出模板','导出模板','DELETE'),(147,'2026-04-15 11:36:52.128','2026-04-15 11:36:52.128',NULL,'/sysExportTemplate/deleteSysExportTemplateByIds','批量删除导出模板','导出模板','DELETE'),(148,'2026-04-15 11:36:52.128','2026-04-15 11:36:52.128',NULL,'/sysExportTemplate/updateSysExportTemplate','更新导出模板','导出模板','PUT'),(149,'2026-04-15 11:36:52.128','2026-04-15 11:36:52.128',NULL,'/sysExportTemplate/findSysExportTemplate','根据ID获取导出模板','导出模板','GET'),(150,'2026-04-15 11:36:52.128','2026-04-15 11:36:52.128',NULL,'/sysExportTemplate/getSysExportTemplateList','获取导出模板列表','导出模板','GET'),(151,'2026-04-15 11:36:52.128','2026-04-15 11:36:52.128',NULL,'/sysExportTemplate/exportExcel','导出Excel','导出模板','GET'),(152,'2026-04-15 11:36:52.128','2026-04-15 11:36:52.128',NULL,'/sysExportTemplate/exportTemplate','下载模板','导出模板','GET'),(153,'2026-04-15 11:36:52.128','2026-04-15 11:36:52.128',NULL,'/sysExportTemplate/previewSQL','预览SQL','导出模板','GET'),(154,'2026-04-15 11:36:52.128','2026-04-15 11:36:52.128',NULL,'/sysExportTemplate/importExcel','导入Excel','导出模板','POST'),(155,'2026-04-15 11:36:52.128','2026-04-15 11:36:52.128',NULL,'/sysError/createSysError','新建错误日志','错误日志','POST'),(156,'2026-04-15 11:36:52.128','2026-04-15 11:36:52.128',NULL,'/sysError/deleteSysError','删除错误日志','错误日志','DELETE'),(157,'2026-04-15 11:36:52.128','2026-04-15 11:36:52.128',NULL,'/sysError/deleteSysErrorByIds','批量删除错误日志','错误日志','DELETE'),(158,'2026-04-15 11:36:52.128','2026-04-15 11:36:52.128',NULL,'/sysError/updateSysError','更新错误日志','错误日志','PUT'),(159,'2026-04-15 11:36:52.128','2026-04-15 11:36:52.128',NULL,'/sysError/findSysError','根据ID获取错误日志','错误日志','GET'),(160,'2026-04-15 11:36:52.128','2026-04-15 11:36:52.128',NULL,'/sysError/getSysErrorList','获取错误日志列表','错误日志','GET'),(161,'2026-04-15 11:36:52.128','2026-04-15 11:36:52.128',NULL,'/sysError/getSysErrorSolution','触发错误处理(异步)','错误日志','GET'),(162,'2026-04-15 11:36:52.128','2026-04-15 11:36:52.128',NULL,'/info/createInfo','新建公告','公告','POST'),(163,'2026-04-15 11:36:52.128','2026-04-15 11:36:52.128',NULL,'/info/deleteInfo','删除公告','公告','DELETE'),(164,'2026-04-15 11:36:52.128','2026-04-15 11:36:52.128',NULL,'/info/deleteInfoByIds','批量删除公告','公告','DELETE'),(165,'2026-04-15 11:36:52.128','2026-04-15 11:36:52.128',NULL,'/info/updateInfo','更新公告','公告','PUT'),(166,'2026-04-15 11:36:52.128','2026-04-15 11:36:52.128',NULL,'/info/findInfo','根据ID获取公告','公告','GET'),(167,'2026-04-15 11:36:52.128','2026-04-15 11:36:52.128',NULL,'/info/getInfoList','获取公告列表','公告','GET'),(168,'2026-04-15 11:36:52.128','2026-04-15 11:36:52.128',NULL,'/sysParams/createSysParams','新建参数','参数管理','POST'),(169,'2026-04-15 11:36:52.128','2026-04-15 11:36:52.128',NULL,'/sysParams/deleteSysParams','删除参数','参数管理','DELETE'),(170,'2026-04-15 11:36:52.128','2026-04-15 11:36:52.128',NULL,'/sysParams/deleteSysParamsByIds','批量删除参数','参数管理','DELETE'),(171,'2026-04-15 11:36:52.128','2026-04-15 11:36:52.128',NULL,'/sysParams/updateSysParams','更新参数','参数管理','PUT'),(172,'2026-04-15 11:36:52.128','2026-04-15 11:36:52.128',NULL,'/sysParams/findSysParams','根据ID获取参数','参数管理','GET'),(173,'2026-04-15 11:36:52.128','2026-04-15 11:36:52.128',NULL,'/sysParams/getSysParamsList','获取参数列表','参数管理','GET'),(174,'2026-04-15 11:36:52.128','2026-04-15 11:36:52.128',NULL,'/sysParams/getSysParam','获取参数列表','参数管理','GET'),(175,'2026-04-15 11:36:52.128','2026-04-15 11:36:52.128',NULL,'/attachmentCategory/getCategoryList','分类列表','媒体库分类','GET'),(176,'2026-04-15 11:36:52.128','2026-04-15 11:36:52.128',NULL,'/attachmentCategory/addCategory','添加/编辑分类','媒体库分类','POST'),(177,'2026-04-15 11:36:52.128','2026-04-15 11:36:52.128',NULL,'/attachmentCategory/deleteCategory','删除分类','媒体库分类','POST'),(178,'2026-04-15 11:36:52.128','2026-04-15 11:36:52.128',NULL,'/sysVersion/findSysVersion','获取单一版本','版本控制','GET'),(179,'2026-04-15 11:36:52.128','2026-04-15 11:36:52.128',NULL,'/sysVersion/getSysVersionList','获取版本列表','版本控制','GET'),(180,'2026-04-15 11:36:52.128','2026-04-15 11:36:52.128',NULL,'/sysVersion/downloadVersionJson','下载版本json','版本控制','GET'),(181,'2026-04-15 11:36:52.128','2026-04-15 11:36:52.128',NULL,'/sysVersion/exportVersion','创建版本','版本控制','POST'),(182,'2026-04-15 11:36:52.128','2026-04-15 11:36:52.128',NULL,'/sysVersion/importVersion','同步版本','版本控制','POST'),(183,'2026-04-15 11:36:52.128','2026-04-15 11:36:52.128',NULL,'/sysVersion/deleteSysVersion','删除版本','版本控制','DELETE'),(184,'2026-04-15 11:36:52.128','2026-04-15 11:36:52.128',NULL,'/sysVersion/deleteSysVersionByIds','批量删除版本','版本控制','DELETE');
/*!40000 ALTER TABLE `sys_apis` ENABLE KEYS */;
UNLOCK TABLES;

--
-- Table structure for table `sys_authorities`
--

DROP TABLE IF EXISTS `sys_authorities`;
/*!40101 SET @saved_cs_client     = @@character_set_client */;
/*!50503 SET character_set_client = utf8mb4 */;
CREATE TABLE `sys_authorities` (
  `created_at` datetime(3) DEFAULT NULL,
  `updated_at` datetime(3) DEFAULT NULL,
  `deleted_at` datetime(3) DEFAULT NULL,
  `authority_id` bigint unsigned NOT NULL AUTO_INCREMENT COMMENT '角色ID',
  `authority_name` varchar(191) COLLATE utf8mb4_general_ci DEFAULT NULL COMMENT '角色名',
  `parent_id` bigint unsigned DEFAULT NULL COMMENT '父角色ID',
  `default_router` varchar(191) COLLATE utf8mb4_general_ci DEFAULT 'dashboard' COMMENT '默认菜单',
  PRIMARY KEY (`authority_id`),
  UNIQUE KEY `uni_sys_authorities_authority_id` (`authority_id`)
) ENGINE=InnoDB AUTO_INCREMENT=9529 DEFAULT CHARSET=utf8mb4 COLLATE=utf8mb4_general_ci;
/*!40101 SET character_set_client = @saved_cs_client */;

--
-- Dumping data for table `sys_authorities`
--

LOCK TABLES `sys_authorities` WRITE;
/*!40000 ALTER TABLE `sys_authorities` DISABLE KEYS */;
INSERT INTO `sys_authorities` VALUES ('2026-04-15 11:36:52.149','2026-04-15 11:36:52.260',NULL,888,'普通用户',0,'dashboard'),('2026-04-15 11:36:52.149','2026-04-15 11:36:52.263',NULL,8881,'普通用户子角色',888,'dashboard'),('2026-04-15 11:36:52.149','2026-04-15 11:36:52.262',NULL,9528,'测试角色',0,'dashboard');
/*!40000 ALTER TABLE `sys_authorities` ENABLE KEYS */;
UNLOCK TABLES;

--
-- Table structure for table `sys_authority_btns`
--

DROP TABLE IF EXISTS `sys_authority_btns`;
/*!40101 SET @saved_cs_client     = @@character_set_client */;
/*!50503 SET character_set_client = utf8mb4 */;
CREATE TABLE `sys_authority_btns` (
  `authority_id` bigint unsigned DEFAULT NULL COMMENT '角色ID',
  `sys_menu_id` bigint unsigned DEFAULT NULL COMMENT '菜单ID',
  `sys_base_menu_btn_id` bigint unsigned DEFAULT NULL COMMENT '菜单按钮ID'
) ENGINE=InnoDB DEFAULT CHARSET=utf8mb4 COLLATE=utf8mb4_general_ci;
/*!40101 SET character_set_client = @saved_cs_client */;

--
-- Dumping data for table `sys_authority_btns`
--

LOCK TABLES `sys_authority_btns` WRITE;
/*!40000 ALTER TABLE `sys_authority_btns` DISABLE KEYS */;
/*!40000 ALTER TABLE `sys_authority_btns` ENABLE KEYS */;
UNLOCK TABLES;

--
-- Table structure for table `sys_authority_menus`
--

DROP TABLE IF EXISTS `sys_authority_menus`;
/*!40101 SET @saved_cs_client     = @@character_set_client */;
/*!50503 SET character_set_client = utf8mb4 */;
CREATE TABLE `sys_authority_menus` (
  `sys_base_menu_id` bigint unsigned NOT NULL,
  `sys_authority_authority_id` bigint unsigned NOT NULL COMMENT '角色ID',
  PRIMARY KEY (`sys_base_menu_id`,`sys_authority_authority_id`)
) ENGINE=InnoDB DEFAULT CHARSET=utf8mb4 COLLATE=utf8mb4_general_ci;
/*!40101 SET character_set_client = @saved_cs_client */;

--
-- Dumping data for table `sys_authority_menus`
--

LOCK TABLES `sys_authority_menus` WRITE;
/*!40000 ALTER TABLE `sys_authority_menus` DISABLE KEYS */;
INSERT INTO `sys_authority_menus` VALUES (1,888),(1,8881),(1,9528),(3,888),(3,8881),(4,888),(4,8881),(4,9528),(5,888),(5,8881),(6,888),(6,8881),(7,888),(7,8881),(8,888),(8,8881),(8,9528),(9,888),(9,8881),(10,888),(10,8881),(11,888),(11,8881),(12,888),(12,8881),(13,888),(13,8881),(14,888),(15,888),(16,888),(17,888),(18,888),(19,888),(20,888),(21,888),(22,888),(23,888),(24,888),(25,888),(26,888),(26,8881),(27,888),(27,8881),(28,888),(28,8881),(29,888),(29,8881),(30,888),(30,8881),(31,888),(31,8881),(32,888),(32,8881),(33,888),(33,8881),(34,888),(34,8881),(35,888),(35,8881),(36,888),(36,8881),(37,888),(37,8881),(38,888),(38,8881),(39,888),(39,8881),(40,888),(41,888),(42,888),(43,888),(44,888),(45,888),(46,888),(47,888),(48,888),(49,888),(50,888),(51,888),(52,888),(53,888),(54,888),(55,888),(56,888),(57,888),(58,888),(59,888),(60,888),(61,888),(62,888);
/*!40000 ALTER TABLE `sys_authority_menus` ENABLE KEYS */;
UNLOCK TABLES;

--
-- Table structure for table `sys_auto_code_histories`
--

DROP TABLE IF EXISTS `sys_auto_code_histories`;
/*!40101 SET @saved_cs_client     = @@character_set_client */;
/*!50503 SET character_set_client = utf8mb4 */;
CREATE TABLE `sys_auto_code_histories` (
  `id` bigint unsigned NOT NULL AUTO_INCREMENT,
  `created_at` datetime(3) DEFAULT NULL,
  `updated_at` datetime(3) DEFAULT NULL,
  `deleted_at` datetime(3) DEFAULT NULL,
  `table_name` varchar(191) COLLATE utf8mb4_general_ci DEFAULT NULL COMMENT '表名',
  `package` varchar(191) COLLATE utf8mb4_general_ci DEFAULT NULL COMMENT '模块名/插件名',
  `request` text COLLATE utf8mb4_general_ci COMMENT '前端传入的结构化信息',
  `struct_name` varchar(191) COLLATE utf8mb4_general_ci DEFAULT NULL COMMENT '结构体名称',
  `abbreviation` varchar(191) COLLATE utf8mb4_general_ci DEFAULT NULL COMMENT '结构体名称缩写',
  `business_db` varchar(191) COLLATE utf8mb4_general_ci DEFAULT NULL COMMENT '业务库',
  `description` varchar(191) COLLATE utf8mb4_general_ci DEFAULT NULL COMMENT 'Struct中文名称',
  `templates` text COLLATE utf8mb4_general_ci COMMENT '模板信息',
  `Injections` text COLLATE utf8mb4_general_ci COMMENT '注入路径',
  `flag` bigint DEFAULT NULL COMMENT '[0:创建,1:回滚]',
  `api_ids` varchar(191) COLLATE utf8mb4_general_ci DEFAULT NULL COMMENT 'api表注册内容',
  `menu_id` bigint unsigned DEFAULT NULL COMMENT '菜单ID',
  `export_template_id` bigint unsigned DEFAULT NULL COMMENT '导出模板ID',
  `package_id` bigint unsigned DEFAULT NULL COMMENT '包ID',
  PRIMARY KEY (`id`),
  KEY `idx_sys_auto_code_histories_deleted_at` (`deleted_at`)
) ENGINE=InnoDB DEFAULT CHARSET=utf8mb4 COLLATE=utf8mb4_general_ci;
/*!40101 SET character_set_client = @saved_cs_client */;

--
-- Dumping data for table `sys_auto_code_histories`
--

LOCK TABLES `sys_auto_code_histories` WRITE;
/*!40000 ALTER TABLE `sys_auto_code_histories` DISABLE KEYS */;
/*!40000 ALTER TABLE `sys_auto_code_histories` ENABLE KEYS */;
UNLOCK TABLES;

--
-- Table structure for table `sys_auto_code_packages`
--

DROP TABLE IF EXISTS `sys_auto_code_packages`;
/*!40101 SET @saved_cs_client     = @@character_set_client */;
/*!50503 SET character_set_client = utf8mb4 */;
CREATE TABLE `sys_auto_code_packages` (
  `id` bigint unsigned NOT NULL AUTO_INCREMENT,
  `created_at` datetime(3) DEFAULT NULL,
  `updated_at` datetime(3) DEFAULT NULL,
  `deleted_at` datetime(3) DEFAULT NULL,
  `desc` varchar(191) COLLATE utf8mb4_general_ci DEFAULT NULL COMMENT '描述',
  `label` varchar(191) COLLATE utf8mb4_general_ci DEFAULT NULL COMMENT '展示名',
  `template` varchar(191) COLLATE utf8mb4_general_ci DEFAULT NULL COMMENT '模版',
  `package_name` varchar(191) COLLATE utf8mb4_general_ci DEFAULT NULL COMMENT '包名',
  `module` varchar(191) COLLATE utf8mb4_general_ci DEFAULT NULL,
  PRIMARY KEY (`id`),
  KEY `idx_sys_auto_code_packages_deleted_at` (`deleted_at`)
) ENGINE=InnoDB AUTO_INCREMENT=10 DEFAULT CHARSET=utf8mb4 COLLATE=utf8mb4_general_ci;
/*!40101 SET character_set_client = @saved_cs_client */;

--
-- Dumping data for table `sys_auto_code_packages`
--

LOCK TABLES `sys_auto_code_packages` WRITE;
/*!40000 ALTER TABLE `sys_auto_code_packages` DISABLE KEYS */;
INSERT INTO `sys_auto_code_packages` VALUES (1,'2026-04-15 11:41:15.724','2026-04-15 11:41:15.724',NULL,'系统自动读取example包','example包','package','example','github.com/flipped-aurora/gin-vue-admin/server'),(2,'2026-04-15 11:41:15.724','2026-04-15 11:41:15.724',NULL,'系统自动读取mall包','mall包','package','mall','github.com/flipped-aurora/gin-vue-admin/server'),(3,'2026-04-15 11:41:15.724','2026-04-15 11:41:15.724',NULL,'系统自动读取optometry包','optometry包','package','optometry','github.com/flipped-aurora/gin-vue-admin/server'),(4,'2026-04-15 11:41:15.724','2026-04-15 11:41:15.724',NULL,'系统自动读取store包','store包','package','store','github.com/flipped-aurora/gin-vue-admin/server'),(5,'2026-04-15 11:41:15.724','2026-04-15 11:41:15.724',NULL,'系统自动读取system包','system包','package','system','github.com/flipped-aurora/gin-vue-admin/server'),(6,'2026-04-15 11:41:15.724','2026-04-15 11:41:15.724',NULL,'系统自动读取wechat包','wechat包','package','wechat','github.com/flipped-aurora/gin-vue-admin/server'),(7,'2026-04-15 11:41:15.724','2026-04-15 11:41:15.724',NULL,'系统自动读取announcement插件，使用前请确认是否为v2版本插件','announcement插件','plugin','announcement','github.com/flipped-aurora/gin-vue-admin/server'),(8,'2026-04-15 11:41:15.724','2026-04-15 11:41:15.724',NULL,'系统自动读取，但是缺少 initialize、plugin 结构，不建议自动化和mcp使用','email插件','plugin','email','github.com/flipped-aurora/gin-vue-admin/server'),(9,'2026-04-15 11:41:15.724','2026-04-15 11:41:15.724',NULL,'系统自动读取，但是缺少 api、config、initialize、plugin、router、service 结构，不建议自动化和mcp使用','plugin-tool插件','plugin','plugin-tool','github.com/flipped-aurora/gin-vue-admin/server');
/*!40000 ALTER TABLE `sys_auto_code_packages` ENABLE KEYS */;
UNLOCK TABLES;

--
-- Table structure for table `sys_base_menu_btns`
--

DROP TABLE IF EXISTS `sys_base_menu_btns`;
/*!40101 SET @saved_cs_client     = @@character_set_client */;
/*!50503 SET character_set_client = utf8mb4 */;
CREATE TABLE `sys_base_menu_btns` (
  `id` bigint unsigned NOT NULL AUTO_INCREMENT,
  `created_at` datetime(3) DEFAULT NULL,
  `updated_at` datetime(3) DEFAULT NULL,
  `deleted_at` datetime(3) DEFAULT NULL,
  `name` varchar(191) COLLATE utf8mb4_general_ci DEFAULT NULL COMMENT '按钮关键key',
  `desc` varchar(191) COLLATE utf8mb4_general_ci DEFAULT NULL,
  `sys_base_menu_id` bigint unsigned DEFAULT NULL COMMENT '菜单ID',
  PRIMARY KEY (`id`),
  KEY `idx_sys_base_menu_btns_deleted_at` (`deleted_at`)
) ENGINE=InnoDB DEFAULT CHARSET=utf8mb4 COLLATE=utf8mb4_general_ci;
/*!40101 SET character_set_client = @saved_cs_client */;

--
-- Dumping data for table `sys_base_menu_btns`
--

LOCK TABLES `sys_base_menu_btns` WRITE;
/*!40000 ALTER TABLE `sys_base_menu_btns` DISABLE KEYS */;
/*!40000 ALTER TABLE `sys_base_menu_btns` ENABLE KEYS */;
UNLOCK TABLES;

--
-- Table structure for table `sys_base_menu_parameters`
--

DROP TABLE IF EXISTS `sys_base_menu_parameters`;
/*!40101 SET @saved_cs_client     = @@character_set_client */;
/*!50503 SET character_set_client = utf8mb4 */;
CREATE TABLE `sys_base_menu_parameters` (
  `id` bigint unsigned NOT NULL AUTO_INCREMENT,
  `created_at` datetime(3) DEFAULT NULL,
  `updated_at` datetime(3) DEFAULT NULL,
  `deleted_at` datetime(3) DEFAULT NULL,
  `sys_base_menu_id` bigint unsigned DEFAULT NULL,
  `type` varchar(191) COLLATE utf8mb4_general_ci DEFAULT NULL COMMENT '地址栏携带参数为params还是query',
  `key` varchar(191) COLLATE utf8mb4_general_ci DEFAULT NULL COMMENT '地址栏携带参数的key',
  `value` varchar(191) COLLATE utf8mb4_general_ci DEFAULT NULL COMMENT '地址栏携带参数的值',
  PRIMARY KEY (`id`),
  KEY `idx_sys_base_menu_parameters_deleted_at` (`deleted_at`)
) ENGINE=InnoDB DEFAULT CHARSET=utf8mb4 COLLATE=utf8mb4_general_ci;
/*!40101 SET character_set_client = @saved_cs_client */;

--
-- Dumping data for table `sys_base_menu_parameters`
--

LOCK TABLES `sys_base_menu_parameters` WRITE;
/*!40000 ALTER TABLE `sys_base_menu_parameters` DISABLE KEYS */;
/*!40000 ALTER TABLE `sys_base_menu_parameters` ENABLE KEYS */;
UNLOCK TABLES;

--
-- Table structure for table `sys_base_menus`
--

DROP TABLE IF EXISTS `sys_base_menus`;
/*!40101 SET @saved_cs_client     = @@character_set_client */;
/*!50503 SET character_set_client = utf8mb4 */;
CREATE TABLE `sys_base_menus` (
  `id` bigint unsigned NOT NULL AUTO_INCREMENT,
  `created_at` datetime(3) DEFAULT NULL,
  `updated_at` datetime(3) DEFAULT NULL,
  `deleted_at` datetime(3) DEFAULT NULL,
  `menu_level` bigint unsigned DEFAULT NULL,
  `parent_id` bigint unsigned DEFAULT NULL COMMENT '父菜单ID',
  `path` varchar(191) COLLATE utf8mb4_general_ci DEFAULT NULL COMMENT '路由path',
  `name` varchar(191) COLLATE utf8mb4_general_ci DEFAULT NULL COMMENT '路由name',
  `hidden` tinyint(1) DEFAULT NULL COMMENT '是否在列表隐藏',
  `component` varchar(191) COLLATE utf8mb4_general_ci DEFAULT NULL COMMENT '对应前端文件路径',
  `sort` bigint DEFAULT NULL COMMENT '排序标记',
  `active_name` varchar(191) COLLATE utf8mb4_general_ci DEFAULT NULL COMMENT '高亮菜单',
  `keep_alive` tinyint(1) DEFAULT NULL COMMENT '是否缓存',
  `default_menu` tinyint(1) DEFAULT NULL COMMENT '是否是基础路由（开发中）',
  `title` varchar(191) COLLATE utf8mb4_general_ci DEFAULT NULL COMMENT '菜单名',
  `icon` varchar(191) COLLATE utf8mb4_general_ci DEFAULT NULL COMMENT '菜单图标',
  `close_tab` tinyint(1) DEFAULT NULL COMMENT '自动关闭tab',
  `transition_type` varchar(191) COLLATE utf8mb4_general_ci DEFAULT NULL COMMENT '路由切换动画',
  PRIMARY KEY (`id`),
  KEY `idx_sys_base_menus_deleted_at` (`deleted_at`)
) ENGINE=InnoDB AUTO_INCREMENT=63 DEFAULT CHARSET=utf8mb4 COLLATE=utf8mb4_general_ci;
/*!40101 SET character_set_client = @saved_cs_client */;

--
-- Dumping data for table `sys_base_menus`
--

LOCK TABLES `sys_base_menus` WRITE;
/*!40000 ALTER TABLE `sys_base_menus` DISABLE KEYS */;
INSERT INTO `sys_base_menus` VALUES (1,'2026-04-15 11:36:52.157','2026-04-15 11:36:52.157',NULL,0,0,'dashboard','dashboard',0,'view/dashboard/index.vue',1,'',0,0,'仪表盘','odometer',0,''),(3,'2026-04-15 11:36:52.157','2026-04-15 11:36:52.157',NULL,0,0,'admin','superAdmin',0,'view/superAdmin/index.vue',3,'',0,0,'超级管理员','user',0,''),(4,'2026-04-15 11:36:52.157','2026-04-15 11:36:52.157',NULL,0,0,'person','person',1,'view/person/person.vue',4,'',0,0,'个人信息','message',0,''),(5,'2026-04-15 11:36:52.157','2026-04-15 11:36:52.157',NULL,0,0,'example','example',0,'view/example/index.vue',7,'',0,0,'示例文件','management',0,''),(6,'2026-04-15 11:36:52.157','2026-04-15 11:36:52.157',NULL,0,0,'systemTools','systemTools',0,'view/systemTools/index.vue',5,'',0,0,'编程辅助','tools',0,''),(7,'2026-04-15 11:36:52.157','2026-04-15 11:36:52.157',NULL,0,0,'https://www.gin-vue-admin.com','https://www.gin-vue-admin.com',0,'/',0,'',0,0,'官方网站','customer-gva',0,''),(8,'2026-04-15 11:36:52.157','2026-04-15 11:36:52.157',NULL,0,0,'state','state',0,'view/system/state.vue',8,'',0,0,'服务器状态','cloudy',0,''),(9,'2026-04-15 11:36:52.157','2026-04-15 11:36:52.157',NULL,0,0,'plugin','plugin',0,'view/routerHolder.vue',6,'',0,0,'插件系统','cherry',0,''),(10,'2026-04-15 11:36:52.157','2026-04-15 11:36:52.157',NULL,0,0,'store','store',0,'view/routerHolder.vue',10,'',0,0,'门店管理','office-building',0,''),(11,'2026-04-15 11:36:52.157','2026-04-15 11:36:52.157',NULL,0,0,'optometry','optometry',0,'view/routerHolder.vue',11,'',0,0,'验光管理','view',0,''),(12,'2026-04-15 11:36:52.157','2026-04-15 11:36:52.157',NULL,0,0,'mall','mall',0,'view/routerHolder.vue',12,'',0,0,'商城管理','shopping-cart',0,''),(14,'2026-04-15 11:36:52.158','2026-04-15 11:36:52.158',NULL,1,3,'authority','authority',0,'view/superAdmin/authority/authority.vue',1,'',0,0,'角色管理','avatar',0,''),(15,'2026-04-15 11:36:52.158','2026-04-15 11:36:52.158',NULL,1,3,'menu','menu',0,'view/superAdmin/menu/menu.vue',2,'',1,0,'菜单管理','tickets',0,''),(16,'2026-04-15 11:36:52.158','2026-04-15 11:36:52.158',NULL,1,3,'api','api',0,'view/superAdmin/api/api.vue',3,'',1,0,'api管理','platform',0,''),(17,'2026-04-15 11:36:52.158','2026-04-15 11:36:52.158',NULL,1,3,'user','user',0,'view/superAdmin/user/user.vue',4,'',0,0,'用户管理','coordinate',0,''),(18,'2026-04-15 11:36:52.158','2026-04-15 11:36:52.158',NULL,1,3,'dictionary','dictionary',0,'view/superAdmin/dictionary/sysDictionary.vue',5,'',0,0,'字典管理','notebook',0,''),(19,'2026-04-15 11:36:52.158','2026-04-15 11:36:52.158',NULL,1,3,'operation','operation',0,'view/superAdmin/operation/sysOperationRecord.vue',6,'',0,0,'操作历史','pie-chart',0,''),(20,'2026-04-15 11:36:52.158','2026-04-15 11:36:52.158',NULL,1,3,'sysParams','sysParams',0,'view/superAdmin/params/sysParams.vue',7,'',0,0,'参数管理','compass',0,''),(21,'2026-04-15 11:36:52.158','2026-04-15 11:36:52.158',NULL,1,3,'system','system',0,'view/systemTools/system/system.vue',8,'',0,0,'系统配置','operation',0,''),(22,'2026-04-15 11:36:52.158','2026-04-15 11:36:52.158',NULL,1,3,'apiToken','apiToken',0,'view/systemTools/apiToken/index.vue',9,'',0,0,'API Token','key',0,''),(23,'2026-04-15 11:36:52.158','2026-04-15 11:36:52.158',NULL,1,3,'loginLog','loginLog',0,'view/systemTools/loginLog/index.vue',10,'',0,0,'登录日志','monitor',0,''),(24,'2026-04-15 11:36:52.158','2026-04-15 11:36:52.158',NULL,1,3,'sysVersion','sysVersion',0,'view/systemTools/version/version.vue',11,'',0,0,'版本管理','server',0,''),(25,'2026-04-15 11:36:52.158','2026-04-15 11:36:52.158',NULL,1,3,'sysError','sysError',0,'view/systemTools/sysError/sysError.vue',12,'',0,0,'错误日志','warn',0,''),(26,'2026-04-15 11:36:52.158','2026-04-15 11:36:52.158',NULL,1,5,'upload','upload',0,'view/example/upload/upload.vue',5,'',0,0,'媒体库（上传下载）','upload',0,''),(27,'2026-04-15 11:36:52.158','2026-04-15 11:36:52.158',NULL,1,5,'breakpoint','breakpoint',0,'view/example/breakpoint/breakpoint.vue',6,'',0,0,'断点续传','upload-filled',0,''),(28,'2026-04-15 11:36:52.158','2026-04-15 11:36:52.158',NULL,1,5,'customer','customer',0,'view/example/customer/customer.vue',7,'',0,0,'客户列表（资源示例）','avatar',0,''),(29,'2026-04-15 11:36:52.158','2026-04-15 11:36:52.158',NULL,1,6,'autoPkg','autoPkg',0,'view/systemTools/autoPkg/autoPkg.vue',0,'',0,0,'模板配置','folder',0,''),(30,'2026-04-15 11:36:52.158','2026-04-15 11:36:52.158',NULL,1,6,'autoCode','autoCode',0,'view/systemTools/autoCode/index.vue',1,'',1,0,'代码生成器','cpu',0,''),(31,'2026-04-15 11:36:52.158','2026-04-15 11:36:52.158',NULL,1,6,'autoCodeAdmin','autoCodeAdmin',0,'view/systemTools/autoCodeAdmin/index.vue',2,'',0,0,'自动化代码管理','magic-stick',0,''),(32,'2026-04-15 11:36:52.158','2026-04-15 11:36:52.158',NULL,1,6,'formCreate','formCreate',0,'view/systemTools/formCreate/index.vue',3,'',1,0,'表单生成器','magic-stick',0,''),(33,'2026-04-15 11:36:52.158','2026-04-15 11:36:52.158',NULL,1,6,'aiWorkflow','aiWorkflow',0,'view/systemTools/aiWrokflow/index.vue',4,'',1,0,'AI需求工作流','magic-stick',0,''),(34,'2026-04-15 11:36:52.158','2026-04-15 11:36:52.158',NULL,1,6,'autoCodeEdit/:id','autoCodeEdit',1,'view/systemTools/autoCode/index.vue',0,'',0,0,'自动化代码-${id}','magic-stick',0,''),(35,'2026-04-15 11:36:52.158','2026-04-15 11:36:52.158',NULL,1,6,'exportTemplate','exportTemplate',0,'view/systemTools/exportTemplate/exportTemplate.vue',5,'',0,0,'导出模板','reading',0,''),(36,'2026-04-15 11:36:52.158','2026-04-15 11:36:52.158',NULL,1,6,'mcpTest','mcpTest',0,'view/systemTools/autoCode/mcpTest.vue',6,'',0,0,'Mcp Tools管理','partly-cloudy',0,''),(37,'2026-04-15 11:36:52.158','2026-04-15 11:36:52.158',NULL,1,6,'mcpTool','mcpTool',0,'view/systemTools/autoCode/mcp.vue',7,'',0,0,'Mcp Tools模板','magnet',0,''),(38,'2026-04-15 11:36:52.158','2026-04-15 11:36:52.158',NULL,1,6,'skills','skills',0,'view/systemTools/skills/index.vue',8,'',0,0,'Skills管理','document',0,''),(39,'2026-04-15 11:36:52.158','2026-04-15 11:36:52.158',NULL,1,6,'picture','picture',0,'view/systemTools/autoCode/picture.vue',9,'',0,0,'AI页面绘制','picture-filled',0,''),(40,'2026-04-15 11:36:52.158','2026-04-15 11:36:52.158',NULL,1,9,'https://plugin.gin-vue-admin.com/','https://plugin.gin-vue-admin.com/',0,'https://plugin.gin-vue-admin.com/',0,'',0,0,'插件市场','shop',0,''),(41,'2026-04-15 11:36:52.158','2026-04-15 11:36:52.158',NULL,1,9,'installPlugin','installPlugin',0,'view/systemTools/installPlugin/index.vue',1,'',0,0,'插件安装','box',0,''),(42,'2026-04-15 11:36:52.158','2026-04-15 11:36:52.158',NULL,1,9,'pubPlug','pubPlug',0,'view/systemTools/pubPlug/pubPlug.vue',3,'',0,0,'打包插件','files',0,''),(43,'2026-04-15 11:36:52.158','2026-04-15 11:36:52.158',NULL,1,9,'plugin-email','plugin-email',0,'plugin/email/view/index.vue',4,'',0,0,'邮件插件','message',0,''),(44,'2026-04-15 11:36:52.158','2026-04-15 11:36:52.158',NULL,1,9,'anInfo','anInfo',0,'plugin/announcement/view/info.vue',5,'',0,0,'公告管理[示例]','scaleToOriginal',0,''),(45,'2026-04-15 11:36:52.158','2026-04-15 11:36:52.158',NULL,1,10,'storeManager','storeManager',0,'view/store/storeManager.vue',1,'',0,0,'门店信息','office-building',0,''),(46,'2026-04-15 11:36:52.158','2026-04-15 11:36:52.158',NULL,1,10,'storeMember','storeMember',0,'view/store/storeMember.vue',2,'',0,0,'门店成员','avatar',0,''),(47,'2026-04-15 11:36:52.158','2026-04-15 11:36:52.158',NULL,1,10,'storeUser','storeUser',0,'view/store/mxUser.vue',3,'',0,0,'用户管理','coordinate',0,''),(48,'2026-04-15 11:36:52.158','2026-04-16 10:10:26.639',NULL,1,10,'activation','activation',0,'view/store/activation.vue',4,'',0,0,'设备管理','key',0,''),(49,'2026-04-15 11:36:52.158','2026-04-16 10:11:13.942',NULL,1,10,'packages','packages',0,'view/store/packages.vue',5,'',0,0,'安装包管理','goods',0,''),(50,'2026-04-15 11:36:52.158','2026-04-15 11:36:52.158',NULL,1,11,'optometryRecords','optometryRecords',0,'view/optometry/records.vue',1,'',0,0,'验光记录','document',0,''),(53,'2026-04-15 11:36:52.158','2026-04-15 11:36:52.158',NULL,1,12,'goodsCategory','goodsCategory',0,'view/mall/category.vue',1,'',0,0,'商品分类','grid',0,''),(54,'2026-04-15 11:36:52.158','2026-04-15 11:36:52.158',NULL,1,12,'goodsSpu','goodsSpu',0,'view/mall/spu.vue',2,'',0,0,'商品管理','goods',0,''),(55,'2026-04-15 11:36:52.158','2026-04-15 11:36:52.158',NULL,1,12,'mallOrder','mallOrder',0,'view/mall/order.vue',3,'',0,0,'订单管理','list',0,''),(58,'2026-04-15 11:36:52.158','2026-04-15 11:36:52.158',NULL,1,12,'doorLock','doorLock',0,'view/mall/doorLock.vue',6,'',0,0,'门锁管理','lock',0,'');
/*!40000 ALTER TABLE `sys_base_menus` ENABLE KEYS */;
UNLOCK TABLES;

--
-- Table structure for table `sys_config`
--

DROP TABLE IF EXISTS `sys_config`;
/*!40101 SET @saved_cs_client     = @@character_set_client */;
/*!50503 SET character_set_client = utf8mb4 */;
CREATE TABLE `sys_config` (
  `config_id` int NOT NULL AUTO_INCREMENT COMMENT '参数主键',
  `config_name` varchar(100) DEFAULT '' COMMENT '参数名称',
  `config_key` varchar(100) DEFAULT '' COMMENT '参数键名',
  `config_value` varchar(500) DEFAULT '' COMMENT '参数键值',
  `config_type` char(1) DEFAULT 'N' COMMENT '系统内置（Y是 N否）',
  `create_by` varchar(64) DEFAULT '' COMMENT '创建者',
  `create_time` datetime DEFAULT NULL COMMENT '创建时间',
  `update_by` varchar(64) DEFAULT '' COMMENT '更新者',
  `update_time` datetime DEFAULT NULL COMMENT '更新时间',
  `remark` varchar(500) DEFAULT NULL COMMENT '备注',
  PRIMARY KEY (`config_id`) USING BTREE
) ENGINE=InnoDB AUTO_INCREMENT=7 DEFAULT CHARSET=utf8mb3 ROW_FORMAT=DYNAMIC COMMENT='参数配置表';
/*!40101 SET character_set_client = @saved_cs_client */;

--
-- Dumping data for table `sys_config`
--

LOCK TABLES `sys_config` WRITE;
/*!40000 ALTER TABLE `sys_config` DISABLE KEYS */;
INSERT INTO `sys_config` VALUES (1,'主框架页-默认皮肤样式名称','sys.index.skinName','skin-blue','Y','admin','2023-10-26 10:27:23','',NULL,'蓝色 skin-blue、绿色 skin-green、紫色 skin-purple、红色 skin-red、黄色 skin-yellow'),(2,'用户管理-账号初始密码','sys.user.initPassword','123456','Y','admin','2023-10-26 10:27:23','',NULL,'初始化密码 123456'),(3,'主框架页-侧边栏主题','sys.index.sideTheme','theme-dark','Y','admin','2023-10-26 10:27:23','',NULL,'深色主题theme-dark，浅色主题theme-light'),(4,'账号自助-验证码开关','sys.account.captchaEnabled','true','Y','admin','2023-10-26 10:27:24','',NULL,'是否开启验证码功能（true开启，false关闭）'),(5,'账号自助-是否开启用户注册功能','sys.account.registerUser','false','Y','admin','2023-10-26 10:27:24','',NULL,'是否开启注册用户功能（true开启，false关闭）'),(6,'用户登录-黑名单列表','sys.login.blackIPList','','Y','admin','2023-10-26 10:27:24','',NULL,'设置登录IP黑名单限制，多个匹配项以;分隔，支持匹配（*通配、网段）');
/*!40000 ALTER TABLE `sys_config` ENABLE KEYS */;
UNLOCK TABLES;

--
-- Table structure for table `sys_data_authority_id`
--

DROP TABLE IF EXISTS `sys_data_authority_id`;
/*!40101 SET @saved_cs_client     = @@character_set_client */;
/*!50503 SET character_set_client = utf8mb4 */;
CREATE TABLE `sys_data_authority_id` (
  `sys_authority_authority_id` bigint unsigned NOT NULL COMMENT '角色ID',
  `data_authority_id_authority_id` bigint unsigned NOT NULL COMMENT '角色ID',
  PRIMARY KEY (`sys_authority_authority_id`,`data_authority_id_authority_id`)
) ENGINE=InnoDB DEFAULT CHARSET=utf8mb4 COLLATE=utf8mb4_general_ci;
/*!40101 SET character_set_client = @saved_cs_client */;

--
-- Dumping data for table `sys_data_authority_id`
--

LOCK TABLES `sys_data_authority_id` WRITE;
/*!40000 ALTER TABLE `sys_data_authority_id` DISABLE KEYS */;
INSERT INTO `sys_data_authority_id` VALUES (888,888),(888,8881),(888,9528),(9528,8881),(9528,9528);
/*!40000 ALTER TABLE `sys_data_authority_id` ENABLE KEYS */;
UNLOCK TABLES;

--
-- Table structure for table `sys_dept`
--

DROP TABLE IF EXISTS `sys_dept`;
/*!40101 SET @saved_cs_client     = @@character_set_client */;
/*!50503 SET character_set_client = utf8mb4 */;
CREATE TABLE `sys_dept` (
  `dept_id` bigint NOT NULL AUTO_INCREMENT COMMENT '部门id',
  `parent_id` bigint DEFAULT '0' COMMENT '父部门id',
  `ancestors` varchar(50) DEFAULT '' COMMENT '祖级列表',
  `dept_name` varchar(30) DEFAULT '' COMMENT '部门名称',
  `order_num` int DEFAULT '0' COMMENT '显示顺序',
  `leader` varchar(20) DEFAULT NULL COMMENT '负责人',
  `phone` varchar(11) DEFAULT NULL COMMENT '联系电话',
  `email` varchar(50) DEFAULT NULL COMMENT '邮箱',
  `status` char(1) DEFAULT '0' COMMENT '部门状态（0正常 1停用）',
  `del_flag` char(1) DEFAULT '0' COMMENT '删除标志（0代表存在 2代表删除）',
  `create_by` varchar(64) DEFAULT '' COMMENT '创建者',
  `create_time` datetime DEFAULT NULL COMMENT '创建时间',
  `update_by` varchar(64) DEFAULT '' COMMENT '更新者',
  `update_time` datetime DEFAULT NULL COMMENT '更新时间',
  PRIMARY KEY (`dept_id`) USING BTREE
) ENGINE=InnoDB AUTO_INCREMENT=111 DEFAULT CHARSET=utf8mb3 ROW_FORMAT=DYNAMIC COMMENT='部门表';
/*!40101 SET character_set_client = @saved_cs_client */;

--
-- Dumping data for table `sys_dept`
--

LOCK TABLES `sys_dept` WRITE;
/*!40000 ALTER TABLE `sys_dept` DISABLE KEYS */;
INSERT INTO `sys_dept` VALUES (100,0,'0','希铭光学',0,'若依','15888888888','ry@qq.com','0','0','admin','2023-10-26 10:26:59','admin','2024-08-12 15:01:55'),(101,100,'0,100','希铭光学（苏州）',1,'若依','15888888888','ry@qq.com','0','0','admin','2023-10-26 10:26:59','admin','2024-08-12 15:01:47'),(102,100,'0,100','长沙分公司',2,'若依','15888888888','ry@qq.com','0','2','admin','2023-10-26 10:26:59','',NULL),(103,101,'0,100,101','研发部门',1,'若依','15888888888','ry@qq.com','0','0','admin','2023-10-26 10:27:00','',NULL),(104,101,'0,100,101','市场部门',2,'若依','15888888888','ry@qq.com','0','0','admin','2023-10-26 10:27:00','',NULL),(105,101,'0,100,101','测试部门',3,'若依','15888888888','ry@qq.com','0','0','admin','2023-10-26 10:27:00','',NULL),(106,101,'0,100,101','财务部门',4,'若依','15888888888','ry@qq.com','0','0','admin','2023-10-26 10:27:00','',NULL),(107,101,'0,100,101','运维部门',5,'若依','15888888888','ry@qq.com','0','2','admin','2023-10-26 10:27:00','',NULL),(108,102,'0,100,102','市场部门',1,'若依','15888888888','ry@qq.com','0','2','admin','2023-10-26 10:27:00','',NULL),(109,102,'0,100,102','财务部门',2,'若依','15888888888','ry@qq.com','0','2','admin','2023-10-26 10:27:00','',NULL),(110,0,'0','门店店长',0,'若依','15888888888',NULL,'0','0','',NULL,'',NULL);
/*!40000 ALTER TABLE `sys_dept` ENABLE KEYS */;
UNLOCK TABLES;

--
-- Table structure for table `sys_dict_data`
--

DROP TABLE IF EXISTS `sys_dict_data`;
/*!40101 SET @saved_cs_client     = @@character_set_client */;
/*!50503 SET character_set_client = utf8mb4 */;
CREATE TABLE `sys_dict_data` (
  `dict_code` bigint NOT NULL AUTO_INCREMENT COMMENT '字典编码',
  `dict_sort` int DEFAULT '0' COMMENT '字典排序',
  `dict_label` varchar(100) DEFAULT '' COMMENT '字典标签',
  `dict_value` varchar(100) DEFAULT '' COMMENT '字典键值',
  `dict_type` varchar(100) DEFAULT '' COMMENT '字典类型',
  `css_class` varchar(100) DEFAULT NULL COMMENT '样式属性（其他样式扩展）',
  `list_class` varchar(100) DEFAULT NULL COMMENT '表格回显样式',
  `is_default` char(1) DEFAULT 'N' COMMENT '是否默认（Y是 N否）',
  `status` char(1) DEFAULT '0' COMMENT '状态（0正常 1停用）',
  `create_by` varchar(64) DEFAULT '' COMMENT '创建者',
  `create_time` datetime DEFAULT NULL COMMENT '创建时间',
  `update_by` varchar(64) DEFAULT '' COMMENT '更新者',
  `update_time` datetime DEFAULT NULL COMMENT '更新时间',
  `remark` varchar(500) DEFAULT NULL COMMENT '备注',
  PRIMARY KEY (`dict_code`) USING BTREE
) ENGINE=InnoDB AUTO_INCREMENT=109 DEFAULT CHARSET=utf8mb3 ROW_FORMAT=DYNAMIC COMMENT='字典数据表';
/*!40101 SET character_set_client = @saved_cs_client */;

--
-- Dumping data for table `sys_dict_data`
--

LOCK TABLES `sys_dict_data` WRITE;
/*!40000 ALTER TABLE `sys_dict_data` DISABLE KEYS */;
INSERT INTO `sys_dict_data` VALUES (1,1,'男','0','sys_user_sex','','','Y','0','admin','2023-10-26 10:27:21','',NULL,'性别男'),(2,2,'女','1','sys_user_sex','','','N','0','admin','2023-10-26 10:27:21','',NULL,'性别女'),(3,3,'未知','2','sys_user_sex','','','N','0','admin','2023-10-26 10:27:21','',NULL,'性别未知'),(4,1,'显示','0','sys_show_hide','','primary','Y','0','admin','2023-10-26 10:27:21','',NULL,'显示菜单'),(5,2,'隐藏','1','sys_show_hide','','danger','N','0','admin','2023-10-26 10:27:21','',NULL,'隐藏菜单'),(6,1,'正常','0','sys_normal_disable','','primary','Y','0','admin','2023-10-26 10:27:21','',NULL,'正常状态'),(7,2,'停用','1','sys_normal_disable','','danger','N','0','admin','2023-10-26 10:27:21','',NULL,'停用状态'),(8,1,'正常','0','sys_job_status','','primary','Y','0','admin','2023-10-26 10:27:21','',NULL,'正常状态'),(9,2,'暂停','1','sys_job_status','','danger','N','0','admin','2023-10-26 10:27:21','',NULL,'停用状态'),(10,1,'默认','DEFAULT','sys_job_group','','','Y','0','admin','2023-10-26 10:27:22','',NULL,'默认分组'),(11,2,'系统','SYSTEM','sys_job_group','','','N','0','admin','2023-10-26 10:27:22','',NULL,'系统分组'),(12,1,'是','Y','sys_yes_no','','primary','Y','0','admin','2023-10-26 10:27:22','',NULL,'系统默认是'),(13,2,'否','N','sys_yes_no','','danger','N','0','admin','2023-10-26 10:27:22','',NULL,'系统默认否'),(14,1,'通知','1','sys_notice_type','','warning','Y','0','admin','2023-10-26 10:27:22','',NULL,'通知'),(15,2,'公告','2','sys_notice_type','','success','N','0','admin','2023-10-26 10:27:22','',NULL,'公告'),(16,1,'正常','0','sys_notice_status','','primary','Y','0','admin','2023-10-26 10:27:22','',NULL,'正常状态'),(17,2,'关闭','1','sys_notice_status','','danger','N','0','admin','2023-10-26 10:27:22','',NULL,'关闭状态'),(18,99,'其他','0','sys_oper_type','','info','N','0','admin','2023-10-26 10:27:22','',NULL,'其他操作'),(19,1,'新增','1','sys_oper_type','','info','N','0','admin','2023-10-26 10:27:22','',NULL,'新增操作'),(20,2,'修改','2','sys_oper_type','','info','N','0','admin','2023-10-26 10:27:22','',NULL,'修改操作'),(21,3,'删除','3','sys_oper_type','','danger','N','0','admin','2023-10-26 10:27:22','',NULL,'删除操作'),(22,4,'授权','4','sys_oper_type','','primary','N','0','admin','2023-10-26 10:27:22','',NULL,'授权操作'),(23,5,'导出','5','sys_oper_type','','warning','N','0','admin','2023-10-26 10:27:23','',NULL,'导出操作'),(24,6,'导入','6','sys_oper_type','','warning','N','0','admin','2023-10-26 10:27:23','',NULL,'导入操作'),(25,7,'强退','7','sys_oper_type','','danger','N','0','admin','2023-10-26 10:27:23','',NULL,'强退操作'),(26,8,'生成代码','8','sys_oper_type','','warning','N','0','admin','2023-10-26 10:27:23','',NULL,'生成操作'),(27,9,'清空数据','9','sys_oper_type','','danger','N','0','admin','2023-10-26 10:27:23','',NULL,'清空操作'),(28,1,'成功','0','sys_common_status','','primary','N','0','admin','2023-10-26 10:27:23','',NULL,'正常状态'),(29,2,'失败','1','sys_common_status','','danger','N','0','admin','2023-10-26 10:27:23','',NULL,'停用状态'),(100,1,'男','1','sys_gender_type',NULL,'default','N','0','admin','2024-08-05 16:58:20','admin','2024-08-05 17:01:31','性别 1:男性 0:女性'),(101,2,'女','0','sys_gender_type',NULL,'default','N','0','admin','2024-08-05 16:58:37','admin','2024-08-05 17:01:57','性别 1:男性 0:女性'),(102,0,'是','1','sys_is_delete',NULL,'default','N','0','admin','2024-08-05 17:02:12','admin','2024-08-05 17:02:28','0否1是'),(103,0,'否','0','sys_is_delete',NULL,'default','N','0','admin','2024-08-05 17:02:20','admin','2024-08-05 17:02:31','0否1是'),(104,1,'店长','1','sys_post',NULL,'default','N','0','admin','2024-08-09 09:13:05','',NULL,NULL),(105,2,'验光师','2','sys_post',NULL,'default','N','0','admin','2024-08-09 09:13:12','',NULL,NULL),(106,3,'顾客','3','sys_post',NULL,'default','N','0','admin','2024-08-09 09:13:19','',NULL,NULL),(107,0,'左眼','0','sys_left_right',NULL,'default','N','0','admin','2024-08-12 16:28:46','admin','2024-08-12 16:41:25',NULL),(108,1,'右眼','1','sys_left_right',NULL,'default','N','0','admin','2024-08-12 16:28:55','admin','2024-08-12 16:41:29',NULL);
/*!40000 ALTER TABLE `sys_dict_data` ENABLE KEYS */;
UNLOCK TABLES;

--
-- Table structure for table `sys_dict_type`
--

DROP TABLE IF EXISTS `sys_dict_type`;
/*!40101 SET @saved_cs_client     = @@character_set_client */;
/*!50503 SET character_set_client = utf8mb4 */;
CREATE TABLE `sys_dict_type` (
  `dict_id` bigint NOT NULL AUTO_INCREMENT COMMENT '字典主键',
  `dict_name` varchar(100) DEFAULT '' COMMENT '字典名称',
  `dict_type` varchar(100) DEFAULT '' COMMENT '字典类型',
  `status` char(1) DEFAULT '0' COMMENT '状态（0正常 1停用）',
  `create_by` varchar(64) DEFAULT '' COMMENT '创建者',
  `create_time` datetime DEFAULT NULL COMMENT '创建时间',
  `update_by` varchar(64) DEFAULT '' COMMENT '更新者',
  `update_time` datetime DEFAULT NULL COMMENT '更新时间',
  `remark` varchar(500) DEFAULT NULL COMMENT '备注',
  PRIMARY KEY (`dict_id`) USING BTREE,
  UNIQUE KEY `dict_type` (`dict_type`) USING BTREE
) ENGINE=InnoDB AUTO_INCREMENT=104 DEFAULT CHARSET=utf8mb3 ROW_FORMAT=DYNAMIC COMMENT='字典类型表';
/*!40101 SET character_set_client = @saved_cs_client */;

--
-- Dumping data for table `sys_dict_type`
--

LOCK TABLES `sys_dict_type` WRITE;
/*!40000 ALTER TABLE `sys_dict_type` DISABLE KEYS */;
INSERT INTO `sys_dict_type` VALUES (1,'用户性别','sys_user_sex','0','admin','2023-10-26 10:27:20','',NULL,'用户性别列表'),(2,'菜单状态','sys_show_hide','0','admin','2023-10-26 10:27:20','',NULL,'菜单状态列表'),(3,'系统开关','sys_normal_disable','0','admin','2023-10-26 10:27:20','',NULL,'系统开关列表'),(4,'任务状态','sys_job_status','0','admin','2023-10-26 10:27:20','',NULL,'任务状态列表'),(5,'任务分组','sys_job_group','0','admin','2023-10-26 10:27:20','',NULL,'任务分组列表'),(6,'系统是否','sys_yes_no','0','admin','2023-10-26 10:27:20','',NULL,'系统是否列表'),(7,'通知类型','sys_notice_type','0','admin','2023-10-26 10:27:20','',NULL,'通知类型列表'),(8,'通知状态','sys_notice_status','0','admin','2023-10-26 10:27:20','',NULL,'通知状态列表'),(9,'操作类型','sys_oper_type','0','admin','2023-10-26 10:27:20','',NULL,'操作类型列表'),(10,'系统状态','sys_common_status','0','admin','2023-10-26 10:27:20','',NULL,'登录状态列表'),(100,'性别','sys_gender_type','0','admin','2024-08-05 16:57:25','admin','2024-08-05 16:59:26','性别 1:男性 0:女性'),(101,'逻辑删','sys_is_delete','0','admin','2024-08-05 17:00:20','',NULL,'0否1是'),(102,'职位','sys_post','0','admin','2024-08-09 09:12:44','',NULL,'1店长2验光师3顾客'),(103,'左右眼','sys_left_right','0','admin','2024-08-12 16:28:26','admin','2024-08-12 16:41:16','0左1右');
/*!40000 ALTER TABLE `sys_dict_type` ENABLE KEYS */;
UNLOCK TABLES;

--
-- Table structure for table `sys_dictionaries`
--

DROP TABLE IF EXISTS `sys_dictionaries`;
/*!40101 SET @saved_cs_client     = @@character_set_client */;
/*!50503 SET character_set_client = utf8mb4 */;
CREATE TABLE `sys_dictionaries` (
  `id` bigint unsigned NOT NULL AUTO_INCREMENT,
  `created_at` datetime(3) DEFAULT NULL,
  `updated_at` datetime(3) DEFAULT NULL,
  `deleted_at` datetime(3) DEFAULT NULL,
  `name` varchar(191) COLLATE utf8mb4_general_ci DEFAULT NULL COMMENT '字典名（中）',
  `type` varchar(191) COLLATE utf8mb4_general_ci DEFAULT NULL COMMENT '字典名（英）',
  `status` tinyint(1) DEFAULT NULL COMMENT '状态',
  `desc` varchar(191) COLLATE utf8mb4_general_ci DEFAULT NULL COMMENT '描述',
  `parent_id` bigint unsigned DEFAULT NULL COMMENT '父级字典ID',
  PRIMARY KEY (`id`),
  KEY `idx_sys_dictionaries_deleted_at` (`deleted_at`)
) ENGINE=InnoDB AUTO_INCREMENT=7 DEFAULT CHARSET=utf8mb4 COLLATE=utf8mb4_general_ci;
/*!40101 SET character_set_client = @saved_cs_client */;

--
-- Dumping data for table `sys_dictionaries`
--

LOCK TABLES `sys_dictionaries` WRITE;
/*!40000 ALTER TABLE `sys_dictionaries` DISABLE KEYS */;
INSERT INTO `sys_dictionaries` VALUES (1,'2026-04-15 11:36:52.151','2026-04-15 11:36:52.152',NULL,'性别','gender',1,'性别字典',NULL),(2,'2026-04-15 11:36:52.151','2026-04-15 11:36:52.153',NULL,'数据库int类型','int',1,'int类型对应的数据库类型',NULL),(3,'2026-04-15 11:36:52.151','2026-04-15 11:36:52.154',NULL,'数据库时间日期类型','time.Time',1,'数据库时间日期类型',NULL),(4,'2026-04-15 11:36:52.151','2026-04-15 11:36:52.155',NULL,'数据库浮点型','float64',1,'数据库浮点型',NULL),(5,'2026-04-15 11:36:52.151','2026-04-15 11:36:52.155',NULL,'数据库字符串','string',1,'数据库字符串',NULL),(6,'2026-04-15 11:36:52.151','2026-04-15 11:36:52.156',NULL,'数据库bool类型','bool',1,'数据库bool类型',NULL);
/*!40000 ALTER TABLE `sys_dictionaries` ENABLE KEYS */;
UNLOCK TABLES;

--
-- Table structure for table `sys_dictionary_details`
--

DROP TABLE IF EXISTS `sys_dictionary_details`;
/*!40101 SET @saved_cs_client     = @@character_set_client */;
/*!50503 SET character_set_client = utf8mb4 */;
CREATE TABLE `sys_dictionary_details` (
  `id` bigint unsigned NOT NULL AUTO_INCREMENT,
  `created_at` datetime(3) DEFAULT NULL,
  `updated_at` datetime(3) DEFAULT NULL,
  `deleted_at` datetime(3) DEFAULT NULL,
  `label` varchar(191) COLLATE utf8mb4_general_ci DEFAULT NULL COMMENT '展示值',
  `value` varchar(191) COLLATE utf8mb4_general_ci DEFAULT NULL COMMENT '字典值',
  `extend` varchar(191) COLLATE utf8mb4_general_ci DEFAULT NULL COMMENT '扩展值',
  `status` tinyint(1) DEFAULT NULL COMMENT '启用状态',
  `sort` bigint DEFAULT NULL COMMENT '排序标记',
  `sys_dictionary_id` bigint unsigned DEFAULT NULL COMMENT '关联标记',
  `parent_id` bigint unsigned DEFAULT NULL COMMENT '父级字典详情ID',
  `level` bigint DEFAULT NULL COMMENT '层级深度',
  `path` varchar(191) COLLATE utf8mb4_general_ci DEFAULT NULL COMMENT '层级路径',
  PRIMARY KEY (`id`),
  KEY `idx_sys_dictionary_details_deleted_at` (`deleted_at`)
) ENGINE=InnoDB AUTO_INCREMENT=34 DEFAULT CHARSET=utf8mb4 COLLATE=utf8mb4_general_ci;
/*!40101 SET character_set_client = @saved_cs_client */;

--
-- Dumping data for table `sys_dictionary_details`
--

LOCK TABLES `sys_dictionary_details` WRITE;
/*!40000 ALTER TABLE `sys_dictionary_details` DISABLE KEYS */;
INSERT INTO `sys_dictionary_details` VALUES (1,'2026-04-15 11:36:52.153','2026-04-15 11:36:52.153',NULL,'男','1','',1,1,1,NULL,0,''),(2,'2026-04-15 11:36:52.153','2026-04-15 11:36:52.153',NULL,'女','2','',1,2,1,NULL,0,''),(3,'2026-04-15 11:36:52.153','2026-04-15 11:36:52.153',NULL,'smallint','1','mysql',1,1,2,NULL,0,''),(4,'2026-04-15 11:36:52.153','2026-04-15 11:36:52.153',NULL,'mediumint','2','mysql',1,2,2,NULL,0,''),(5,'2026-04-15 11:36:52.153','2026-04-15 11:36:52.153',NULL,'int','3','mysql',1,3,2,NULL,0,''),(6,'2026-04-15 11:36:52.153','2026-04-15 11:36:52.153',NULL,'bigint','4','mysql',1,4,2,NULL,0,''),(7,'2026-04-15 11:36:52.153','2026-04-15 11:36:52.153',NULL,'int2','5','pgsql',1,5,2,NULL,0,''),(8,'2026-04-15 11:36:52.153','2026-04-15 11:36:52.153',NULL,'int4','6','pgsql',1,6,2,NULL,0,''),(9,'2026-04-15 11:36:52.153','2026-04-15 11:36:52.153',NULL,'int6','7','pgsql',1,7,2,NULL,0,''),(10,'2026-04-15 11:36:52.153','2026-04-15 11:36:52.153',NULL,'int8','8','pgsql',1,8,2,NULL,0,''),(11,'2026-04-15 11:36:52.154','2026-04-15 11:36:52.154',NULL,'date','0','mysql',1,0,3,NULL,0,''),(12,'2026-04-15 11:36:52.154','2026-04-15 11:36:52.154',NULL,'time','1','mysql',1,1,3,NULL,0,''),(13,'2026-04-15 11:36:52.154','2026-04-15 11:36:52.154',NULL,'year','2','mysql',1,2,3,NULL,0,''),(14,'2026-04-15 11:36:52.154','2026-04-15 11:36:52.154',NULL,'datetime','3','mysql',1,3,3,NULL,0,''),(15,'2026-04-15 11:36:52.154','2026-04-15 11:36:52.154',NULL,'timestamp','5','mysql',1,5,3,NULL,0,''),(16,'2026-04-15 11:36:52.154','2026-04-15 11:36:52.154',NULL,'timestamptz','6','pgsql',1,5,3,NULL,0,''),(17,'2026-04-15 11:36:52.155','2026-04-15 11:36:52.155',NULL,'float','0','mysql',1,0,4,NULL,0,''),(18,'2026-04-15 11:36:52.155','2026-04-15 11:36:52.155',NULL,'double','1','mysql',1,1,4,NULL,0,''),(19,'2026-04-15 11:36:52.155','2026-04-15 11:36:52.155',NULL,'decimal','2','mysql',1,2,4,NULL,0,''),(20,'2026-04-15 11:36:52.155','2026-04-15 11:36:52.155',NULL,'numeric','3','pgsql',1,3,4,NULL,0,''),(21,'2026-04-15 11:36:52.155','2026-04-15 11:36:52.155',NULL,'smallserial','4','pgsql',1,4,4,NULL,0,''),(22,'2026-04-15 11:36:52.155','2026-04-15 11:36:52.155',NULL,'char','0','mysql',1,0,5,NULL,0,''),(23,'2026-04-15 11:36:52.155','2026-04-15 11:36:52.155',NULL,'varchar','1','mysql',1,1,5,NULL,0,''),(24,'2026-04-15 11:36:52.155','2026-04-15 11:36:52.155',NULL,'tinyblob','2','mysql',1,2,5,NULL,0,''),(25,'2026-04-15 11:36:52.155','2026-04-15 11:36:52.155',NULL,'tinytext','3','mysql',1,3,5,NULL,0,''),(26,'2026-04-15 11:36:52.155','2026-04-15 11:36:52.155',NULL,'text','4','mysql',1,4,5,NULL,0,''),(27,'2026-04-15 11:36:52.155','2026-04-15 11:36:52.155',NULL,'blob','5','mysql',1,5,5,NULL,0,''),(28,'2026-04-15 11:36:52.155','2026-04-15 11:36:52.155',NULL,'mediumblob','6','mysql',1,6,5,NULL,0,''),(29,'2026-04-15 11:36:52.155','2026-04-15 11:36:52.155',NULL,'mediumtext','7','mysql',1,7,5,NULL,0,''),(30,'2026-04-15 11:36:52.155','2026-04-15 11:36:52.155',NULL,'longblob','8','mysql',1,8,5,NULL,0,''),(31,'2026-04-15 11:36:52.155','2026-04-15 11:36:52.155',NULL,'longtext','9','mysql',1,9,5,NULL,0,''),(32,'2026-04-15 11:36:52.156','2026-04-15 11:36:52.156',NULL,'tinyint','1','mysql',1,0,6,NULL,0,''),(33,'2026-04-15 11:36:52.156','2026-04-15 11:36:52.156',NULL,'bool','2','pgsql',1,0,6,NULL,0,'');
/*!40000 ALTER TABLE `sys_dictionary_details` ENABLE KEYS */;
UNLOCK TABLES;

--
-- Table structure for table `sys_error`
--

DROP TABLE IF EXISTS `sys_error`;
/*!40101 SET @saved_cs_client     = @@character_set_client */;
/*!50503 SET character_set_client = utf8mb4 */;
CREATE TABLE `sys_error` (
  `id` bigint unsigned NOT NULL AUTO_INCREMENT,
  `created_at` datetime(3) DEFAULT NULL,
  `updated_at` datetime(3) DEFAULT NULL,
  `deleted_at` datetime(3) DEFAULT NULL,
  `form` text COLLATE utf8mb4_general_ci COMMENT '错误来源',
  `info` text COLLATE utf8mb4_general_ci COMMENT '错误内容',
  `level` varchar(191) COLLATE utf8mb4_general_ci DEFAULT NULL COMMENT '日志等级',
  `solution` text COLLATE utf8mb4_general_ci COMMENT '解决方案',
  `status` varchar(20) COLLATE utf8mb4_general_ci DEFAULT '未处理' COMMENT '处理状态',
  PRIMARY KEY (`id`),
  KEY `idx_sys_error_deleted_at` (`deleted_at`)
) ENGINE=InnoDB AUTO_INCREMENT=81 DEFAULT CHARSET=utf8mb4 COLLATE=utf8mb4_general_ci;
/*!40101 SET character_set_client = @saved_cs_client */;

--
-- Dumping data for table `sys_error`
--

LOCK TABLES `sys_error` WRITE;
/*!40000 ALTER TABLE `sys_error` DISABLE KEYS */;
INSERT INTO `sys_error` VALUES (1,'2026-04-15 11:37:41.920','2026-04-15 11:37:41.920',NULL,'后端','已存在数据库配置! \n 源文件:/Users/lll/CODE/XM/gin-vue-admin-main/server/api/v1/system/sys_initdb.go:23 \n 调用栈：github.com/flipped-aurora/gin-vue-admin/server/api/v1/system.(*DBApi).InitDB\n	/Users/lll/CODE/XM/gin-vue-admin-main/server/api/v1/system/sys_initdb.go:23\ngithub.com/gin-gonic/gin.(*Context).Next\n	/Users/lll/go/pkg/mod/github.com/gin-gonic/gin@v1.10.0/context.go:185\ngithub.com/gin-gonic/gin.LoggerWithConfig.func1\n	/Users/lll/go/pkg/mod/github.com/gin-gonic/gin@v1.10.0/logger.go:249\ngithub.com/gin-gonic/gin.(*Context).Next\n	/Users/lll/go/pkg/mod/github.com/gin-gonic/gin@v1.10.0/context.go:185\ngithub.com/flipped-aurora/gin-vue-admin/server/initialize.Routers.GinRecovery.func2\n	/Users/lll/CODE/XM/gin-vue-admin-main/server/middleware/error.go:78\ngithub.com/gin-gonic/gin.(*Context).Next\n	/Users/lll/go/pkg/mod/github.com/gin-gonic/gin@v1.10.0/context.go:185\ngithub.com/gin-gonic/gin.(*Engine).handleHTTPRequest\n	/Users/lll/go/pkg/mod/github.com/gin-gonic/gin@v1.10.0/gin.go:633\ngithub.com/gin-gonic/gin.(*Engine).ServeHTTP\n	/Users/lll/go/pkg/mod/github.com/gin-gonic/gin@v1.10.0/gin.go:589\nnet/http.serverHandler.ServeHTTP\n	/opt/homebrew/opt/go/libexec/src/net/http/server.go:3311\nnet/http.(*conn).serve\n	/opt/homebrew/opt/go/libexec/src/net/http/server.go:2073 \n 最终调用方法:/Users/lll/CODE/XM/gin-vue-admin-main/server/api/v1/system/sys_initdb.go:23 (InitDB lines 21-39)\n----- 产生日志的方法代码如下 -----\nfunc (i *DBApi) InitDB(c *gin.Context) {\n	if global.GVA_DB != nil {\n		global.GVA_LOG.Error(\"已存在数据库配置!\")\n		response.FailWithMessage(\"已存在数据库配置\", c)\n		return\n	}\n	var dbInfo request.InitDB\n	if err := c.ShouldBindJSON(&dbInfo); err != nil {\n		global.GVA_LOG.Error(\"参数校验不通过!\", zap.Error(err))\n		response.FailWithMessage(\"参数校验不通过\", c)\n		return\n	}\n	if err := initDBService.InitDB(dbInfo); err != nil {\n		global.GVA_LOG.Error(\"自动创建数据库失败!\", zap.Error(err))\n		response.FailWithMessage(\"自动创建数据库失败，请查看后台日志，检查后在进行初始化\", c)\n		return\n	}\n	response.OkWithMessage(\"自动创建数据库成功\", c)\n}','error',NULL,'未处理'),(2,'2026-04-15 11:38:22.359','2026-04-15 11:38:22.359',NULL,'前端','错误信息: AxiosError: Request failed with status code 404\nStack: 调用栈: AxiosError: Request failed with status code 404\n    at settle (http://localhost:8080/node_modules/.vite/deps/axios.js?v=ed8cdb80:1218:12)\n    at XMLHttpRequest.onloadend (http://localhost:8080/node_modules/.vite/deps/axios.js?v=ed8cdb80:1550:7)\n    at Axios.request (http://localhost:8080/node_modules/.vite/deps/axios.js?v=ed8cdb80:2108:41)\n    at async getTableData (http://localhost:8080/src/view/store/storeMember.vue:45:15)','error',NULL,'未处理'),(3,'2026-04-15 11:38:22.684','2026-04-15 11:38:22.684',NULL,'前端','错误信息: AxiosError: Request failed with status code 404\nStack: 调用栈: AxiosError: Request failed with status code 404\n    at settle (http://localhost:8080/node_modules/.vite/deps/axios.js?v=ed8cdb80:1218:12)\n    at XMLHttpRequest.onloadend (http://localhost:8080/node_modules/.vite/deps/axios.js?v=ed8cdb80:1550:7)\n    at Axios.request (http://localhost:8080/node_modules/.vite/deps/axios.js?v=ed8cdb80:2108:41)\n    at async getTableData (http://localhost:8080/src/view/store/storeMember.vue:45:15)','error',NULL,'未处理'),(4,'2026-04-15 11:38:26.137','2026-04-15 11:38:26.137',NULL,'前端','错误信息: AxiosError: Request failed with status code 404\nStack: 调用栈: AxiosError: Request failed with status code 404\n    at settle (http://localhost:8080/node_modules/.vite/deps/axios.js?v=ed8cdb80:1218:12)\n    at XMLHttpRequest.onloadend (http://localhost:8080/node_modules/.vite/deps/axios.js?v=ed8cdb80:1550:7)\n    at Axios.request (http://localhost:8080/node_modules/.vite/deps/axios.js?v=ed8cdb80:2108:41)\n    at async getTableData (http://localhost:8080/src/view/store/mxUser.vue:44:15)','error',NULL,'未处理'),(5,'2026-04-15 11:38:26.444','2026-04-15 11:38:26.444',NULL,'前端','错误信息: AxiosError: Request failed with status code 404\nStack: 调用栈: AxiosError: Request failed with status code 404\n    at settle (http://localhost:8080/node_modules/.vite/deps/axios.js?v=ed8cdb80:1218:12)\n    at XMLHttpRequest.onloadend (http://localhost:8080/node_modules/.vite/deps/axios.js?v=ed8cdb80:1550:7)\n    at Axios.request (http://localhost:8080/node_modules/.vite/deps/axios.js?v=ed8cdb80:2108:41)\n    at async getTableData (http://localhost:8080/src/view/store/mxUser.vue:44:15)','error',NULL,'未处理'),(6,'2026-04-15 11:38:34.005','2026-04-15 11:38:34.005',NULL,'前端','错误信息: AxiosError: Request failed with status code 404\nStack: 调用栈: AxiosError: Request failed with status code 404\n    at settle (http://localhost:8080/node_modules/.vite/deps/axios.js?v=ed8cdb80:1218:12)\n    at XMLHttpRequest.onloadend (http://localhost:8080/node_modules/.vite/deps/axios.js?v=ed8cdb80:1550:7)\n    at Axios.request (http://localhost:8080/node_modules/.vite/deps/axios.js?v=ed8cdb80:2108:41)\n    at async getTableData (http://localhost:8080/src/view/store/packages.vue:37:15)','error',NULL,'未处理'),(7,'2026-04-15 11:38:34.305','2026-04-15 11:38:34.305',NULL,'前端','错误信息: AxiosError: Request failed with status code 404\nStack: 调用栈: AxiosError: Request failed with status code 404\n    at settle (http://localhost:8080/node_modules/.vite/deps/axios.js?v=ed8cdb80:1218:12)\n    at XMLHttpRequest.onloadend (http://localhost:8080/node_modules/.vite/deps/axios.js?v=ed8cdb80:1550:7)\n    at Axios.request (http://localhost:8080/node_modules/.vite/deps/axios.js?v=ed8cdb80:2108:41)\n    at async getTableData (http://localhost:8080/src/view/store/packages.vue:37:15)','error',NULL,'未处理'),(8,'2026-04-15 11:38:39.070','2026-04-15 11:38:39.070',NULL,'前端','错误信息: AxiosError: Request failed with status code 404\nStack: 调用栈: AxiosError: Request failed with status code 404\n    at settle (http://localhost:8080/node_modules/.vite/deps/axios.js?v=ed8cdb80:1218:12)\n    at XMLHttpRequest.onloadend (http://localhost:8080/node_modules/.vite/deps/axios.js?v=ed8cdb80:1550:7)\n    at Axios.request (http://localhost:8080/node_modules/.vite/deps/axios.js?v=ed8cdb80:2108:41)\n    at async getTableData (http://localhost:8080/src/view/store/mxUser.vue:44:15)','error',NULL,'未处理'),(9,'2026-04-15 11:38:39.373','2026-04-15 11:38:39.373',NULL,'前端','错误信息: AxiosError: Request failed with status code 404\nStack: 调用栈: AxiosError: Request failed with status code 404\n    at settle (http://localhost:8080/node_modules/.vite/deps/axios.js?v=ed8cdb80:1218:12)\n    at XMLHttpRequest.onloadend (http://localhost:8080/node_modules/.vite/deps/axios.js?v=ed8cdb80:1550:7)\n    at Axios.request (http://localhost:8080/node_modules/.vite/deps/axios.js?v=ed8cdb80:2108:41)\n    at async getTableData (http://localhost:8080/src/view/store/mxUser.vue:44:15)','error',NULL,'未处理'),(10,'2026-04-15 11:38:52.567','2026-04-15 11:38:52.567',NULL,'前端','错误信息: AxiosError: Request failed with status code 404\nStack: 调用栈: AxiosError: Request failed with status code 404\n    at settle (http://localhost:8080/node_modules/.vite/deps/axios.js?v=ed8cdb80:1218:12)\n    at XMLHttpRequest.onloadend (http://localhost:8080/node_modules/.vite/deps/axios.js?v=ed8cdb80:1550:7)\n    at Axios.request (http://localhost:8080/node_modules/.vite/deps/axios.js?v=ed8cdb80:2108:41)\n    at async getTableData (http://localhost:8080/src/view/mall/category.vue:34:15)','error',NULL,'未处理'),(11,'2026-04-15 11:38:52.876','2026-04-15 11:38:52.876',NULL,'前端','错误信息: AxiosError: Request failed with status code 404\nStack: 调用栈: AxiosError: Request failed with status code 404\n    at settle (http://localhost:8080/node_modules/.vite/deps/axios.js?v=ed8cdb80:1218:12)\n    at XMLHttpRequest.onloadend (http://localhost:8080/node_modules/.vite/deps/axios.js?v=ed8cdb80:1550:7)\n    at Axios.request (http://localhost:8080/node_modules/.vite/deps/axios.js?v=ed8cdb80:2108:41)\n    at async getTableData (http://localhost:8080/src/view/mall/category.vue:34:15)','error',NULL,'未处理'),(12,'2026-04-15 11:38:54.848','2026-04-15 11:38:54.848',NULL,'前端','错误信息: AxiosError: Request failed with status code 404\nStack: 调用栈: AxiosError: Request failed with status code 404\n    at settle (http://localhost:8080/node_modules/.vite/deps/axios.js?v=ed8cdb80:1218:12)\n    at XMLHttpRequest.onloadend (http://localhost:8080/node_modules/.vite/deps/axios.js?v=ed8cdb80:1550:7)\n    at Axios.request (http://localhost:8080/node_modules/.vite/deps/axios.js?v=ed8cdb80:2108:41)\n    at async getTableData (http://localhost:8080/src/view/mall/spu.vue:37:15)','error',NULL,'未处理'),(13,'2026-04-15 11:38:55.148','2026-04-15 11:38:55.148',NULL,'前端','错误信息: AxiosError: Request failed with status code 404\nStack: 调用栈: AxiosError: Request failed with status code 404\n    at settle (http://localhost:8080/node_modules/.vite/deps/axios.js?v=ed8cdb80:1218:12)\n    at XMLHttpRequest.onloadend (http://localhost:8080/node_modules/.vite/deps/axios.js?v=ed8cdb80:1550:7)\n    at Axios.request (http://localhost:8080/node_modules/.vite/deps/axios.js?v=ed8cdb80:2108:41)\n    at async getTableData (http://localhost:8080/src/view/mall/spu.vue:37:15)','error',NULL,'未处理'),(14,'2026-04-15 11:38:56.632','2026-04-15 11:38:56.632',NULL,'前端','错误信息: AxiosError: Request failed with status code 404\nStack: 调用栈: AxiosError: Request failed with status code 404\n    at settle (http://localhost:8080/node_modules/.vite/deps/axios.js?v=ed8cdb80:1218:12)\n    at XMLHttpRequest.onloadend (http://localhost:8080/node_modules/.vite/deps/axios.js?v=ed8cdb80:1550:7)\n    at Axios.request (http://localhost:8080/node_modules/.vite/deps/axios.js?v=ed8cdb80:2108:41)\n    at async getTableData (http://localhost:8080/src/view/mall/address.vue:37:15)','error',NULL,'未处理'),(15,'2026-04-15 11:38:56.912','2026-04-15 11:38:56.912',NULL,'前端','错误信息: AxiosError: Request failed with status code 404\nStack: 调用栈: AxiosError: Request failed with status code 404\n    at settle (http://localhost:8080/node_modules/.vite/deps/axios.js?v=ed8cdb80:1218:12)\n    at XMLHttpRequest.onloadend (http://localhost:8080/node_modules/.vite/deps/axios.js?v=ed8cdb80:1550:7)\n    at Axios.request (http://localhost:8080/node_modules/.vite/deps/axios.js?v=ed8cdb80:2108:41)\n    at async getTableData (http://localhost:8080/src/view/mall/address.vue:37:15)','error',NULL,'未处理'),(16,'2026-04-15 11:38:58.196','2026-04-15 11:38:58.196',NULL,'前端','错误信息: AxiosError: Request failed with status code 404\nStack: 调用栈: AxiosError: Request failed with status code 404\n    at settle (http://localhost:8080/node_modules/.vite/deps/axios.js?v=ed8cdb80:1218:12)\n    at XMLHttpRequest.onloadend (http://localhost:8080/node_modules/.vite/deps/axios.js?v=ed8cdb80:1550:7)\n    at Axios.request (http://localhost:8080/node_modules/.vite/deps/axios.js?v=ed8cdb80:2108:41)\n    at async getTableData (http://localhost:8080/src/view/mall/doorLock.vue:36:15)','error',NULL,'未处理'),(17,'2026-04-15 11:38:58.491','2026-04-15 11:38:58.491',NULL,'前端','错误信息: AxiosError: Request failed with status code 404\nStack: 调用栈: AxiosError: Request failed with status code 404\n    at settle (http://localhost:8080/node_modules/.vite/deps/axios.js?v=ed8cdb80:1218:12)\n    at XMLHttpRequest.onloadend (http://localhost:8080/node_modules/.vite/deps/axios.js?v=ed8cdb80:1550:7)\n    at Axios.request (http://localhost:8080/node_modules/.vite/deps/axios.js?v=ed8cdb80:2108:41)\n    at async getTableData (http://localhost:8080/src/view/mall/doorLock.vue:36:15)','error',NULL,'未处理'),(18,'2026-04-15 11:39:11.062','2026-04-15 11:39:11.062',NULL,'前端','错误信息: AxiosError: Request failed with status code 404\nStack: 调用栈: AxiosError: Request failed with status code 404\n    at settle (http://localhost:8080/node_modules/.vite/deps/axios.js?v=ed8cdb80:1218:12)\n    at XMLHttpRequest.onloadend (http://localhost:8080/node_modules/.vite/deps/axios.js?v=ed8cdb80:1550:7)\n    at Axios.request (http://localhost:8080/node_modules/.vite/deps/axios.js?v=ed8cdb80:2108:41)\n    at async getTableData (http://localhost:8080/src/view/store/storeManager.vue:51:15)','error',NULL,'未处理'),(19,'2026-04-15 11:39:11.352','2026-04-15 11:39:11.352',NULL,'前端','错误信息: AxiosError: Request failed with status code 404\nStack: 调用栈: AxiosError: Request failed with status code 404\n    at settle (http://localhost:8080/node_modules/.vite/deps/axios.js?v=ed8cdb80:1218:12)\n    at XMLHttpRequest.onloadend (http://localhost:8080/node_modules/.vite/deps/axios.js?v=ed8cdb80:1550:7)\n    at Axios.request (http://localhost:8080/node_modules/.vite/deps/axios.js?v=ed8cdb80:2108:41)\n    at async getTableData (http://localhost:8080/src/view/store/storeManager.vue:51:15)','error',NULL,'未处理'),(20,'2026-04-15 11:44:04.512','2026-04-15 11:44:04.512',NULL,'前端','错误信息: AxiosError: Request failed with status code 404\nStack: 调用栈: AxiosError: Request failed with status code 404\n    at settle (http://localhost:8080/node_modules/.vite/deps/axios.js?v=0797c44e:1218:12)\n    at XMLHttpRequest.onloadend (http://localhost:8080/node_modules/.vite/deps/axios.js?v=0797c44e:1550:7)\n    at Axios.request (http://localhost:8080/node_modules/.vite/deps/axios.js?v=0797c44e:2108:41)\n    at async getTableData (http://localhost:8080/src/view/store/mxUser.vue:44:15)','error',NULL,'未处理'),(21,'2026-04-15 11:44:06.528','2026-04-15 11:44:06.528',NULL,'前端','错误信息: AxiosError: Request failed with status code 404\nStack: 调用栈: AxiosError: Request failed with status code 404\n    at settle (http://localhost:8080/node_modules/.vite/deps/axios.js?v=0797c44e:1218:12)\n    at XMLHttpRequest.onloadend (http://localhost:8080/node_modules/.vite/deps/axios.js?v=0797c44e:1550:7)\n    at Axios.request (http://localhost:8080/node_modules/.vite/deps/axios.js?v=0797c44e:2108:41)\n    at async getTableData (http://localhost:8080/src/view/store/activation.vue:36:15)','error',NULL,'未处理'),(22,'2026-04-15 11:44:08.115','2026-04-15 11:44:08.115',NULL,'前端','错误信息: AxiosError: Request failed with status code 404\nStack: 调用栈: AxiosError: Request failed with status code 404\n    at settle (http://localhost:8080/node_modules/.vite/deps/axios.js?v=0797c44e:1218:12)\n    at XMLHttpRequest.onloadend (http://localhost:8080/node_modules/.vite/deps/axios.js?v=0797c44e:1550:7)\n    at Axios.request (http://localhost:8080/node_modules/.vite/deps/axios.js?v=0797c44e:2108:41)\n    at async getTableData (http://localhost:8080/src/view/store/packages.vue:37:15)','error',NULL,'未处理'),(23,'2026-04-15 11:44:33.010','2026-04-15 11:44:33.010',NULL,'前端','错误信息: AxiosError: Request failed with status code 404\nStack: 调用栈: AxiosError: Request failed with status code 404\n    at settle (http://localhost:8080/node_modules/.vite/deps/axios.js?v=0797c44e:1218:12)\n    at XMLHttpRequest.onloadend (http://localhost:8080/node_modules/.vite/deps/axios.js?v=0797c44e:1550:7)\n    at Axios.request (http://localhost:8080/node_modules/.vite/deps/axios.js?v=0797c44e:2108:41)\n    at async getTableData (http://localhost:8080/src/view/store/mxUser.vue:44:15)','error',NULL,'未处理'),(24,'2026-04-15 11:45:32.393','2026-04-15 11:45:32.393',NULL,'前端','错误信息: AxiosError: Request failed with status code 404\nStack: 调用栈: AxiosError: Request failed with status code 404\n    at settle (http://localhost:8080/node_modules/.vite/deps/axios.js?v=0797c44e:1218:12)\n    at XMLHttpRequest.onloadend (http://localhost:8080/node_modules/.vite/deps/axios.js?v=0797c44e:1550:7)\n    at Axios.request (http://localhost:8080/node_modules/.vite/deps/axios.js?v=0797c44e:2108:41)\n    at async getTableData (http://localhost:8080/src/view/mall/category.vue:34:15)','error',NULL,'未处理'),(25,'2026-04-15 11:45:33.628','2026-04-15 11:45:33.628',NULL,'前端','错误信息: AxiosError: Request failed with status code 404\nStack: 调用栈: AxiosError: Request failed with status code 404\n    at settle (http://localhost:8080/node_modules/.vite/deps/axios.js?v=0797c44e:1218:12)\n    at XMLHttpRequest.onloadend (http://localhost:8080/node_modules/.vite/deps/axios.js?v=0797c44e:1550:7)\n    at Axios.request (http://localhost:8080/node_modules/.vite/deps/axios.js?v=0797c44e:2108:41)\n    at async getTableData (http://localhost:8080/src/view/mall/spu.vue:37:15)','error',NULL,'未处理'),(26,'2026-04-15 11:45:38.973','2026-04-15 11:45:38.973',NULL,'前端','错误信息: AxiosError: Request failed with status code 404\nStack: 调用栈: AxiosError: Request failed with status code 404\n    at settle (http://localhost:8080/node_modules/.vite/deps/axios.js?v=0797c44e:1218:12)\n    at XMLHttpRequest.onloadend (http://localhost:8080/node_modules/.vite/deps/axios.js?v=0797c44e:1550:7)\n    at Axios.request (http://localhost:8080/node_modules/.vite/deps/axios.js?v=0797c44e:2108:41)\n    at async getTableData (http://localhost:8080/src/view/mall/order.vue:38:15)','error',NULL,'未处理'),(27,'2026-04-15 11:45:40.158','2026-04-15 11:45:40.158',NULL,'前端','错误信息: AxiosError: Request failed with status code 404\nStack: 调用栈: AxiosError: Request failed with status code 404\n    at settle (http://localhost:8080/node_modules/.vite/deps/axios.js?v=0797c44e:1218:12)\n    at XMLHttpRequest.onloadend (http://localhost:8080/node_modules/.vite/deps/axios.js?v=0797c44e:1550:7)\n    at Axios.request (http://localhost:8080/node_modules/.vite/deps/axios.js?v=0797c44e:2108:41)\n    at async getTableData (http://localhost:8080/src/view/mall/cart.vue:32:15)','error',NULL,'未处理'),(28,'2026-04-15 11:45:41.536','2026-04-15 11:45:41.536',NULL,'前端','错误信息: AxiosError: Request failed with status code 404\nStack: 调用栈: AxiosError: Request failed with status code 404\n    at settle (http://localhost:8080/node_modules/.vite/deps/axios.js?v=0797c44e:1218:12)\n    at XMLHttpRequest.onloadend (http://localhost:8080/node_modules/.vite/deps/axios.js?v=0797c44e:1550:7)\n    at Axios.request (http://localhost:8080/node_modules/.vite/deps/axios.js?v=0797c44e:2108:41)\n    at async getTableData (http://localhost:8080/src/view/mall/address.vue:37:15)','error',NULL,'未处理'),(29,'2026-04-15 11:45:42.719','2026-04-15 11:45:42.719',NULL,'前端','错误信息: AxiosError: Request failed with status code 404\nStack: 调用栈: AxiosError: Request failed with status code 404\n    at settle (http://localhost:8080/node_modules/.vite/deps/axios.js?v=0797c44e:1218:12)\n    at XMLHttpRequest.onloadend (http://localhost:8080/node_modules/.vite/deps/axios.js?v=0797c44e:1550:7)\n    at Axios.request (http://localhost:8080/node_modules/.vite/deps/axios.js?v=0797c44e:2108:41)\n    at async getTableData (http://localhost:8080/src/view/mall/doorLock.vue:36:15)','error',NULL,'未处理'),(30,'2026-04-15 11:52:02.747','2026-04-15 11:52:02.747',NULL,'后端','登陆失败! 用户名不存在或者密码错误! | 错误: 密码错误 \n 源文件:/Users/lll/CODE/XM/gin-vue-admin-main/server/api/v1/system/sys_user.go:68 \n 调用栈：github.com/flipped-aurora/gin-vue-admin/server/api/v1/system.(*BaseApi).Login\n	/Users/lll/CODE/XM/gin-vue-admin-main/server/api/v1/system/sys_user.go:68\ngithub.com/gin-gonic/gin.(*Context).Next\n	/Users/lll/go/pkg/mod/github.com/gin-gonic/gin@v1.10.0/context.go:185\ngithub.com/gin-gonic/gin.LoggerWithConfig.func1\n	/Users/lll/go/pkg/mod/github.com/gin-gonic/gin@v1.10.0/logger.go:249\ngithub.com/gin-gonic/gin.(*Context).Next\n	/Users/lll/go/pkg/mod/github.com/gin-gonic/gin@v1.10.0/context.go:185\ngithub.com/flipped-aurora/gin-vue-admin/server/initialize.Routers.GinRecovery.func2\n	/Users/lll/CODE/XM/gin-vue-admin-main/server/middleware/error.go:78\ngithub.com/gin-gonic/gin.(*Context).Next\n	/Users/lll/go/pkg/mod/github.com/gin-gonic/gin@v1.10.0/context.go:185\ngithub.com/gin-gonic/gin.(*Engine).handleHTTPRequest\n	/Users/lll/go/pkg/mod/github.com/gin-gonic/gin@v1.10.0/gin.go:633\ngithub.com/gin-gonic/gin.(*Engine).ServeHTTP\n	/Users/lll/go/pkg/mod/github.com/gin-gonic/gin@v1.10.0/gin.go:589\nnet/http.serverHandler.ServeHTTP\n	/opt/homebrew/opt/go/libexec/src/net/http/server.go:3311\nnet/http.(*conn).serve\n	/opt/homebrew/opt/go/libexec/src/net/http/server.go:2073 \n 最终调用方法:/Users/lll/CODE/XM/gin-vue-admin-main/server/api/v1/system/sys_user.go:68 (Login lines 27-99)\n----- 产生日志的方法代码如下 -----\nfunc (b *BaseApi) Login(c *gin.Context) {\n	var l systemReq.Login\n	err := c.ShouldBindJSON(&l)\n	if err != nil {\n		response.FailWithMessage(err.Error(), c)\n		return\n	}\n	err = utils.Verify(l, utils.LoginVerify)\n	if err != nil {\n		response.FailWithMessage(err.Error(), c)\n		return\n	}\n\n	key := c.ClientIP()\n	// 判断验证码是否开启\n	openCaptcha := global.GVA_CONFIG.Captcha.OpenCaptcha               // 是否开启防爆次数\n	openCaptchaTimeOut := global.GVA_CONFIG.Captcha.OpenCaptchaTimeOut // 缓存超时时间\n	v, ok := global.BlackCache.Get(key)\n	if !ok {\n		global.BlackCache.Set(key, 1, time.Second*time.Duration(openCaptchaTimeOut))\n	}\n\n	var oc bool = openCaptcha == 0 || openCaptcha < interfaceToInt(v)\n	if oc && (l.Captcha == \"\" || l.CaptchaId == \"\" || !store.Verify(l.CaptchaId, l.Captcha, true)) {\n		// 验证码次数+1\n		global.BlackCache.Increment(key, 1)\n		response.FailWithMessage(\"验证码错误\", c)\n		// 记录登录失败日志\n		loginLogService.CreateLoginLog(system.SysLoginLog{\n			Username:     l.Username,\n			Ip:           c.ClientIP(),\n			Agent:        c.Request.UserAgent(),\n			Status:       false,\n			ErrorMessage: \"验证码错误\",\n		})\n		return\n	}\n\n	u := &system.SysUser{Username: l.Username, Password: l.Password}\n	user, err := userService.Login(u)\n	if err != nil {\n		global.GVA_LOG.Error(\"登陆失败! 用户名不存在或者密码错误!\", zap.Error(err))\n		// 验证码次数+1\n		global.BlackCache.Increment(key, 1)\n		response.FailWithMessage(\"用户名不存在或者密码错误\", c)\n		// 记录登录失败日志\n		loginLogService.CreateLoginLog(system.SysLoginLog{\n			Username:     l.Username,\n			Ip:           c.ClientIP(),\n			Agent:        c.Request.UserAgent(),\n			Status:       false,\n			ErrorMessage: \"用户名不存在或者密码错误\",\n		})\n		return\n	}\n	if user.Enable != 1 {\n		global.GVA_LOG.Error(\"登陆失败! 用户被禁止登录!\")\n		// 验证码次数+1\n		global.BlackCache.Increment(key, 1)\n		response.FailWithMessage(\"用户被禁止登录\", c)\n		// 记录登录失败日志\n		loginLogService.CreateLoginLog(system.SysLoginLog{\n			Username:     l.Username,\n			Ip:           c.ClientIP(),\n			Agent:        c.Request.UserAgent(),\n			Status:       false,\n			ErrorMessage: \"用户被禁止登录\",\n			UserID:       user.ID,\n		})\n		return\n	}\n	b.TokenNext(c, *user)\n}','error',NULL,'未处理'),(31,'2026-04-15 13:40:26.370','2026-04-15 13:40:26.370',NULL,'后端','更新失败! | 错误: Error 1292 (22007): Incorrect datetime value: \'0000-00-00\' for column \'create_time\' at row 1 \n 源文件:/Users/lll/CODE/XM/gin-vue-admin-main/server/api/v1/store/installing_package.go:84 \n 调用栈：github.com/flipped-aurora/gin-vue-admin/server/api/v1/store.(*InstallingPackageApi).UpdateInstallingPackage\n	/Users/lll/CODE/XM/gin-vue-admin-main/server/api/v1/store/installing_package.go:84\ngithub.com/gin-gonic/gin.(*Context).Next\n	/Users/lll/go/pkg/mod/github.com/gin-gonic/gin@v1.10.0/context.go:185\ngithub.com/flipped-aurora/gin-vue-admin/server/router/store.(*InstallingPackageRouter).InitInstallingPackageRouter.OperationRecord.func1\n	/Users/lll/CODE/XM/gin-vue-admin-main/server/middleware/operation.go:93\ngithub.com/gin-gonic/gin.(*Context).Next\n	/Users/lll/go/pkg/mod/github.com/gin-gonic/gin@v1.10.0/context.go:185\ngithub.com/flipped-aurora/gin-vue-admin/server/initialize.Routers.CasbinHandler.func4\n	/Users/lll/CODE/XM/gin-vue-admin-main/server/middleware/casbin_rbac.go:18\ngithub.com/gin-gonic/gin.(*Context).Next\n	/Users/lll/go/pkg/mod/github.com/gin-gonic/gin@v1.10.0/context.go:185\ngithub.com/flipped-aurora/gin-vue-admin/server/initialize.Routers.JWTAuth.func3\n	/Users/lll/CODE/XM/gin-vue-admin-main/server/middleware/jwt.go:69\ngithub.com/gin-gonic/gin.(*Context).Next\n	/Users/lll/go/pkg/mod/github.com/gin-gonic/gin@v1.10.0/context.go:185\ngithub.com/gin-gonic/gin.LoggerWithConfig.func1\n	/Users/lll/go/pkg/mod/github.com/gin-gonic/gin@v1.10.0/logger.go:249\ngithub.com/gin-gonic/gin.(*Context).Next\n	/Users/lll/go/pkg/mod/github.com/gin-gonic/gin@v1.10.0/context.go:185\ngithub.com/flipped-aurora/gin-vue-admin/server/initialize.Routers.GinRecovery.func2\n	/Users/lll/CODE/XM/gin-vue-admin-main/server/middleware/error.go:78\ngithub.com/gin-gonic/gin.(*Context).Next\n	/Users/lll/go/pkg/mod/github.com/gin-gonic/gin@v1.10.0/context.go:185\ngithub.com/gin-gonic/gin.(*Engine).handleHTTPRequest\n	/Users/lll/go/pkg/mod/github.com/gin-gonic/gin@v1.10.0/gin.go:633\ngithub.com/gin-gonic/gin.(*Engine).ServeHTTP\n	/Users/lll/go/pkg/mod/github.com/gin-gonic/gin@v1.10.0/gin.go:589\nnet/http.serverHandler.ServeHTTP\n	/opt/homebrew/opt/go/libexec/src/net/http/server.go:3311\nnet/http.(*conn).serve\n	/opt/homebrew/opt/go/libexec/src/net/http/server.go:2073 \n 最终调用方法:/Users/lll/CODE/XM/gin-vue-admin-main/server/api/v1/store/installing_package.go:84 (UpdateInstallingPackage lines 75-89)\n----- 产生日志的方法代码如下 -----\nfunc (i *InstallingPackageApi) UpdateInstallingPackage(c *gin.Context) {\n	var pkg storeModel.InstallingPackage\n	err := c.ShouldBindJSON(&pkg)\n	if err != nil {\n		response.FailWithMessage(err.Error(), c)\n		return\n	}\n	err = installingPkgService.UpdateInstallingPackage(pkg)\n	if err != nil {\n		global.GVA_LOG.Error(\"更新失败!\", zap.Error(err))\n		response.FailWithMessage(\"更新失败:\"+err.Error(), c)\n		return\n	}\n	response.OkWithMessage(\"更新成功\", c)\n}','error',NULL,'未处理'),(32,'2026-04-15 14:04:31.737','2026-04-15 14:04:31.737',NULL,'前端','错误信息: AxiosError: Request failed with status code 403\nStack: 调用栈: AxiosError: Request failed with status code 403\n    at settle (http://localhost:8080/node_modules/.vite/deps/axios.js?v=0797c44e:1218:12)\n    at XMLHttpRequest.onloadend (http://localhost:8080/node_modules/.vite/deps/axios.js?v=0797c44e:1550:7)\n    at Axios.request (http://localhost:8080/node_modules/.vite/deps/axios.js?v=0797c44e:2108:41)','error',NULL,'未处理'),(33,'2026-04-15 14:04:31.737','2026-04-15 14:04:31.737',NULL,'前端','错误信息: AxiosError: Request failed with status code 403\nStack: 调用栈: AxiosError: Request failed with status code 403\n    at settle (http://localhost:8080/node_modules/.vite/deps/axios.js?v=0797c44e:1218:12)\n    at XMLHttpRequest.onloadend (http://localhost:8080/node_modules/.vite/deps/axios.js?v=0797c44e:1550:7)\n    at Axios.request (http://localhost:8080/node_modules/.vite/deps/axios.js?v=0797c44e:2108:41)','error',NULL,'未处理'),(34,'2026-04-15 14:47:41.788','2026-04-15 14:47:41.788',NULL,'后端','创建失败! | 错误: Error 1062 (23000): Duplicate entry \'\' for key \'goods_category.PRIMARY\' \n 源文件:/Users/lll/CODE/XM/gin-vue-admin-main/server/api/v1/mall/goods_category.go:32 \n 调用栈：github.com/flipped-aurora/gin-vue-admin/server/api/v1/mall.(*GoodsCategoryApi).CreateGoodsCategory\n	/Users/lll/CODE/XM/gin-vue-admin-main/server/api/v1/mall/goods_category.go:32\ngithub.com/gin-gonic/gin.(*Context).Next\n	/Users/lll/go/pkg/mod/github.com/gin-gonic/gin@v1.10.0/context.go:185\ngithub.com/flipped-aurora/gin-vue-admin/server/router/mall.(*GoodsCategoryRouter).InitGoodsCategoryRouter.OperationRecord.func1\n	/Users/lll/CODE/XM/gin-vue-admin-main/server/middleware/operation.go:93\ngithub.com/gin-gonic/gin.(*Context).Next\n	/Users/lll/go/pkg/mod/github.com/gin-gonic/gin@v1.10.0/context.go:185\ngithub.com/flipped-aurora/gin-vue-admin/server/initialize.Routers.CasbinHandler.func4\n	/Users/lll/CODE/XM/gin-vue-admin-main/server/middleware/casbin_rbac.go:18\ngithub.com/gin-gonic/gin.(*Context).Next\n	/Users/lll/go/pkg/mod/github.com/gin-gonic/gin@v1.10.0/context.go:185\ngithub.com/flipped-aurora/gin-vue-admin/server/initialize.Routers.JWTAuth.func3\n	/Users/lll/CODE/XM/gin-vue-admin-main/server/middleware/jwt.go:69\ngithub.com/gin-gonic/gin.(*Context).Next\n	/Users/lll/go/pkg/mod/github.com/gin-gonic/gin@v1.10.0/context.go:185\ngithub.com/gin-gonic/gin.LoggerWithConfig.func1\n	/Users/lll/go/pkg/mod/github.com/gin-gonic/gin@v1.10.0/logger.go:249\ngithub.com/gin-gonic/gin.(*Context).Next\n	/Users/lll/go/pkg/mod/github.com/gin-gonic/gin@v1.10.0/context.go:185\ngithub.com/flipped-aurora/gin-vue-admin/server/initialize.Routers.GinRecovery.func2\n	/Users/lll/CODE/XM/gin-vue-admin-main/server/middleware/error.go:78\ngithub.com/gin-gonic/gin.(*Context).Next\n	/Users/lll/go/pkg/mod/github.com/gin-gonic/gin@v1.10.0/context.go:185\ngithub.com/gin-gonic/gin.(*Engine).handleHTTPRequest\n	/Users/lll/go/pkg/mod/github.com/gin-gonic/gin@v1.10.0/gin.go:633\ngithub.com/gin-gonic/gin.(*Engine).ServeHTTP\n	/Users/lll/go/pkg/mod/github.com/gin-gonic/gin@v1.10.0/gin.go:589\nnet/http.serverHandler.ServeHTTP\n	/opt/homebrew/opt/go/libexec/src/net/http/server.go:3311\nnet/http.(*conn).serve\n	/opt/homebrew/opt/go/libexec/src/net/http/server.go:2073 \n 最终调用方法:/Users/lll/CODE/XM/gin-vue-admin-main/server/api/v1/mall/goods_category.go:32 (CreateGoodsCategory lines 23-37)\n----- 产生日志的方法代码如下 -----\nfunc (a *GoodsCategoryApi) CreateGoodsCategory(c *gin.Context) {\n	var category mallModel.GoodsCategory\n	err := c.ShouldBindJSON(&category)\n	if err != nil {\n		response.FailWithMessage(err.Error(), c)\n		return\n	}\n	err = goodsCategoryService.CreateGoodsCategory(category)\n	if err != nil {\n		global.GVA_LOG.Error(\"创建失败!\", zap.Error(err))\n		response.FailWithMessage(\"创建失败:\"+err.Error(), c)\n		return\n	}\n	response.OkWithMessage(\"创建成功\", c)\n}','error',NULL,'未处理'),(35,'2026-04-15 15:14:22.609','2026-04-15 15:14:22.609',NULL,'后端','创建失败! | 错误: Error 1406 (22001): Data too long for column \'id\' at row 1 \n 源文件:/Users/lll/CODE/XM/gin-vue-admin-main/server/api/v1/mall/goods_category.go:32 \n 调用栈：github.com/flipped-aurora/gin-vue-admin/server/api/v1/mall.(*GoodsCategoryApi).CreateGoodsCategory\n	/Users/lll/CODE/XM/gin-vue-admin-main/server/api/v1/mall/goods_category.go:32\ngithub.com/gin-gonic/gin.(*Context).Next\n	/Users/lll/go/pkg/mod/github.com/gin-gonic/gin@v1.10.0/context.go:185\ngithub.com/flipped-aurora/gin-vue-admin/server/router/mall.(*GoodsCategoryRouter).InitGoodsCategoryRouter.OperationRecord.func1\n	/Users/lll/CODE/XM/gin-vue-admin-main/server/middleware/operation.go:93\ngithub.com/gin-gonic/gin.(*Context).Next\n	/Users/lll/go/pkg/mod/github.com/gin-gonic/gin@v1.10.0/context.go:185\ngithub.com/flipped-aurora/gin-vue-admin/server/initialize.Routers.CasbinHandler.func4\n	/Users/lll/CODE/XM/gin-vue-admin-main/server/middleware/casbin_rbac.go:18\ngithub.com/gin-gonic/gin.(*Context).Next\n	/Users/lll/go/pkg/mod/github.com/gin-gonic/gin@v1.10.0/context.go:185\ngithub.com/flipped-aurora/gin-vue-admin/server/initialize.Routers.JWTAuth.func3\n	/Users/lll/CODE/XM/gin-vue-admin-main/server/middleware/jwt.go:69\ngithub.com/gin-gonic/gin.(*Context).Next\n	/Users/lll/go/pkg/mod/github.com/gin-gonic/gin@v1.10.0/context.go:185\ngithub.com/gin-gonic/gin.LoggerWithConfig.func1\n	/Users/lll/go/pkg/mod/github.com/gin-gonic/gin@v1.10.0/logger.go:249\ngithub.com/gin-gonic/gin.(*Context).Next\n	/Users/lll/go/pkg/mod/github.com/gin-gonic/gin@v1.10.0/context.go:185\ngithub.com/flipped-aurora/gin-vue-admin/server/initialize.Routers.GinRecovery.func2\n	/Users/lll/CODE/XM/gin-vue-admin-main/server/middleware/error.go:78\ngithub.com/gin-gonic/gin.(*Context).Next\n	/Users/lll/go/pkg/mod/github.com/gin-gonic/gin@v1.10.0/context.go:185\ngithub.com/gin-gonic/gin.(*Engine).handleHTTPRequest\n	/Users/lll/go/pkg/mod/github.com/gin-gonic/gin@v1.10.0/gin.go:633\ngithub.com/gin-gonic/gin.(*Engine).ServeHTTP\n	/Users/lll/go/pkg/mod/github.com/gin-gonic/gin@v1.10.0/gin.go:589\nnet/http.serverHandler.ServeHTTP\n	/opt/homebrew/opt/go/libexec/src/net/http/server.go:3311\nnet/http.(*conn).serve\n	/opt/homebrew/opt/go/libexec/src/net/http/server.go:2073 \n 最终调用方法:/Users/lll/CODE/XM/gin-vue-admin-main/server/api/v1/mall/goods_category.go:32 (CreateGoodsCategory lines 23-37)\n----- 产生日志的方法代码如下 -----\nfunc (a *GoodsCategoryApi) CreateGoodsCategory(c *gin.Context) {\n	var category mallModel.GoodsCategory\n	err := c.ShouldBindJSON(&category)\n	if err != nil {\n		response.FailWithMessage(err.Error(), c)\n		return\n	}\n	err = goodsCategoryService.CreateGoodsCategory(category)\n	if err != nil {\n		global.GVA_LOG.Error(\"创建失败!\", zap.Error(err))\n		response.FailWithMessage(\"创建失败:\"+err.Error(), c)\n		return\n	}\n	response.OkWithMessage(\"创建成功\", c)\n}','error',NULL,'未处理'),(36,'2026-04-15 15:14:50.182','2026-04-15 15:14:50.182',NULL,'后端','创建失败! | 错误: Error 1406 (22001): Data too long for column \'id\' at row 1 \n 源文件:/Users/lll/CODE/XM/gin-vue-admin-main/server/api/v1/mall/goods_category.go:32 \n 调用栈：github.com/flipped-aurora/gin-vue-admin/server/api/v1/mall.(*GoodsCategoryApi).CreateGoodsCategory\n	/Users/lll/CODE/XM/gin-vue-admin-main/server/api/v1/mall/goods_category.go:32\ngithub.com/gin-gonic/gin.(*Context).Next\n	/Users/lll/go/pkg/mod/github.com/gin-gonic/gin@v1.10.0/context.go:185\ngithub.com/flipped-aurora/gin-vue-admin/server/router/mall.(*GoodsCategoryRouter).InitGoodsCategoryRouter.OperationRecord.func1\n	/Users/lll/CODE/XM/gin-vue-admin-main/server/middleware/operation.go:93\ngithub.com/gin-gonic/gin.(*Context).Next\n	/Users/lll/go/pkg/mod/github.com/gin-gonic/gin@v1.10.0/context.go:185\ngithub.com/flipped-aurora/gin-vue-admin/server/initialize.Routers.CasbinHandler.func4\n	/Users/lll/CODE/XM/gin-vue-admin-main/server/middleware/casbin_rbac.go:18\ngithub.com/gin-gonic/gin.(*Context).Next\n	/Users/lll/go/pkg/mod/github.com/gin-gonic/gin@v1.10.0/context.go:185\ngithub.com/flipped-aurora/gin-vue-admin/server/initialize.Routers.JWTAuth.func3\n	/Users/lll/CODE/XM/gin-vue-admin-main/server/middleware/jwt.go:69\ngithub.com/gin-gonic/gin.(*Context).Next\n	/Users/lll/go/pkg/mod/github.com/gin-gonic/gin@v1.10.0/context.go:185\ngithub.com/gin-gonic/gin.LoggerWithConfig.func1\n	/Users/lll/go/pkg/mod/github.com/gin-gonic/gin@v1.10.0/logger.go:249\ngithub.com/gin-gonic/gin.(*Context).Next\n	/Users/lll/go/pkg/mod/github.com/gin-gonic/gin@v1.10.0/context.go:185\ngithub.com/flipped-aurora/gin-vue-admin/server/initialize.Routers.GinRecovery.func2\n	/Users/lll/CODE/XM/gin-vue-admin-main/server/middleware/error.go:78\ngithub.com/gin-gonic/gin.(*Context).Next\n	/Users/lll/go/pkg/mod/github.com/gin-gonic/gin@v1.10.0/context.go:185\ngithub.com/gin-gonic/gin.(*Engine).handleHTTPRequest\n	/Users/lll/go/pkg/mod/github.com/gin-gonic/gin@v1.10.0/gin.go:633\ngithub.com/gin-gonic/gin.(*Engine).ServeHTTP\n	/Users/lll/go/pkg/mod/github.com/gin-gonic/gin@v1.10.0/gin.go:589\nnet/http.serverHandler.ServeHTTP\n	/opt/homebrew/opt/go/libexec/src/net/http/server.go:3311\nnet/http.(*conn).serve\n	/opt/homebrew/opt/go/libexec/src/net/http/server.go:2073 \n 最终调用方法:/Users/lll/CODE/XM/gin-vue-admin-main/server/api/v1/mall/goods_category.go:32 (CreateGoodsCategory lines 23-37)\n----- 产生日志的方法代码如下 -----\nfunc (a *GoodsCategoryApi) CreateGoodsCategory(c *gin.Context) {\n	var category mallModel.GoodsCategory\n	err := c.ShouldBindJSON(&category)\n	if err != nil {\n		response.FailWithMessage(err.Error(), c)\n		return\n	}\n	err = goodsCategoryService.CreateGoodsCategory(category)\n	if err != nil {\n		global.GVA_LOG.Error(\"创建失败!\", zap.Error(err))\n		response.FailWithMessage(\"创建失败:\"+err.Error(), c)\n		return\n	}\n	response.OkWithMessage(\"创建成功\", c)\n}','error',NULL,'未处理'),(37,'2026-04-15 15:34:47.065','2026-04-15 15:34:47.065',NULL,'后端','创建失败! | 错误: Error 1406 (22001): Data too long for column \'id\' at row 1 \n 源文件:/Users/lll/CODE/XM/gin-vue-admin-main/server/api/v1/mall/goods_category.go:32 \n 调用栈：github.com/flipped-aurora/gin-vue-admin/server/api/v1/mall.(*GoodsCategoryApi).CreateGoodsCategory\n	/Users/lll/CODE/XM/gin-vue-admin-main/server/api/v1/mall/goods_category.go:32\ngithub.com/gin-gonic/gin.(*Context).Next\n	/Users/lll/go/pkg/mod/github.com/gin-gonic/gin@v1.10.0/context.go:185\ngithub.com/flipped-aurora/gin-vue-admin/server/router/mall.(*GoodsCategoryRouter).InitGoodsCategoryRouter.OperationRecord.func1\n	/Users/lll/CODE/XM/gin-vue-admin-main/server/middleware/operation.go:93\ngithub.com/gin-gonic/gin.(*Context).Next\n	/Users/lll/go/pkg/mod/github.com/gin-gonic/gin@v1.10.0/context.go:185\ngithub.com/flipped-aurora/gin-vue-admin/server/initialize.Routers.CasbinHandler.func4\n	/Users/lll/CODE/XM/gin-vue-admin-main/server/middleware/casbin_rbac.go:18\ngithub.com/gin-gonic/gin.(*Context).Next\n	/Users/lll/go/pkg/mod/github.com/gin-gonic/gin@v1.10.0/context.go:185\ngithub.com/flipped-aurora/gin-vue-admin/server/initialize.Routers.JWTAuth.func3\n	/Users/lll/CODE/XM/gin-vue-admin-main/server/middleware/jwt.go:69\ngithub.com/gin-gonic/gin.(*Context).Next\n	/Users/lll/go/pkg/mod/github.com/gin-gonic/gin@v1.10.0/context.go:185\ngithub.com/gin-gonic/gin.LoggerWithConfig.func1\n	/Users/lll/go/pkg/mod/github.com/gin-gonic/gin@v1.10.0/logger.go:249\ngithub.com/gin-gonic/gin.(*Context).Next\n	/Users/lll/go/pkg/mod/github.com/gin-gonic/gin@v1.10.0/context.go:185\ngithub.com/flipped-aurora/gin-vue-admin/server/initialize.Routers.GinRecovery.func2\n	/Users/lll/CODE/XM/gin-vue-admin-main/server/middleware/error.go:78\ngithub.com/gin-gonic/gin.(*Context).Next\n	/Users/lll/go/pkg/mod/github.com/gin-gonic/gin@v1.10.0/context.go:185\ngithub.com/gin-gonic/gin.(*Engine).handleHTTPRequest\n	/Users/lll/go/pkg/mod/github.com/gin-gonic/gin@v1.10.0/gin.go:633\ngithub.com/gin-gonic/gin.(*Engine).ServeHTTP\n	/Users/lll/go/pkg/mod/github.com/gin-gonic/gin@v1.10.0/gin.go:589\nnet/http.serverHandler.ServeHTTP\n	/opt/homebrew/opt/go/libexec/src/net/http/server.go:3311\nnet/http.(*conn).serve\n	/opt/homebrew/opt/go/libexec/src/net/http/server.go:2073 \n 最终调用方法:/Users/lll/CODE/XM/gin-vue-admin-main/server/api/v1/mall/goods_category.go:32 (CreateGoodsCategory lines 23-37)\n----- 产生日志的方法代码如下 -----\nfunc (a *GoodsCategoryApi) CreateGoodsCategory(c *gin.Context) {\n	var category mallModel.GoodsCategory\n	err := c.ShouldBindJSON(&category)\n	if err != nil {\n		response.FailWithMessage(err.Error(), c)\n		return\n	}\n	err = goodsCategoryService.CreateGoodsCategory(category)\n	if err != nil {\n		global.GVA_LOG.Error(\"创建失败!\", zap.Error(err))\n		response.FailWithMessage(\"创建失败:\"+err.Error(), c)\n		return\n	}\n	response.OkWithMessage(\"创建成功\", c)\n}','error',NULL,'未处理'),(38,'2026-04-15 17:38:44.015','2026-04-15 17:38:44.015',NULL,'后端','获取失败! | 错误: sql: Scan error on column index 1, name \"enable\": converting driver.Value type []uint8 (\"\") to a int: invalid syntax; sql: Scan error on column index 1, name \"enable\": converting driver.Value type []uint8 (\"\") to a int: invalid syntax \n 源文件:/Users/lll/CODE/XM/gin-vue-admin-main/server/api/v1/mall/goods_category.go:147 \n 调用栈：github.com/flipped-aurora/gin-vue-admin/server/api/v1/mall.(*GoodsCategoryApi).GetGoodsCategoryList\n	/Users/lll/CODE/XM/gin-vue-admin-main/server/api/v1/mall/goods_category.go:147\ngithub.com/gin-gonic/gin.(*Context).Next\n	/Users/lll/go/pkg/mod/github.com/gin-gonic/gin@v1.10.0/context.go:185\ngithub.com/flipped-aurora/gin-vue-admin/server/initialize.Routers.CasbinHandler.func4\n	/Users/lll/CODE/XM/gin-vue-admin-main/server/middleware/casbin_rbac.go:18\ngithub.com/gin-gonic/gin.(*Context).Next\n	/Users/lll/go/pkg/mod/github.com/gin-gonic/gin@v1.10.0/context.go:185\ngithub.com/flipped-aurora/gin-vue-admin/server/initialize.Routers.JWTAuth.func3\n	/Users/lll/CODE/XM/gin-vue-admin-main/server/middleware/jwt.go:69\ngithub.com/gin-gonic/gin.(*Context).Next\n	/Users/lll/go/pkg/mod/github.com/gin-gonic/gin@v1.10.0/context.go:185\ngithub.com/gin-gonic/gin.LoggerWithConfig.func1\n	/Users/lll/go/pkg/mod/github.com/gin-gonic/gin@v1.10.0/logger.go:249\ngithub.com/gin-gonic/gin.(*Context).Next\n	/Users/lll/go/pkg/mod/github.com/gin-gonic/gin@v1.10.0/context.go:185\ngithub.com/flipped-aurora/gin-vue-admin/server/initialize.Routers.GinRecovery.func2\n	/Users/lll/CODE/XM/gin-vue-admin-main/server/middleware/error.go:78\ngithub.com/gin-gonic/gin.(*Context).Next\n	/Users/lll/go/pkg/mod/github.com/gin-gonic/gin@v1.10.0/context.go:185\ngithub.com/gin-gonic/gin.(*Engine).handleHTTPRequest\n	/Users/lll/go/pkg/mod/github.com/gin-gonic/gin@v1.10.0/gin.go:633\ngithub.com/gin-gonic/gin.(*Engine).ServeHTTP\n	/Users/lll/go/pkg/mod/github.com/gin-gonic/gin@v1.10.0/gin.go:589\nnet/http.serverHandler.ServeHTTP\n	/opt/homebrew/opt/go/libexec/src/net/http/server.go:3311\nnet/http.(*conn).serve\n	/opt/homebrew/opt/go/libexec/src/net/http/server.go:2073 \n 最终调用方法:/Users/lll/CODE/XM/gin-vue-admin-main/server/api/v1/mall/goods_category.go:147 (GetGoodsCategoryList lines 130-157)\n----- 产生日志的方法代码如下 -----\nfunc (a *GoodsCategoryApi) GetGoodsCategoryList(c *gin.Context) {\n	var pageInfo request.PageInfo\n	err := c.ShouldBindQuery(&pageInfo)\n	if err != nil {\n		response.FailWithMessage(err.Error(), c)\n		return\n	}\n	if pageInfo.Page == 0 {\n		pageInfo.Page = 1\n	}\n	if pageInfo.PageSize == 0 {\n		pageInfo.PageSize = 10\n	}\n	name := c.Query(\"name\")\n	parentId := c.Query(\"parentId\")\n	list, total, err := goodsCategoryService.GetGoodsCategoryList(pageInfo, name, parentId)\n	if err != nil {\n		global.GVA_LOG.Error(\"获取失败!\", zap.Error(err))\n		response.FailWithMessage(\"获取失败:\"+err.Error(), c)\n		return\n	}\n	response.OkWithDetailed(response.PageResult{\n		List:     list,\n		Total:    total,\n		Page:     pageInfo.Page,\n		PageSize: pageInfo.PageSize,\n	}, \"获取成功\", c)\n}','error',NULL,'未处理'),(39,'2026-04-15 19:13:09.006','2026-04-15 19:13:09.006',NULL,'后端','创建失败! | 错误: Error 1062 (23000): Duplicate entry \'\' for key \'goods_spu.PRIMARY\' \n 源文件:/Users/lll/CODE/XM/gin-vue-admin-main/server/api/v1/mall/goods_spu.go:33 \n 调用栈：github.com/flipped-aurora/gin-vue-admin/server/api/v1/mall.(*GoodsSpuApi).CreateGoodsSpu\n	/Users/lll/CODE/XM/gin-vue-admin-main/server/api/v1/mall/goods_spu.go:33\ngithub.com/gin-gonic/gin.(*Context).Next\n	/Users/lll/go/pkg/mod/github.com/gin-gonic/gin@v1.10.0/context.go:185\ngithub.com/flipped-aurora/gin-vue-admin/server/router/mall.(*GoodsSpuRouter).InitGoodsSpuRouter.OperationRecord.func1\n	/Users/lll/CODE/XM/gin-vue-admin-main/server/middleware/operation.go:93\ngithub.com/gin-gonic/gin.(*Context).Next\n	/Users/lll/go/pkg/mod/github.com/gin-gonic/gin@v1.10.0/context.go:185\ngithub.com/flipped-aurora/gin-vue-admin/server/initialize.Routers.CasbinHandler.func4\n	/Users/lll/CODE/XM/gin-vue-admin-main/server/middleware/casbin_rbac.go:18\ngithub.com/gin-gonic/gin.(*Context).Next\n	/Users/lll/go/pkg/mod/github.com/gin-gonic/gin@v1.10.0/context.go:185\ngithub.com/flipped-aurora/gin-vue-admin/server/initialize.Routers.JWTAuth.func3\n	/Users/lll/CODE/XM/gin-vue-admin-main/server/middleware/jwt.go:69\ngithub.com/gin-gonic/gin.(*Context).Next\n	/Users/lll/go/pkg/mod/github.com/gin-gonic/gin@v1.10.0/context.go:185\ngithub.com/gin-gonic/gin.LoggerWithConfig.func1\n	/Users/lll/go/pkg/mod/github.com/gin-gonic/gin@v1.10.0/logger.go:249\ngithub.com/gin-gonic/gin.(*Context).Next\n	/Users/lll/go/pkg/mod/github.com/gin-gonic/gin@v1.10.0/context.go:185\ngithub.com/flipped-aurora/gin-vue-admin/server/initialize.Routers.GinRecovery.func2\n	/Users/lll/CODE/XM/gin-vue-admin-main/server/middleware/error.go:78\ngithub.com/gin-gonic/gin.(*Context).Next\n	/Users/lll/go/pkg/mod/github.com/gin-gonic/gin@v1.10.0/context.go:185\ngithub.com/gin-gonic/gin.(*Engine).handleHTTPRequest\n	/Users/lll/go/pkg/mod/github.com/gin-gonic/gin@v1.10.0/gin.go:633\ngithub.com/gin-gonic/gin.(*Engine).ServeHTTP\n	/Users/lll/go/pkg/mod/github.com/gin-gonic/gin@v1.10.0/gin.go:589\nnet/http.serverHandler.ServeHTTP\n	/opt/homebrew/opt/go/libexec/src/net/http/server.go:3311\nnet/http.(*conn).serve\n	/opt/homebrew/opt/go/libexec/src/net/http/server.go:2073 \n 最终调用方法:/Users/lll/CODE/XM/gin-vue-admin-main/server/api/v1/mall/goods_spu.go:33 (CreateGoodsSpu lines 24-38)\n----- 产生日志的方法代码如下 -----\nfunc (a *GoodsSpuApi) CreateGoodsSpu(c *gin.Context) {\n	var spu mallModel.GoodsSpu\n	err := c.ShouldBindJSON(&spu)\n	if err != nil {\n		response.FailWithMessage(err.Error(), c)\n		return\n	}\n	err = goodsSpuService.CreateGoodsSpu(spu)\n	if err != nil {\n		global.GVA_LOG.Error(\"创建失败!\", zap.Error(err))\n		response.FailWithMessage(\"创建失败:\"+err.Error(), c)\n		return\n	}\n	response.OkWithMessage(\"创建成功\", c)\n}','error',NULL,'未处理'),(40,'2026-04-16 09:59:42.672','2026-04-16 09:59:42.672',NULL,'后端','更新失败! | 错误: Error 1054 (42S22): Unknown column \'sales_num\' in \'field list\' \n 源文件:/Users/lll/CODE/XM/gin-vue-admin-main/server/api/v1/mall/goods_spu.go:88 \n 调用栈：github.com/flipped-aurora/gin-vue-admin/server/api/v1/mall.(*GoodsSpuApi).UpdateGoodsSpu\n	/Users/lll/CODE/XM/gin-vue-admin-main/server/api/v1/mall/goods_spu.go:88\ngithub.com/gin-gonic/gin.(*Context).Next\n	/Users/lll/go/pkg/mod/github.com/gin-gonic/gin@v1.10.0/context.go:185\ngithub.com/flipped-aurora/gin-vue-admin/server/router/mall.(*GoodsSpuRouter).InitGoodsSpuRouter.OperationRecord.func1\n	/Users/lll/CODE/XM/gin-vue-admin-main/server/middleware/operation.go:93\ngithub.com/gin-gonic/gin.(*Context).Next\n	/Users/lll/go/pkg/mod/github.com/gin-gonic/gin@v1.10.0/context.go:185\ngithub.com/flipped-aurora/gin-vue-admin/server/initialize.Routers.CasbinHandler.func4\n	/Users/lll/CODE/XM/gin-vue-admin-main/server/middleware/casbin_rbac.go:18\ngithub.com/gin-gonic/gin.(*Context).Next\n	/Users/lll/go/pkg/mod/github.com/gin-gonic/gin@v1.10.0/context.go:185\ngithub.com/flipped-aurora/gin-vue-admin/server/initialize.Routers.JWTAuth.func3\n	/Users/lll/CODE/XM/gin-vue-admin-main/server/middleware/jwt.go:69\ngithub.com/gin-gonic/gin.(*Context).Next\n	/Users/lll/go/pkg/mod/github.com/gin-gonic/gin@v1.10.0/context.go:185\ngithub.com/gin-gonic/gin.LoggerWithConfig.func1\n	/Users/lll/go/pkg/mod/github.com/gin-gonic/gin@v1.10.0/logger.go:249\ngithub.com/gin-gonic/gin.(*Context).Next\n	/Users/lll/go/pkg/mod/github.com/gin-gonic/gin@v1.10.0/context.go:185\ngithub.com/flipped-aurora/gin-vue-admin/server/initialize.Routers.GinRecovery.func2\n	/Users/lll/CODE/XM/gin-vue-admin-main/server/middleware/error.go:78\ngithub.com/gin-gonic/gin.(*Context).Next\n	/Users/lll/go/pkg/mod/github.com/gin-gonic/gin@v1.10.0/context.go:185\ngithub.com/gin-gonic/gin.(*Engine).handleHTTPRequest\n	/Users/lll/go/pkg/mod/github.com/gin-gonic/gin@v1.10.0/gin.go:633\ngithub.com/gin-gonic/gin.(*Engine).ServeHTTP\n	/Users/lll/go/pkg/mod/github.com/gin-gonic/gin@v1.10.0/gin.go:589\nnet/http.serverHandler.ServeHTTP\n	/opt/homebrew/opt/go/libexec/src/net/http/server.go:3311\nnet/http.(*conn).serve\n	/opt/homebrew/opt/go/libexec/src/net/http/server.go:2073 \n 最终调用方法:/Users/lll/CODE/XM/gin-vue-admin-main/server/api/v1/mall/goods_spu.go:88 (UpdateGoodsSpu lines 79-93)\n----- 产生日志的方法代码如下 -----\nfunc (a *GoodsSpuApi) UpdateGoodsSpu(c *gin.Context) {\n	var spu mallModel.GoodsSpu\n	err := c.ShouldBindJSON(&spu)\n	if err != nil {\n		response.FailWithMessage(err.Error(), c)\n		return\n	}\n	err = goodsSpuService.UpdateGoodsSpu(spu)\n	if err != nil {\n		global.GVA_LOG.Error(\"更新失败!\", zap.Error(err))\n		response.FailWithMessage(\"更新失败:\"+err.Error(), c)\n		return\n	}\n	response.OkWithMessage(\"更新成功\", c)\n}','error',NULL,'未处理'),(41,'2026-04-16 09:59:59.246','2026-04-16 09:59:59.246',NULL,'前端','错误信息: cancel\nStack: 调用栈: 没有调用栈信息','error',NULL,'未处理'),(42,'2026-04-16 10:01:23.495','2026-04-16 10:01:23.495',NULL,'后端','更新失败! | 错误: Error 1054 (42S22): Unknown column \'app\' in \'field list\' \n 源文件:/Users/lll/CODE/XM/gin-vue-admin-main/server/api/v1/store/installing_package.go:84 \n 调用栈：github.com/flipped-aurora/gin-vue-admin/server/api/v1/store.(*InstallingPackageApi).UpdateInstallingPackage\n	/Users/lll/CODE/XM/gin-vue-admin-main/server/api/v1/store/installing_package.go:84\ngithub.com/gin-gonic/gin.(*Context).Next\n	/Users/lll/go/pkg/mod/github.com/gin-gonic/gin@v1.10.0/context.go:185\ngithub.com/flipped-aurora/gin-vue-admin/server/router/store.(*InstallingPackageRouter).InitInstallingPackageRouter.OperationRecord.func1\n	/Users/lll/CODE/XM/gin-vue-admin-main/server/middleware/operation.go:93\ngithub.com/gin-gonic/gin.(*Context).Next\n	/Users/lll/go/pkg/mod/github.com/gin-gonic/gin@v1.10.0/context.go:185\ngithub.com/flipped-aurora/gin-vue-admin/server/initialize.Routers.CasbinHandler.func4\n	/Users/lll/CODE/XM/gin-vue-admin-main/server/middleware/casbin_rbac.go:18\ngithub.com/gin-gonic/gin.(*Context).Next\n	/Users/lll/go/pkg/mod/github.com/gin-gonic/gin@v1.10.0/context.go:185\ngithub.com/flipped-aurora/gin-vue-admin/server/initialize.Routers.JWTAuth.func3\n	/Users/lll/CODE/XM/gin-vue-admin-main/server/middleware/jwt.go:69\ngithub.com/gin-gonic/gin.(*Context).Next\n	/Users/lll/go/pkg/mod/github.com/gin-gonic/gin@v1.10.0/context.go:185\ngithub.com/gin-gonic/gin.LoggerWithConfig.func1\n	/Users/lll/go/pkg/mod/github.com/gin-gonic/gin@v1.10.0/logger.go:249\ngithub.com/gin-gonic/gin.(*Context).Next\n	/Users/lll/go/pkg/mod/github.com/gin-gonic/gin@v1.10.0/context.go:185\ngithub.com/flipped-aurora/gin-vue-admin/server/initialize.Routers.GinRecovery.func2\n	/Users/lll/CODE/XM/gin-vue-admin-main/server/middleware/error.go:78\ngithub.com/gin-gonic/gin.(*Context).Next\n	/Users/lll/go/pkg/mod/github.com/gin-gonic/gin@v1.10.0/context.go:185\ngithub.com/gin-gonic/gin.(*Engine).handleHTTPRequest\n	/Users/lll/go/pkg/mod/github.com/gin-gonic/gin@v1.10.0/gin.go:633\ngithub.com/gin-gonic/gin.(*Engine).ServeHTTP\n	/Users/lll/go/pkg/mod/github.com/gin-gonic/gin@v1.10.0/gin.go:589\nnet/http.serverHandler.ServeHTTP\n	/opt/homebrew/opt/go/libexec/src/net/http/server.go:3311\nnet/http.(*conn).serve\n	/opt/homebrew/opt/go/libexec/src/net/http/server.go:2073 \n 最终调用方法:/Users/lll/CODE/XM/gin-vue-admin-main/server/api/v1/store/installing_package.go:84 (UpdateInstallingPackage lines 75-89)\n----- 产生日志的方法代码如下 -----\nfunc (i *InstallingPackageApi) UpdateInstallingPackage(c *gin.Context) {\n	var pkg storeModel.InstallingPackage\n	err := c.ShouldBindJSON(&pkg)\n	if err != nil {\n		response.FailWithMessage(err.Error(), c)\n		return\n	}\n	err = installingPkgService.UpdateInstallingPackage(pkg)\n	if err != nil {\n		global.GVA_LOG.Error(\"更新失败!\", zap.Error(err))\n		response.FailWithMessage(\"更新失败:\"+err.Error(), c)\n		return\n	}\n	response.OkWithMessage(\"更新成功\", c)\n}','error',NULL,'未处理'),(43,'2026-04-16 10:04:44.564','2026-04-16 10:04:44.564',NULL,'后端','更新失败! | 错误: Error 1054 (42S22): Unknown column \'app\' in \'field list\' \n 源文件:/Users/lll/CODE/XM/gin-vue-admin-main/server/api/v1/store/installing_package.go:84 \n 调用栈：github.com/flipped-aurora/gin-vue-admin/server/api/v1/store.(*InstallingPackageApi).UpdateInstallingPackage\n	/Users/lll/CODE/XM/gin-vue-admin-main/server/api/v1/store/installing_package.go:84\ngithub.com/gin-gonic/gin.(*Context).Next\n	/Users/lll/go/pkg/mod/github.com/gin-gonic/gin@v1.10.0/context.go:185\ngithub.com/flipped-aurora/gin-vue-admin/server/router/store.(*InstallingPackageRouter).InitInstallingPackageRouter.OperationRecord.func1\n	/Users/lll/CODE/XM/gin-vue-admin-main/server/middleware/operation.go:93\ngithub.com/gin-gonic/gin.(*Context).Next\n	/Users/lll/go/pkg/mod/github.com/gin-gonic/gin@v1.10.0/context.go:185\ngithub.com/flipped-aurora/gin-vue-admin/server/initialize.Routers.CasbinHandler.func4\n	/Users/lll/CODE/XM/gin-vue-admin-main/server/middleware/casbin_rbac.go:18\ngithub.com/gin-gonic/gin.(*Context).Next\n	/Users/lll/go/pkg/mod/github.com/gin-gonic/gin@v1.10.0/context.go:185\ngithub.com/flipped-aurora/gin-vue-admin/server/initialize.Routers.JWTAuth.func3\n	/Users/lll/CODE/XM/gin-vue-admin-main/server/middleware/jwt.go:69\ngithub.com/gin-gonic/gin.(*Context).Next\n	/Users/lll/go/pkg/mod/github.com/gin-gonic/gin@v1.10.0/context.go:185\ngithub.com/gin-gonic/gin.LoggerWithConfig.func1\n	/Users/lll/go/pkg/mod/github.com/gin-gonic/gin@v1.10.0/logger.go:249\ngithub.com/gin-gonic/gin.(*Context).Next\n	/Users/lll/go/pkg/mod/github.com/gin-gonic/gin@v1.10.0/context.go:185\ngithub.com/flipped-aurora/gin-vue-admin/server/initialize.Routers.GinRecovery.func2\n	/Users/lll/CODE/XM/gin-vue-admin-main/server/middleware/error.go:78\ngithub.com/gin-gonic/gin.(*Context).Next\n	/Users/lll/go/pkg/mod/github.com/gin-gonic/gin@v1.10.0/context.go:185\ngithub.com/gin-gonic/gin.(*Engine).handleHTTPRequest\n	/Users/lll/go/pkg/mod/github.com/gin-gonic/gin@v1.10.0/gin.go:633\ngithub.com/gin-gonic/gin.(*Engine).ServeHTTP\n	/Users/lll/go/pkg/mod/github.com/gin-gonic/gin@v1.10.0/gin.go:589\nnet/http.serverHandler.ServeHTTP\n	/opt/homebrew/opt/go/libexec/src/net/http/server.go:3311\nnet/http.(*conn).serve\n	/opt/homebrew/opt/go/libexec/src/net/http/server.go:2073 \n 最终调用方法:/Users/lll/CODE/XM/gin-vue-admin-main/server/api/v1/store/installing_package.go:84 (UpdateInstallingPackage lines 75-89)\n----- 产生日志的方法代码如下 -----\nfunc (i *InstallingPackageApi) UpdateInstallingPackage(c *gin.Context) {\n	var pkg storeModel.InstallingPackage\n	err := c.ShouldBindJSON(&pkg)\n	if err != nil {\n		response.FailWithMessage(err.Error(), c)\n		return\n	}\n	err = installingPkgService.UpdateInstallingPackage(pkg)\n	if err != nil {\n		global.GVA_LOG.Error(\"更新失败!\", zap.Error(err))\n		response.FailWithMessage(\"更新失败:\"+err.Error(), c)\n		return\n	}\n	response.OkWithMessage(\"更新成功\", c)\n}','error',NULL,'未处理'),(44,'2026-04-16 12:59:39.827','2026-04-16 12:59:39.827',NULL,'前端','错误信息: SyntaxError: The requested module \'/src/api/mxuser.js?t=1776315579320\' does not provide an export named \'updateActivationCode\'\nStack: 调用栈: SyntaxError: The requested module \'/src/api/mxuser.js?t=1776315579320\' does not provide an export named \'updateActivationCode\'','error',NULL,'未处理'),(45,'2026-04-16 17:23:00.771','2026-04-16 17:23:00.771',NULL,'前端','错误信息: TypeError: Failed to fetch dynamically imported module: http://localhost:8080/src/view/mall/order.vue?t=1776331380153\nStack: 调用栈: TypeError: Failed to fetch dynamically imported module: http://localhost:8080/src/view/mall/order.vue?t=1776331380153','error',NULL,'未处理'),(46,'2026-04-16 17:23:01.053','2026-04-16 17:23:01.053',NULL,'前端','错误信息: TypeError: Failed to fetch dynamically imported module: http://localhost:8080/src/view/mall/order.vue?t=1776331380153\nStack: 调用栈: TypeError: Failed to fetch dynamically imported module: http://localhost:8080/src/view/mall/order.vue?t=1776331380153','error',NULL,'未处理'),(47,'2026-04-16 17:27:52.701','2026-04-16 17:27:52.701',NULL,'前端','错误信息: TypeError: Failed to fetch dynamically imported module: http://localhost:8080/src/view/mall/order.vue?t=1776331380153\nStack: 调用栈: TypeError: Failed to fetch dynamically imported module: http://localhost:8080/src/view/mall/order.vue?t=1776331380153','error',NULL,'未处理'),(48,'2026-04-16 17:27:52.983','2026-04-16 17:27:52.983',NULL,'前端','错误信息: TypeError: Failed to fetch dynamically imported module: http://localhost:8080/src/view/mall/order.vue?t=1776331380153\nStack: 调用栈: TypeError: Failed to fetch dynamically imported module: http://localhost:8080/src/view/mall/order.vue?t=1776331380153','error',NULL,'未处理'),(49,'2026-04-16 18:01:25.128','2026-04-16 18:01:25.128',NULL,'后端','server启动失败 | 错误: listen tcp :8888: bind: address already in use \n 源文件:/Users/lll/CODE/XM/gin-vue-admin-main/server/core/server_run.go:36 \n 调用栈：github.com/flipped-aurora/gin-vue-admin/server/core.initServer.func1\n	/Users/lll/CODE/XM/gin-vue-admin-main/server/core/server_run.go:36','error',NULL,'未处理'),(50,'2026-04-16 18:01:38.098','2026-04-16 18:01:38.098',NULL,'后端','修改失败! | 错误: 您提交的角色ID不合法 \n 源文件:/Users/lll/CODE/XM/gin-vue-admin-main/server/api/v1/system/sys_user.go:324 \n 调用栈：github.com/flipped-aurora/gin-vue-admin/server/api/v1/system.(*BaseApi).SetUserAuthorities\n	/Users/lll/CODE/XM/gin-vue-admin-main/server/api/v1/system/sys_user.go:324\ngithub.com/gin-gonic/gin.(*Context).Next\n	/Users/lll/go/pkg/mod/github.com/gin-gonic/gin@v1.10.0/context.go:185\ngithub.com/flipped-aurora/gin-vue-admin/server/router/system.(*UserRouter).InitUserRouter.OperationRecord.func1\n	/Users/lll/CODE/XM/gin-vue-admin-main/server/middleware/operation.go:93\ngithub.com/gin-gonic/gin.(*Context).Next\n	/Users/lll/go/pkg/mod/github.com/gin-gonic/gin@v1.10.0/context.go:185\ngithub.com/flipped-aurora/gin-vue-admin/server/initialize.Routers.CasbinHandler.func4\n	/Users/lll/CODE/XM/gin-vue-admin-main/server/middleware/casbin_rbac.go:18\ngithub.com/gin-gonic/gin.(*Context).Next\n	/Users/lll/go/pkg/mod/github.com/gin-gonic/gin@v1.10.0/context.go:185\ngithub.com/flipped-aurora/gin-vue-admin/server/initialize.Routers.JWTAuth.func3\n	/Users/lll/CODE/XM/gin-vue-admin-main/server/middleware/jwt.go:69\ngithub.com/gin-gonic/gin.(*Context).Next\n	/Users/lll/go/pkg/mod/github.com/gin-gonic/gin@v1.10.0/context.go:185\ngithub.com/gin-gonic/gin.LoggerWithConfig.func1\n	/Users/lll/go/pkg/mod/github.com/gin-gonic/gin@v1.10.0/logger.go:249\ngithub.com/gin-gonic/gin.(*Context).Next\n	/Users/lll/go/pkg/mod/github.com/gin-gonic/gin@v1.10.0/context.go:185\ngithub.com/flipped-aurora/gin-vue-admin/server/initialize.Routers.GinRecovery.func2\n	/Users/lll/CODE/XM/gin-vue-admin-main/server/middleware/error.go:78\ngithub.com/gin-gonic/gin.(*Context).Next\n	/Users/lll/go/pkg/mod/github.com/gin-gonic/gin@v1.10.0/context.go:185\ngithub.com/gin-gonic/gin.(*Engine).handleHTTPRequest\n	/Users/lll/go/pkg/mod/github.com/gin-gonic/gin@v1.10.0/gin.go:633\ngithub.com/gin-gonic/gin.(*Engine).ServeHTTP\n	/Users/lll/go/pkg/mod/github.com/gin-gonic/gin@v1.10.0/gin.go:589\nnet/http.serverHandler.ServeHTTP\n	/opt/homebrew/opt/go/libexec/src/net/http/server.go:3311\nnet/http.(*conn).serve\n	/opt/homebrew/opt/go/libexec/src/net/http/server.go:2073 \n 最终调用方法:/Users/lll/CODE/XM/gin-vue-admin-main/server/api/v1/system/sys_user.go:324 (SetUserAuthorities lines 314-329)\n----- 产生日志的方法代码如下 -----\nfunc (b *BaseApi) SetUserAuthorities(c *gin.Context) {\n	var sua systemReq.SetUserAuthorities\n	err := c.ShouldBindJSON(&sua)\n	if err != nil {\n		response.FailWithMessage(err.Error(), c)\n		return\n	}\n	authorityID := utils.GetUserAuthorityId(c)\n	err = userService.SetUserAuthorities(authorityID, sua.ID, sua.AuthorityIds)\n	if err != nil {\n		global.GVA_LOG.Error(\"修改失败!\", zap.Error(err))\n		response.FailWithMessage(\"修改失败\", c)\n		return\n	}\n	response.OkWithMessage(\"修改成功\", c)\n}','error',NULL,'未处理'),(51,'2026-04-16 18:01:42.896','2026-04-16 18:01:42.896',NULL,'后端','修改失败! | 错误: 您提交的角色ID不合法 \n 源文件:/Users/lll/CODE/XM/gin-vue-admin-main/server/api/v1/system/sys_user.go:324 \n 调用栈：github.com/flipped-aurora/gin-vue-admin/server/api/v1/system.(*BaseApi).SetUserAuthorities\n	/Users/lll/CODE/XM/gin-vue-admin-main/server/api/v1/system/sys_user.go:324\ngithub.com/gin-gonic/gin.(*Context).Next\n	/Users/lll/go/pkg/mod/github.com/gin-gonic/gin@v1.10.0/context.go:185\ngithub.com/flipped-aurora/gin-vue-admin/server/router/system.(*UserRouter).InitUserRouter.OperationRecord.func1\n	/Users/lll/CODE/XM/gin-vue-admin-main/server/middleware/operation.go:93\ngithub.com/gin-gonic/gin.(*Context).Next\n	/Users/lll/go/pkg/mod/github.com/gin-gonic/gin@v1.10.0/context.go:185\ngithub.com/flipped-aurora/gin-vue-admin/server/initialize.Routers.CasbinHandler.func4\n	/Users/lll/CODE/XM/gin-vue-admin-main/server/middleware/casbin_rbac.go:18\ngithub.com/gin-gonic/gin.(*Context).Next\n	/Users/lll/go/pkg/mod/github.com/gin-gonic/gin@v1.10.0/context.go:185\ngithub.com/flipped-aurora/gin-vue-admin/server/initialize.Routers.JWTAuth.func3\n	/Users/lll/CODE/XM/gin-vue-admin-main/server/middleware/jwt.go:69\ngithub.com/gin-gonic/gin.(*Context).Next\n	/Users/lll/go/pkg/mod/github.com/gin-gonic/gin@v1.10.0/context.go:185\ngithub.com/gin-gonic/gin.LoggerWithConfig.func1\n	/Users/lll/go/pkg/mod/github.com/gin-gonic/gin@v1.10.0/logger.go:249\ngithub.com/gin-gonic/gin.(*Context).Next\n	/Users/lll/go/pkg/mod/github.com/gin-gonic/gin@v1.10.0/context.go:185\ngithub.com/flipped-aurora/gin-vue-admin/server/initialize.Routers.GinRecovery.func2\n	/Users/lll/CODE/XM/gin-vue-admin-main/server/middleware/error.go:78\ngithub.com/gin-gonic/gin.(*Context).Next\n	/Users/lll/go/pkg/mod/github.com/gin-gonic/gin@v1.10.0/context.go:185\ngithub.com/gin-gonic/gin.(*Engine).handleHTTPRequest\n	/Users/lll/go/pkg/mod/github.com/gin-gonic/gin@v1.10.0/gin.go:633\ngithub.com/gin-gonic/gin.(*Engine).ServeHTTP\n	/Users/lll/go/pkg/mod/github.com/gin-gonic/gin@v1.10.0/gin.go:589\nnet/http.serverHandler.ServeHTTP\n	/opt/homebrew/opt/go/libexec/src/net/http/server.go:3311\nnet/http.(*conn).serve\n	/opt/homebrew/opt/go/libexec/src/net/http/server.go:2073 \n 最终调用方法:/Users/lll/CODE/XM/gin-vue-admin-main/server/api/v1/system/sys_user.go:324 (SetUserAuthorities lines 314-329)\n----- 产生日志的方法代码如下 -----\nfunc (b *BaseApi) SetUserAuthorities(c *gin.Context) {\n	var sua systemReq.SetUserAuthorities\n	err := c.ShouldBindJSON(&sua)\n	if err != nil {\n		response.FailWithMessage(err.Error(), c)\n		return\n	}\n	authorityID := utils.GetUserAuthorityId(c)\n	err = userService.SetUserAuthorities(authorityID, sua.ID, sua.AuthorityIds)\n	if err != nil {\n		global.GVA_LOG.Error(\"修改失败!\", zap.Error(err))\n		response.FailWithMessage(\"修改失败\", c)\n		return\n	}\n	response.OkWithMessage(\"修改成功\", c)\n}','error',NULL,'未处理'),(52,'2026-04-16 20:48:22.170','2026-04-16 20:48:22.170',NULL,'前端','错误信息: TypeError: _ctx.getFirstImage is not a function\nStack: 调用栈: TypeError: _ctx.getFirstImage is not a function\n    at http://localhost:8080/src/view/mall/spu.vue?t=1776343701994:271:21\n    at Proxy.renderFnWithContext (http://localhost:8080/node_modules/.vite/deps/chunk-75CQNTVX.js?v=0797c44e:3022:13)\n    at column2.renderCell (http://localhost:8080/node_modules/.vite/deps/chunk-YCVH5FVB.js?v=0797c44e:49627:39)\n    at cellChildren (http://localhost:8080/node_modules/.vite/deps/chunk-YCVH5FVB.js?v=0797c44e:48243:20)\n    at default (http://localhost:8080/node_modules/.vite/deps/chunk-YCVH5FVB.js?v=0797c44e:48239:27)\n    at http://localhost:8080/node_modules/.vite/deps/chunk-75CQNTVX.js?v=0797c44e:10836:35\n    at renderFnWithContext (http://localhost:8080/node_modules/.vite/deps/chunk-75CQNTVX.js?v=0797c44e:3022:13)\n    at renderSlot (http://localhost:8080/node_modules/.vite/deps/chunk-75CQNTVX.js?v=0797c44e:4891:53)\n    at Proxy.<anonymous> (http://localhost:8080/node_modules/.vite/deps/chunk-YCVH5FVB.js?v=0797c44e:48157:11)\n    at renderComponentRoot (http://localhost:8080/node_modules/.vite/deps/chunk-75CQNTVX.js?v=0797c44e:5953:17)','error',NULL,'未处理'),(53,'2026-04-16 20:48:22.170','2026-04-16 20:48:22.170',NULL,'前端','错误信息: TypeError: _ctx.getFirstImage is not a function\nStack: 调用栈: TypeError: _ctx.getFirstImage is not a function\n    at http://localhost:8080/src/view/mall/spu.vue?t=1776343701994:271:21\n    at Proxy.renderFnWithContext (http://localhost:8080/node_modules/.vite/deps/chunk-75CQNTVX.js?v=0797c44e:3022:13)\n    at column2.renderCell (http://localhost:8080/node_modules/.vite/deps/chunk-YCVH5FVB.js?v=0797c44e:49627:39)\n    at cellChildren (http://localhost:8080/node_modules/.vite/deps/chunk-YCVH5FVB.js?v=0797c44e:48243:20)\n    at default (http://localhost:8080/node_modules/.vite/deps/chunk-YCVH5FVB.js?v=0797c44e:48239:27)\n    at http://localhost:8080/node_modules/.vite/deps/chunk-75CQNTVX.js?v=0797c44e:10836:35\n    at renderFnWithContext (http://localhost:8080/node_modules/.vite/deps/chunk-75CQNTVX.js?v=0797c44e:3022:13)\n    at renderSlot (http://localhost:8080/node_modules/.vite/deps/chunk-75CQNTVX.js?v=0797c44e:4891:53)\n    at Proxy.<anonymous> (http://localhost:8080/node_modules/.vite/deps/chunk-YCVH5FVB.js?v=0797c44e:48157:11)\n    at renderComponentRoot (http://localhost:8080/node_modules/.vite/deps/chunk-75CQNTVX.js?v=0797c44e:5953:17)','error',NULL,'未处理'),(54,'2026-04-16 20:48:22.189','2026-04-16 20:48:22.189',NULL,'前端','错误信息: TypeError: _ctx.getFirstImage is not a function\nStack: 调用栈: TypeError: _ctx.getFirstImage is not a function\n    at http://localhost:8080/src/view/mall/spu.vue?t=1776343701994:271:21\n    at Proxy.renderFnWithContext (http://localhost:8080/node_modules/.vite/deps/chunk-75CQNTVX.js?v=0797c44e:3022:13)\n    at column2.renderCell (http://localhost:8080/node_modules/.vite/deps/chunk-YCVH5FVB.js?v=0797c44e:49627:39)\n    at cellChildren (http://localhost:8080/node_modules/.vite/deps/chunk-YCVH5FVB.js?v=0797c44e:48243:20)\n    at default (http://localhost:8080/node_modules/.vite/deps/chunk-YCVH5FVB.js?v=0797c44e:48239:27)\n    at http://localhost:8080/node_modules/.vite/deps/chunk-75CQNTVX.js?v=0797c44e:10836:35\n    at renderFnWithContext (http://localhost:8080/node_modules/.vite/deps/chunk-75CQNTVX.js?v=0797c44e:3022:13)\n    at renderSlot (http://localhost:8080/node_modules/.vite/deps/chunk-75CQNTVX.js?v=0797c44e:4891:53)\n    at Proxy.<anonymous> (http://localhost:8080/node_modules/.vite/deps/chunk-YCVH5FVB.js?v=0797c44e:48157:11)\n    at renderComponentRoot (http://localhost:8080/node_modules/.vite/deps/chunk-75CQNTVX.js?v=0797c44e:5953:17)','error',NULL,'未处理'),(55,'2026-04-16 20:48:22.395','2026-04-16 20:48:22.395',NULL,'前端','错误信息: TypeError: _ctx.getFirstImage is not a function\nStack: 调用栈: TypeError: _ctx.getFirstImage is not a function\n    at http://localhost:8080/src/view/mall/spu.vue?t=1776343701994:271:21\n    at Proxy.renderFnWithContext (http://localhost:8080/node_modules/.vite/deps/chunk-75CQNTVX.js?v=0797c44e:3022:13)\n    at column2.renderCell (http://localhost:8080/node_modules/.vite/deps/chunk-YCVH5FVB.js?v=0797c44e:49627:39)\n    at cellChildren (http://localhost:8080/node_modules/.vite/deps/chunk-YCVH5FVB.js?v=0797c44e:48243:20)\n    at default (http://localhost:8080/node_modules/.vite/deps/chunk-YCVH5FVB.js?v=0797c44e:48239:27)\n    at http://localhost:8080/node_modules/.vite/deps/chunk-75CQNTVX.js?v=0797c44e:10836:35\n    at renderFnWithContext (http://localhost:8080/node_modules/.vite/deps/chunk-75CQNTVX.js?v=0797c44e:3022:13)\n    at renderSlot (http://localhost:8080/node_modules/.vite/deps/chunk-75CQNTVX.js?v=0797c44e:4891:53)\n    at Proxy.<anonymous> (http://localhost:8080/node_modules/.vite/deps/chunk-YCVH5FVB.js?v=0797c44e:48157:11)\n    at renderComponentRoot (http://localhost:8080/node_modules/.vite/deps/chunk-75CQNTVX.js?v=0797c44e:5953:17)','error',NULL,'未处理'),(56,'2026-04-16 20:48:35.431','2026-04-16 20:48:35.431',NULL,'前端','错误信息: TypeError: Cannot read properties of null (reading \'type\')\nStack: 调用栈: TypeError: Cannot read properties of null (reading \'type\')\n    at unmountComponent (http://localhost:8080/node_modules/.vite/deps/chunk-75CQNTVX.js?v=0797c44e:7998:18)\n    at unmount (http://localhost:8080/node_modules/.vite/deps/chunk-75CQNTVX.js?v=0797c44e:7901:7)\n    at unmountChildren (http://localhost:8080/node_modules/.vite/deps/chunk-75CQNTVX.js?v=0797c44e:8024:7)\n    at unmount (http://localhost:8080/node_modules/.vite/deps/chunk-75CQNTVX.js?v=0797c44e:7933:9)\n    at unmountChildren (http://localhost:8080/node_modules/.vite/deps/chunk-75CQNTVX.js?v=0797c44e:8024:7)\n    at unmount (http://localhost:8080/node_modules/.vite/deps/chunk-75CQNTVX.js?v=0797c44e:7933:9)\n    at unmountChildren (http://localhost:8080/node_modules/.vite/deps/chunk-75CQNTVX.js?v=0797c44e:8024:7)\n    at unmount (http://localhost:8080/node_modules/.vite/deps/chunk-75CQNTVX.js?v=0797c44e:7933:9)\n    at unmountComponent (http://localhost:8080/node_modules/.vite/deps/chunk-75CQNTVX.js?v=0797c44e:8010:7)\n    at unmount (http://localhost:8080/node_modules/.vite/deps/chunk-75CQNTVX.js?v=0797c44e:7901:7)','error',NULL,'未处理'),(57,'2026-04-16 20:48:35.431','2026-04-16 20:48:35.431',NULL,'前端','错误信息: TypeError: Cannot read properties of null (reading \'type\')\nStack: 调用栈: TypeError: Cannot read properties of null (reading \'type\')\n    at unmountComponent (http://localhost:8080/node_modules/.vite/deps/chunk-75CQNTVX.js?v=0797c44e:7998:18)\n    at unmount (http://localhost:8080/node_modules/.vite/deps/chunk-75CQNTVX.js?v=0797c44e:7901:7)\n    at unmountChildren (http://localhost:8080/node_modules/.vite/deps/chunk-75CQNTVX.js?v=0797c44e:8024:7)\n    at unmount (http://localhost:8080/node_modules/.vite/deps/chunk-75CQNTVX.js?v=0797c44e:7933:9)\n    at unmountChildren (http://localhost:8080/node_modules/.vite/deps/chunk-75CQNTVX.js?v=0797c44e:8024:7)\n    at unmount (http://localhost:8080/node_modules/.vite/deps/chunk-75CQNTVX.js?v=0797c44e:7933:9)\n    at unmountChildren (http://localhost:8080/node_modules/.vite/deps/chunk-75CQNTVX.js?v=0797c44e:8024:7)\n    at unmount (http://localhost:8080/node_modules/.vite/deps/chunk-75CQNTVX.js?v=0797c44e:7933:9)\n    at unmountComponent (http://localhost:8080/node_modules/.vite/deps/chunk-75CQNTVX.js?v=0797c44e:8010:7)\n    at unmount (http://localhost:8080/node_modules/.vite/deps/chunk-75CQNTVX.js?v=0797c44e:7901:7)','error',NULL,'未处理'),(58,'2026-04-16 20:48:35.431','2026-04-16 20:48:35.431',NULL,'前端','错误信息: TypeError: Cannot read properties of null (reading \'type\')\nStack: 调用栈: TypeError: Cannot read properties of null (reading \'type\')\n    at unmountComponent (http://localhost:8080/node_modules/.vite/deps/chunk-75CQNTVX.js?v=0797c44e:7998:18)\n    at unmount (http://localhost:8080/node_modules/.vite/deps/chunk-75CQNTVX.js?v=0797c44e:7901:7)\n    at unmountChildren (http://localhost:8080/node_modules/.vite/deps/chunk-75CQNTVX.js?v=0797c44e:8024:7)\n    at unmount (http://localhost:8080/node_modules/.vite/deps/chunk-75CQNTVX.js?v=0797c44e:7933:9)\n    at unmountChildren (http://localhost:8080/node_modules/.vite/deps/chunk-75CQNTVX.js?v=0797c44e:8024:7)\n    at unmount (http://localhost:8080/node_modules/.vite/deps/chunk-75CQNTVX.js?v=0797c44e:7933:9)\n    at unmountChildren (http://localhost:8080/node_modules/.vite/deps/chunk-75CQNTVX.js?v=0797c44e:8024:7)\n    at unmount (http://localhost:8080/node_modules/.vite/deps/chunk-75CQNTVX.js?v=0797c44e:7933:9)\n    at unmountComponent (http://localhost:8080/node_modules/.vite/deps/chunk-75CQNTVX.js?v=0797c44e:8010:7)\n    at unmount (http://localhost:8080/node_modules/.vite/deps/chunk-75CQNTVX.js?v=0797c44e:7901:7)','error',NULL,'未处理'),(59,'2026-04-16 20:48:35.435','2026-04-16 20:48:35.435',NULL,'前端','错误信息: TypeError: Cannot read properties of null (reading \'type\')\nStack: 调用栈: TypeError: Cannot read properties of null (reading \'type\')\n    at unmountComponent (http://localhost:8080/node_modules/.vite/deps/chunk-75CQNTVX.js?v=0797c44e:7998:18)\n    at unmount (http://localhost:8080/node_modules/.vite/deps/chunk-75CQNTVX.js?v=0797c44e:7901:7)\n    at unmountChildren (http://localhost:8080/node_modules/.vite/deps/chunk-75CQNTVX.js?v=0797c44e:8024:7)\n    at unmount (http://localhost:8080/node_modules/.vite/deps/chunk-75CQNTVX.js?v=0797c44e:7933:9)\n    at unmountChildren (http://localhost:8080/node_modules/.vite/deps/chunk-75CQNTVX.js?v=0797c44e:8024:7)\n    at unmount (http://localhost:8080/node_modules/.vite/deps/chunk-75CQNTVX.js?v=0797c44e:7933:9)\n    at unmountChildren (http://localhost:8080/node_modules/.vite/deps/chunk-75CQNTVX.js?v=0797c44e:8024:7)\n    at unmount (http://localhost:8080/node_modules/.vite/deps/chunk-75CQNTVX.js?v=0797c44e:7933:9)\n    at unmountComponent (http://localhost:8080/node_modules/.vite/deps/chunk-75CQNTVX.js?v=0797c44e:8010:7)\n    at unmount (http://localhost:8080/node_modules/.vite/deps/chunk-75CQNTVX.js?v=0797c44e:7901:7)','error',NULL,'未处理'),(60,'2026-04-16 20:48:35.435','2026-04-16 20:48:35.435',NULL,'前端','错误信息: TypeError: Cannot read properties of null (reading \'type\')\nStack: 调用栈: TypeError: Cannot read properties of null (reading \'type\')\n    at unmountComponent (http://localhost:8080/node_modules/.vite/deps/chunk-75CQNTVX.js?v=0797c44e:7998:18)\n    at unmount (http://localhost:8080/node_modules/.vite/deps/chunk-75CQNTVX.js?v=0797c44e:7901:7)\n    at unmountChildren (http://localhost:8080/node_modules/.vite/deps/chunk-75CQNTVX.js?v=0797c44e:8024:7)\n    at unmount (http://localhost:8080/node_modules/.vite/deps/chunk-75CQNTVX.js?v=0797c44e:7933:9)\n    at unmountChildren (http://localhost:8080/node_modules/.vite/deps/chunk-75CQNTVX.js?v=0797c44e:8024:7)\n    at unmount (http://localhost:8080/node_modules/.vite/deps/chunk-75CQNTVX.js?v=0797c44e:7933:9)\n    at unmountChildren (http://localhost:8080/node_modules/.vite/deps/chunk-75CQNTVX.js?v=0797c44e:8024:7)\n    at unmount (http://localhost:8080/node_modules/.vite/deps/chunk-75CQNTVX.js?v=0797c44e:7933:9)\n    at unmountComponent (http://localhost:8080/node_modules/.vite/deps/chunk-75CQNTVX.js?v=0797c44e:8010:7)\n    at unmount (http://localhost:8080/node_modules/.vite/deps/chunk-75CQNTVX.js?v=0797c44e:7901:7)','error',NULL,'未处理'),(61,'2026-04-16 21:37:29.691','2026-04-16 21:37:29.691',NULL,'前端','错误信息: TypeError: _ctx.paymentWayLabel is not a function\nStack: 调用栈: TypeError: _ctx.paymentWayLabel is not a function\n    at http://localhost:8080/src/view/mall/order.vue?t=1776346649356:493:58\n    at renderFnWithContext (http://localhost:8080/node_modules/.vite/deps/chunk-75CQNTVX.js?v=0797c44e:3022:13)\n    at renderSlot (http://localhost:8080/node_modules/.vite/deps/chunk-75CQNTVX.js?v=0797c44e:4891:53)\n    at http://localhost:8080/node_modules/.vite/deps/chunk-YCVH5FVB.js?v=0797c44e:23163:89\n    at Proxy.renderFnWithContext (http://localhost:8080/node_modules/.vite/deps/chunk-75CQNTVX.js?v=0797c44e:3022:13)\n    at Proxy.<anonymous> (http://localhost:8080/node_modules/.vite/deps/chunk-75CQNTVX.js?v=0797c44e:10133:83)\n    at renderComponentRoot (http://localhost:8080/node_modules/.vite/deps/chunk-75CQNTVX.js?v=0797c44e:5953:17)\n    at ReactiveEffect.componentUpdateFn [as fn] (http://localhost:8080/node_modules/.vite/deps/chunk-75CQNTVX.js?v=0797c44e:7368:46)\n    at ReactiveEffect.run (http://localhost:8080/node_modules/.vite/deps/chunk-75CQNTVX.js?v=0797c44e:1811:23)\n    at setupRenderEffect (http://localhost:8080/node_modules/.vite/deps/chunk-75CQNTVX.js?v=0797c44e:7503:5)','error',NULL,'未处理'),(62,'2026-04-16 21:37:29.691','2026-04-16 21:37:29.691',NULL,'前端','错误信息: TypeError: _ctx.paymentWayLabel is not a function\nStack: 调用栈: TypeError: _ctx.paymentWayLabel is not a function\n    at http://localhost:8080/src/view/mall/order.vue?t=1776346649356:493:58\n    at renderFnWithContext (http://localhost:8080/node_modules/.vite/deps/chunk-75CQNTVX.js?v=0797c44e:3022:13)\n    at renderSlot (http://localhost:8080/node_modules/.vite/deps/chunk-75CQNTVX.js?v=0797c44e:4891:53)\n    at http://localhost:8080/node_modules/.vite/deps/chunk-YCVH5FVB.js?v=0797c44e:23163:89\n    at Proxy.renderFnWithContext (http://localhost:8080/node_modules/.vite/deps/chunk-75CQNTVX.js?v=0797c44e:3022:13)\n    at Proxy.<anonymous> (http://localhost:8080/node_modules/.vite/deps/chunk-75CQNTVX.js?v=0797c44e:10133:83)\n    at renderComponentRoot (http://localhost:8080/node_modules/.vite/deps/chunk-75CQNTVX.js?v=0797c44e:5953:17)\n    at ReactiveEffect.componentUpdateFn [as fn] (http://localhost:8080/node_modules/.vite/deps/chunk-75CQNTVX.js?v=0797c44e:7368:46)\n    at ReactiveEffect.run (http://localhost:8080/node_modules/.vite/deps/chunk-75CQNTVX.js?v=0797c44e:1811:23)\n    at setupRenderEffect (http://localhost:8080/node_modules/.vite/deps/chunk-75CQNTVX.js?v=0797c44e:7503:5)','error',NULL,'未处理'),(63,'2026-04-16 21:37:29.695','2026-04-16 21:37:29.695',NULL,'前端','错误信息: TypeError: _ctx.paymentWayLabel is not a function\nStack: 调用栈: TypeError: _ctx.paymentWayLabel is not a function\n    at http://localhost:8080/src/view/mall/order.vue?t=1776346649356:493:58\n    at renderFnWithContext (http://localhost:8080/node_modules/.vite/deps/chunk-75CQNTVX.js?v=0797c44e:3022:13)\n    at renderSlot (http://localhost:8080/node_modules/.vite/deps/chunk-75CQNTVX.js?v=0797c44e:4891:53)\n    at http://localhost:8080/node_modules/.vite/deps/chunk-YCVH5FVB.js?v=0797c44e:23163:89\n    at Proxy.renderFnWithContext (http://localhost:8080/node_modules/.vite/deps/chunk-75CQNTVX.js?v=0797c44e:3022:13)\n    at Proxy.<anonymous> (http://localhost:8080/node_modules/.vite/deps/chunk-75CQNTVX.js?v=0797c44e:10133:83)\n    at renderComponentRoot (http://localhost:8080/node_modules/.vite/deps/chunk-75CQNTVX.js?v=0797c44e:5953:17)\n    at ReactiveEffect.componentUpdateFn [as fn] (http://localhost:8080/node_modules/.vite/deps/chunk-75CQNTVX.js?v=0797c44e:7368:46)\n    at ReactiveEffect.run (http://localhost:8080/node_modules/.vite/deps/chunk-75CQNTVX.js?v=0797c44e:1811:23)\n    at setupRenderEffect (http://localhost:8080/node_modules/.vite/deps/chunk-75CQNTVX.js?v=0797c44e:7503:5)','error',NULL,'未处理'),(64,'2026-04-16 21:37:29.696','2026-04-16 21:37:29.696',NULL,'前端','错误信息: TypeError: _ctx.paymentWayLabel is not a function\nStack: 调用栈: TypeError: _ctx.paymentWayLabel is not a function\n    at http://localhost:8080/src/view/mall/order.vue?t=1776346649356:493:58\n    at renderFnWithContext (http://localhost:8080/node_modules/.vite/deps/chunk-75CQNTVX.js?v=0797c44e:3022:13)\n    at renderSlot (http://localhost:8080/node_modules/.vite/deps/chunk-75CQNTVX.js?v=0797c44e:4891:53)\n    at http://localhost:8080/node_modules/.vite/deps/chunk-YCVH5FVB.js?v=0797c44e:23163:89\n    at Proxy.renderFnWithContext (http://localhost:8080/node_modules/.vite/deps/chunk-75CQNTVX.js?v=0797c44e:3022:13)\n    at Proxy.<anonymous> (http://localhost:8080/node_modules/.vite/deps/chunk-75CQNTVX.js?v=0797c44e:10133:83)\n    at renderComponentRoot (http://localhost:8080/node_modules/.vite/deps/chunk-75CQNTVX.js?v=0797c44e:5953:17)\n    at ReactiveEffect.componentUpdateFn [as fn] (http://localhost:8080/node_modules/.vite/deps/chunk-75CQNTVX.js?v=0797c44e:7368:46)\n    at ReactiveEffect.run (http://localhost:8080/node_modules/.vite/deps/chunk-75CQNTVX.js?v=0797c44e:1811:23)\n    at setupRenderEffect (http://localhost:8080/node_modules/.vite/deps/chunk-75CQNTVX.js?v=0797c44e:7503:5)','error',NULL,'未处理'),(65,'2026-04-16 21:37:29.696','2026-04-16 21:37:29.696',NULL,'前端','错误信息: TypeError: _ctx.paymentWayLabel is not a function\nStack: 调用栈: TypeError: _ctx.paymentWayLabel is not a function\n    at http://localhost:8080/src/view/mall/order.vue?t=1776346649356:493:58\n    at renderFnWithContext (http://localhost:8080/node_modules/.vite/deps/chunk-75CQNTVX.js?v=0797c44e:3022:13)\n    at renderSlot (http://localhost:8080/node_modules/.vite/deps/chunk-75CQNTVX.js?v=0797c44e:4891:53)\n    at http://localhost:8080/node_modules/.vite/deps/chunk-YCVH5FVB.js?v=0797c44e:23163:89\n    at Proxy.renderFnWithContext (http://localhost:8080/node_modules/.vite/deps/chunk-75CQNTVX.js?v=0797c44e:3022:13)\n    at Proxy.<anonymous> (http://localhost:8080/node_modules/.vite/deps/chunk-75CQNTVX.js?v=0797c44e:10133:83)\n    at renderComponentRoot (http://localhost:8080/node_modules/.vite/deps/chunk-75CQNTVX.js?v=0797c44e:5953:17)\n    at ReactiveEffect.componentUpdateFn [as fn] (http://localhost:8080/node_modules/.vite/deps/chunk-75CQNTVX.js?v=0797c44e:7368:46)\n    at ReactiveEffect.run (http://localhost:8080/node_modules/.vite/deps/chunk-75CQNTVX.js?v=0797c44e:1811:23)\n    at setupRenderEffect (http://localhost:8080/node_modules/.vite/deps/chunk-75CQNTVX.js?v=0797c44e:7503:5)','error',NULL,'未处理'),(66,'2026-04-16 21:37:29.696','2026-04-16 21:37:29.696',NULL,'前端','错误信息: TypeError: _ctx.paymentWayLabel is not a function\nStack: 调用栈: TypeError: _ctx.paymentWayLabel is not a function\n    at http://localhost:8080/src/view/mall/order.vue?t=1776346649356:493:58\n    at renderFnWithContext (http://localhost:8080/node_modules/.vite/deps/chunk-75CQNTVX.js?v=0797c44e:3022:13)\n    at renderSlot (http://localhost:8080/node_modules/.vite/deps/chunk-75CQNTVX.js?v=0797c44e:4891:53)\n    at http://localhost:8080/node_modules/.vite/deps/chunk-YCVH5FVB.js?v=0797c44e:23163:89\n    at Proxy.renderFnWithContext (http://localhost:8080/node_modules/.vite/deps/chunk-75CQNTVX.js?v=0797c44e:3022:13)\n    at Proxy.<anonymous> (http://localhost:8080/node_modules/.vite/deps/chunk-75CQNTVX.js?v=0797c44e:10133:83)\n    at renderComponentRoot (http://localhost:8080/node_modules/.vite/deps/chunk-75CQNTVX.js?v=0797c44e:5953:17)\n    at ReactiveEffect.componentUpdateFn [as fn] (http://localhost:8080/node_modules/.vite/deps/chunk-75CQNTVX.js?v=0797c44e:7368:46)\n    at ReactiveEffect.run (http://localhost:8080/node_modules/.vite/deps/chunk-75CQNTVX.js?v=0797c44e:1811:23)\n    at setupRenderEffect (http://localhost:8080/node_modules/.vite/deps/chunk-75CQNTVX.js?v=0797c44e:7503:5)','error',NULL,'未处理'),(67,'2026-04-16 21:37:29.720','2026-04-16 21:37:29.720',NULL,'前端','错误信息: TypeError: _ctx.paymentWayLabel is not a function\nStack: 调用栈: TypeError: _ctx.paymentWayLabel is not a function\n    at http://localhost:8080/src/view/mall/order.vue?t=1776346649356:493:58\n    at renderFnWithContext (http://localhost:8080/node_modules/.vite/deps/chunk-75CQNTVX.js?v=0797c44e:3022:13)\n    at renderSlot (http://localhost:8080/node_modules/.vite/deps/chunk-75CQNTVX.js?v=0797c44e:4891:53)\n    at http://localhost:8080/node_modules/.vite/deps/chunk-YCVH5FVB.js?v=0797c44e:23163:89\n    at Proxy.renderFnWithContext (http://localhost:8080/node_modules/.vite/deps/chunk-75CQNTVX.js?v=0797c44e:3022:13)\n    at Proxy.<anonymous> (http://localhost:8080/node_modules/.vite/deps/chunk-75CQNTVX.js?v=0797c44e:10133:83)\n    at renderComponentRoot (http://localhost:8080/node_modules/.vite/deps/chunk-75CQNTVX.js?v=0797c44e:5953:17)\n    at ReactiveEffect.componentUpdateFn [as fn] (http://localhost:8080/node_modules/.vite/deps/chunk-75CQNTVX.js?v=0797c44e:7368:46)\n    at ReactiveEffect.run (http://localhost:8080/node_modules/.vite/deps/chunk-75CQNTVX.js?v=0797c44e:1811:23)\n    at setupRenderEffect (http://localhost:8080/node_modules/.vite/deps/chunk-75CQNTVX.js?v=0797c44e:7503:5)','error',NULL,'未处理'),(68,'2026-04-16 21:37:29.720','2026-04-16 21:37:29.720',NULL,'前端','错误信息: TypeError: _ctx.paymentWayLabel is not a function\nStack: 调用栈: TypeError: _ctx.paymentWayLabel is not a function\n    at http://localhost:8080/src/view/mall/order.vue?t=1776346649356:493:58\n    at renderFnWithContext (http://localhost:8080/node_modules/.vite/deps/chunk-75CQNTVX.js?v=0797c44e:3022:13)\n    at renderSlot (http://localhost:8080/node_modules/.vite/deps/chunk-75CQNTVX.js?v=0797c44e:4891:53)\n    at http://localhost:8080/node_modules/.vite/deps/chunk-YCVH5FVB.js?v=0797c44e:23163:89\n    at Proxy.renderFnWithContext (http://localhost:8080/node_modules/.vite/deps/chunk-75CQNTVX.js?v=0797c44e:3022:13)\n    at Proxy.<anonymous> (http://localhost:8080/node_modules/.vite/deps/chunk-75CQNTVX.js?v=0797c44e:10133:83)\n    at renderComponentRoot (http://localhost:8080/node_modules/.vite/deps/chunk-75CQNTVX.js?v=0797c44e:5953:17)\n    at ReactiveEffect.componentUpdateFn [as fn] (http://localhost:8080/node_modules/.vite/deps/chunk-75CQNTVX.js?v=0797c44e:7368:46)\n    at ReactiveEffect.run (http://localhost:8080/node_modules/.vite/deps/chunk-75CQNTVX.js?v=0797c44e:1811:23)\n    at setupRenderEffect (http://localhost:8080/node_modules/.vite/deps/chunk-75CQNTVX.js?v=0797c44e:7503:5)','error',NULL,'未处理'),(69,'2026-04-16 21:37:29.720','2026-04-16 21:37:29.720',NULL,'前端','错误信息: TypeError: _ctx.paymentWayLabel is not a function\nStack: 调用栈: TypeError: _ctx.paymentWayLabel is not a function\n    at http://localhost:8080/src/view/mall/order.vue?t=1776346649356:493:58\n    at renderFnWithContext (http://localhost:8080/node_modules/.vite/deps/chunk-75CQNTVX.js?v=0797c44e:3022:13)\n    at renderSlot (http://localhost:8080/node_modules/.vite/deps/chunk-75CQNTVX.js?v=0797c44e:4891:53)\n    at http://localhost:8080/node_modules/.vite/deps/chunk-YCVH5FVB.js?v=0797c44e:23163:89\n    at Proxy.renderFnWithContext (http://localhost:8080/node_modules/.vite/deps/chunk-75CQNTVX.js?v=0797c44e:3022:13)\n    at Proxy.<anonymous> (http://localhost:8080/node_modules/.vite/deps/chunk-75CQNTVX.js?v=0797c44e:10133:83)\n    at renderComponentRoot (http://localhost:8080/node_modules/.vite/deps/chunk-75CQNTVX.js?v=0797c44e:5953:17)\n    at ReactiveEffect.componentUpdateFn [as fn] (http://localhost:8080/node_modules/.vite/deps/chunk-75CQNTVX.js?v=0797c44e:7368:46)\n    at ReactiveEffect.run (http://localhost:8080/node_modules/.vite/deps/chunk-75CQNTVX.js?v=0797c44e:1811:23)\n    at setupRenderEffect (http://localhost:8080/node_modules/.vite/deps/chunk-75CQNTVX.js?v=0797c44e:7503:5)','error',NULL,'未处理'),(70,'2026-04-16 21:37:29.721','2026-04-16 21:37:29.721',NULL,'前端','错误信息: TypeError: _ctx.paymentWayLabel is not a function\nStack: 调用栈: TypeError: _ctx.paymentWayLabel is not a function\n    at http://localhost:8080/src/view/mall/order.vue?t=1776346649356:493:58\n    at renderFnWithContext (http://localhost:8080/node_modules/.vite/deps/chunk-75CQNTVX.js?v=0797c44e:3022:13)\n    at renderSlot (http://localhost:8080/node_modules/.vite/deps/chunk-75CQNTVX.js?v=0797c44e:4891:53)\n    at http://localhost:8080/node_modules/.vite/deps/chunk-YCVH5FVB.js?v=0797c44e:23163:89\n    at Proxy.renderFnWithContext (http://localhost:8080/node_modules/.vite/deps/chunk-75CQNTVX.js?v=0797c44e:3022:13)\n    at Proxy.<anonymous> (http://localhost:8080/node_modules/.vite/deps/chunk-75CQNTVX.js?v=0797c44e:10133:83)\n    at renderComponentRoot (http://localhost:8080/node_modules/.vite/deps/chunk-75CQNTVX.js?v=0797c44e:5953:17)\n    at ReactiveEffect.componentUpdateFn [as fn] (http://localhost:8080/node_modules/.vite/deps/chunk-75CQNTVX.js?v=0797c44e:7368:46)\n    at ReactiveEffect.run (http://localhost:8080/node_modules/.vite/deps/chunk-75CQNTVX.js?v=0797c44e:1811:23)\n    at setupRenderEffect (http://localhost:8080/node_modules/.vite/deps/chunk-75CQNTVX.js?v=0797c44e:7503:5)','error',NULL,'未处理'),(71,'2026-04-16 21:37:49.188','2026-04-16 21:37:49.188',NULL,'前端','错误信息: TypeError: Cannot destructure property \'type\' of \'vnode\' as it is null.\nStack: 调用栈: TypeError: Cannot destructure property \'type\' of \'vnode\' as it is null.\n    at unmount (http://localhost:8080/node_modules/.vite/deps/chunk-75CQNTVX.js?v=0797c44e:7868:7)\n    at unmountComponent (http://localhost:8080/node_modules/.vite/deps/chunk-75CQNTVX.js?v=0797c44e:8010:7)\n    at unmount (http://localhost:8080/node_modules/.vite/deps/chunk-75CQNTVX.js?v=0797c44e:7901:7)\n    at unmountComponent (http://localhost:8080/node_modules/.vite/deps/chunk-75CQNTVX.js?v=0797c44e:8010:7)\n    at unmount (http://localhost:8080/node_modules/.vite/deps/chunk-75CQNTVX.js?v=0797c44e:7901:7)\n    at unmountComponent (http://localhost:8080/node_modules/.vite/deps/chunk-75CQNTVX.js?v=0797c44e:8010:7)\n    at unmount (http://localhost:8080/node_modules/.vite/deps/chunk-75CQNTVX.js?v=0797c44e:7901:7)\n    at unmountChildren (http://localhost:8080/node_modules/.vite/deps/chunk-75CQNTVX.js?v=0797c44e:8024:7)\n    at unmount (http://localhost:8080/node_modules/.vite/deps/chunk-75CQNTVX.js?v=0797c44e:7933:9)\n    at unmountChildren (http://localhost:8080/node_modules/.vite/deps/chunk-75CQNTVX.js?v=0797c44e:8024:7)','error',NULL,'未处理'),(72,'2026-04-16 21:37:49.188','2026-04-16 21:37:49.188',NULL,'前端','错误信息: TypeError: Cannot destructure property \'type\' of \'vnode\' as it is null.\nStack: 调用栈: TypeError: Cannot destructure property \'type\' of \'vnode\' as it is null.\n    at unmount (http://localhost:8080/node_modules/.vite/deps/chunk-75CQNTVX.js?v=0797c44e:7868:7)\n    at unmountComponent (http://localhost:8080/node_modules/.vite/deps/chunk-75CQNTVX.js?v=0797c44e:8010:7)\n    at unmount (http://localhost:8080/node_modules/.vite/deps/chunk-75CQNTVX.js?v=0797c44e:7901:7)\n    at unmountComponent (http://localhost:8080/node_modules/.vite/deps/chunk-75CQNTVX.js?v=0797c44e:8010:7)\n    at unmount (http://localhost:8080/node_modules/.vite/deps/chunk-75CQNTVX.js?v=0797c44e:7901:7)\n    at unmountComponent (http://localhost:8080/node_modules/.vite/deps/chunk-75CQNTVX.js?v=0797c44e:8010:7)\n    at unmount (http://localhost:8080/node_modules/.vite/deps/chunk-75CQNTVX.js?v=0797c44e:7901:7)\n    at unmountChildren (http://localhost:8080/node_modules/.vite/deps/chunk-75CQNTVX.js?v=0797c44e:8024:7)\n    at unmount (http://localhost:8080/node_modules/.vite/deps/chunk-75CQNTVX.js?v=0797c44e:7933:9)\n    at unmountChildren (http://localhost:8080/node_modules/.vite/deps/chunk-75CQNTVX.js?v=0797c44e:8024:7)','error',NULL,'未处理'),(73,'2026-04-16 21:37:49.188','2026-04-16 21:37:49.188',NULL,'前端','错误信息: TypeError: Cannot destructure property \'type\' of \'vnode\' as it is null.\nStack: 调用栈: TypeError: Cannot destructure property \'type\' of \'vnode\' as it is null.\n    at unmount (http://localhost:8080/node_modules/.vite/deps/chunk-75CQNTVX.js?v=0797c44e:7868:7)\n    at unmountComponent (http://localhost:8080/node_modules/.vite/deps/chunk-75CQNTVX.js?v=0797c44e:8010:7)\n    at unmount (http://localhost:8080/node_modules/.vite/deps/chunk-75CQNTVX.js?v=0797c44e:7901:7)\n    at unmountComponent (http://localhost:8080/node_modules/.vite/deps/chunk-75CQNTVX.js?v=0797c44e:8010:7)\n    at unmount (http://localhost:8080/node_modules/.vite/deps/chunk-75CQNTVX.js?v=0797c44e:7901:7)\n    at unmountComponent (http://localhost:8080/node_modules/.vite/deps/chunk-75CQNTVX.js?v=0797c44e:8010:7)\n    at unmount (http://localhost:8080/node_modules/.vite/deps/chunk-75CQNTVX.js?v=0797c44e:7901:7)\n    at unmountChildren (http://localhost:8080/node_modules/.vite/deps/chunk-75CQNTVX.js?v=0797c44e:8024:7)\n    at unmount (http://localhost:8080/node_modules/.vite/deps/chunk-75CQNTVX.js?v=0797c44e:7933:9)\n    at unmountChildren (http://localhost:8080/node_modules/.vite/deps/chunk-75CQNTVX.js?v=0797c44e:8024:7)','error',NULL,'未处理'),(74,'2026-04-16 21:37:49.189','2026-04-16 21:37:49.189',NULL,'前端','错误信息: TypeError: Cannot destructure property \'type\' of \'vnode\' as it is null.\nStack: 调用栈: TypeError: Cannot destructure property \'type\' of \'vnode\' as it is null.\n    at unmount (http://localhost:8080/node_modules/.vite/deps/chunk-75CQNTVX.js?v=0797c44e:7868:7)\n    at unmountComponent (http://localhost:8080/node_modules/.vite/deps/chunk-75CQNTVX.js?v=0797c44e:8010:7)\n    at unmount (http://localhost:8080/node_modules/.vite/deps/chunk-75CQNTVX.js?v=0797c44e:7901:7)\n    at unmountComponent (http://localhost:8080/node_modules/.vite/deps/chunk-75CQNTVX.js?v=0797c44e:8010:7)\n    at unmount (http://localhost:8080/node_modules/.vite/deps/chunk-75CQNTVX.js?v=0797c44e:7901:7)\n    at unmountComponent (http://localhost:8080/node_modules/.vite/deps/chunk-75CQNTVX.js?v=0797c44e:8010:7)\n    at unmount (http://localhost:8080/node_modules/.vite/deps/chunk-75CQNTVX.js?v=0797c44e:7901:7)\n    at unmountChildren (http://localhost:8080/node_modules/.vite/deps/chunk-75CQNTVX.js?v=0797c44e:8024:7)\n    at unmount (http://localhost:8080/node_modules/.vite/deps/chunk-75CQNTVX.js?v=0797c44e:7933:9)\n    at unmountChildren (http://localhost:8080/node_modules/.vite/deps/chunk-75CQNTVX.js?v=0797c44e:8024:7)','error',NULL,'未处理'),(75,'2026-04-16 21:37:49.189','2026-04-16 21:37:49.189',NULL,'前端','错误信息: TypeError: Cannot destructure property \'type\' of \'vnode\' as it is null.\nStack: 调用栈: TypeError: Cannot destructure property \'type\' of \'vnode\' as it is null.\n    at unmount (http://localhost:8080/node_modules/.vite/deps/chunk-75CQNTVX.js?v=0797c44e:7868:7)\n    at unmountComponent (http://localhost:8080/node_modules/.vite/deps/chunk-75CQNTVX.js?v=0797c44e:8010:7)\n    at unmount (http://localhost:8080/node_modules/.vite/deps/chunk-75CQNTVX.js?v=0797c44e:7901:7)\n    at unmountComponent (http://localhost:8080/node_modules/.vite/deps/chunk-75CQNTVX.js?v=0797c44e:8010:7)\n    at unmount (http://localhost:8080/node_modules/.vite/deps/chunk-75CQNTVX.js?v=0797c44e:7901:7)\n    at unmountComponent (http://localhost:8080/node_modules/.vite/deps/chunk-75CQNTVX.js?v=0797c44e:8010:7)\n    at unmount (http://localhost:8080/node_modules/.vite/deps/chunk-75CQNTVX.js?v=0797c44e:7901:7)\n    at unmountChildren (http://localhost:8080/node_modules/.vite/deps/chunk-75CQNTVX.js?v=0797c44e:8024:7)\n    at unmount (http://localhost:8080/node_modules/.vite/deps/chunk-75CQNTVX.js?v=0797c44e:7933:9)\n    at unmountChildren (http://localhost:8080/node_modules/.vite/deps/chunk-75CQNTVX.js?v=0797c44e:8024:7)','error',NULL,'未处理'),(76,'2026-04-16 21:37:49.189','2026-04-16 21:37:49.189',NULL,'前端','错误信息: TypeError: Cannot destructure property \'type\' of \'vnode\' as it is null.\nStack: 调用栈: TypeError: Cannot destructure property \'type\' of \'vnode\' as it is null.\n    at unmount (http://localhost:8080/node_modules/.vite/deps/chunk-75CQNTVX.js?v=0797c44e:7868:7)\n    at unmountComponent (http://localhost:8080/node_modules/.vite/deps/chunk-75CQNTVX.js?v=0797c44e:8010:7)\n    at unmount (http://localhost:8080/node_modules/.vite/deps/chunk-75CQNTVX.js?v=0797c44e:7901:7)\n    at unmountComponent (http://localhost:8080/node_modules/.vite/deps/chunk-75CQNTVX.js?v=0797c44e:8010:7)\n    at unmount (http://localhost:8080/node_modules/.vite/deps/chunk-75CQNTVX.js?v=0797c44e:7901:7)\n    at unmountComponent (http://localhost:8080/node_modules/.vite/deps/chunk-75CQNTVX.js?v=0797c44e:8010:7)\n    at unmount (http://localhost:8080/node_modules/.vite/deps/chunk-75CQNTVX.js?v=0797c44e:7901:7)\n    at unmountChildren (http://localhost:8080/node_modules/.vite/deps/chunk-75CQNTVX.js?v=0797c44e:8024:7)\n    at unmount (http://localhost:8080/node_modules/.vite/deps/chunk-75CQNTVX.js?v=0797c44e:7933:9)\n    at unmountChildren (http://localhost:8080/node_modules/.vite/deps/chunk-75CQNTVX.js?v=0797c44e:8024:7)','error',NULL,'未处理'),(77,'2026-04-16 21:37:49.193','2026-04-16 21:37:49.193',NULL,'前端','错误信息: TypeError: Cannot destructure property \'type\' of \'vnode\' as it is null.\nStack: 调用栈: TypeError: Cannot destructure property \'type\' of \'vnode\' as it is null.\n    at unmount (http://localhost:8080/node_modules/.vite/deps/chunk-75CQNTVX.js?v=0797c44e:7868:7)\n    at unmountComponent (http://localhost:8080/node_modules/.vite/deps/chunk-75CQNTVX.js?v=0797c44e:8010:7)\n    at unmount (http://localhost:8080/node_modules/.vite/deps/chunk-75CQNTVX.js?v=0797c44e:7901:7)\n    at unmountComponent (http://localhost:8080/node_modules/.vite/deps/chunk-75CQNTVX.js?v=0797c44e:8010:7)\n    at unmount (http://localhost:8080/node_modules/.vite/deps/chunk-75CQNTVX.js?v=0797c44e:7901:7)\n    at unmountComponent (http://localhost:8080/node_modules/.vite/deps/chunk-75CQNTVX.js?v=0797c44e:8010:7)\n    at unmount (http://localhost:8080/node_modules/.vite/deps/chunk-75CQNTVX.js?v=0797c44e:7901:7)\n    at unmountChildren (http://localhost:8080/node_modules/.vite/deps/chunk-75CQNTVX.js?v=0797c44e:8024:7)\n    at unmount (http://localhost:8080/node_modules/.vite/deps/chunk-75CQNTVX.js?v=0797c44e:7933:9)\n    at unmountChildren (http://localhost:8080/node_modules/.vite/deps/chunk-75CQNTVX.js?v=0797c44e:8024:7)','error',NULL,'未处理'),(78,'2026-04-16 21:37:49.193','2026-04-16 21:37:49.193',NULL,'前端','错误信息: TypeError: Cannot destructure property \'type\' of \'vnode\' as it is null.\nStack: 调用栈: TypeError: Cannot destructure property \'type\' of \'vnode\' as it is null.\n    at unmount (http://localhost:8080/node_modules/.vite/deps/chunk-75CQNTVX.js?v=0797c44e:7868:7)\n    at unmountComponent (http://localhost:8080/node_modules/.vite/deps/chunk-75CQNTVX.js?v=0797c44e:8010:7)\n    at unmount (http://localhost:8080/node_modules/.vite/deps/chunk-75CQNTVX.js?v=0797c44e:7901:7)\n    at unmountComponent (http://localhost:8080/node_modules/.vite/deps/chunk-75CQNTVX.js?v=0797c44e:8010:7)\n    at unmount (http://localhost:8080/node_modules/.vite/deps/chunk-75CQNTVX.js?v=0797c44e:7901:7)\n    at unmountComponent (http://localhost:8080/node_modules/.vite/deps/chunk-75CQNTVX.js?v=0797c44e:8010:7)\n    at unmount (http://localhost:8080/node_modules/.vite/deps/chunk-75CQNTVX.js?v=0797c44e:7901:7)\n    at unmountChildren (http://localhost:8080/node_modules/.vite/deps/chunk-75CQNTVX.js?v=0797c44e:8024:7)\n    at unmount (http://localhost:8080/node_modules/.vite/deps/chunk-75CQNTVX.js?v=0797c44e:7933:9)\n    at unmountChildren (http://localhost:8080/node_modules/.vite/deps/chunk-75CQNTVX.js?v=0797c44e:8024:7)','error',NULL,'未处理'),(79,'2026-04-16 21:37:49.193','2026-04-16 21:37:49.193',NULL,'前端','错误信息: TypeError: Cannot destructure property \'type\' of \'vnode\' as it is null.\nStack: 调用栈: TypeError: Cannot destructure property \'type\' of \'vnode\' as it is null.\n    at unmount (http://localhost:8080/node_modules/.vite/deps/chunk-75CQNTVX.js?v=0797c44e:7868:7)\n    at unmountComponent (http://localhost:8080/node_modules/.vite/deps/chunk-75CQNTVX.js?v=0797c44e:8010:7)\n    at unmount (http://localhost:8080/node_modules/.vite/deps/chunk-75CQNTVX.js?v=0797c44e:7901:7)\n    at unmountComponent (http://localhost:8080/node_modules/.vite/deps/chunk-75CQNTVX.js?v=0797c44e:8010:7)\n    at unmount (http://localhost:8080/node_modules/.vite/deps/chunk-75CQNTVX.js?v=0797c44e:7901:7)\n    at unmountComponent (http://localhost:8080/node_modules/.vite/deps/chunk-75CQNTVX.js?v=0797c44e:8010:7)\n    at unmount (http://localhost:8080/node_modules/.vite/deps/chunk-75CQNTVX.js?v=0797c44e:7901:7)\n    at unmountChildren (http://localhost:8080/node_modules/.vite/deps/chunk-75CQNTVX.js?v=0797c44e:8024:7)\n    at unmount (http://localhost:8080/node_modules/.vite/deps/chunk-75CQNTVX.js?v=0797c44e:7933:9)\n    at unmountChildren (http://localhost:8080/node_modules/.vite/deps/chunk-75CQNTVX.js?v=0797c44e:8024:7)','error',NULL,'未处理'),(80,'2026-04-17 13:47:19.721','2026-04-17 13:47:19.721',NULL,'后端','登陆失败! 用户名不存在或者密码错误! | 错误: 密码错误 \n 源文件:/Users/lll/CODE/XM/gin-vue-admin-main/server/api/v1/system/sys_user.go:68 \n 调用栈：github.com/flipped-aurora/gin-vue-admin/server/api/v1/system.(*BaseApi).Login\n	/Users/lll/CODE/XM/gin-vue-admin-main/server/api/v1/system/sys_user.go:68\ngithub.com/gin-gonic/gin.(*Context).Next\n	/Users/lll/go/pkg/mod/github.com/gin-gonic/gin@v1.10.0/context.go:185\ngithub.com/gin-gonic/gin.LoggerWithConfig.func1\n	/Users/lll/go/pkg/mod/github.com/gin-gonic/gin@v1.10.0/logger.go:249\ngithub.com/gin-gonic/gin.(*Context).Next\n	/Users/lll/go/pkg/mod/github.com/gin-gonic/gin@v1.10.0/context.go:185\ngithub.com/flipped-aurora/gin-vue-admin/server/initialize.Routers.GinRecovery.func2\n	/Users/lll/CODE/XM/gin-vue-admin-main/server/middleware/error.go:78\ngithub.com/gin-gonic/gin.(*Context).Next\n	/Users/lll/go/pkg/mod/github.com/gin-gonic/gin@v1.10.0/context.go:185\ngithub.com/gin-gonic/gin.(*Engine).handleHTTPRequest\n	/Users/lll/go/pkg/mod/github.com/gin-gonic/gin@v1.10.0/gin.go:633\ngithub.com/gin-gonic/gin.(*Engine).ServeHTTP\n	/Users/lll/go/pkg/mod/github.com/gin-gonic/gin@v1.10.0/gin.go:589\nnet/http.serverHandler.ServeHTTP\n	/opt/homebrew/opt/go/libexec/src/net/http/server.go:3311\nnet/http.(*conn).serve\n	/opt/homebrew/opt/go/libexec/src/net/http/server.go:2073 \n 最终调用方法:/Users/lll/CODE/XM/gin-vue-admin-main/server/api/v1/system/sys_user.go:68 (Login lines 27-99)\n----- 产生日志的方法代码如下 -----\nfunc (b *BaseApi) Login(c *gin.Context) {\n	var l systemReq.Login\n	err := c.ShouldBindJSON(&l)\n	if err != nil {\n		response.FailWithMessage(err.Error(), c)\n		return\n	}\n	err = utils.Verify(l, utils.LoginVerify)\n	if err != nil {\n		response.FailWithMessage(err.Error(), c)\n		return\n	}\n\n	key := c.ClientIP()\n	// 判断验证码是否开启\n	openCaptcha := global.GVA_CONFIG.Captcha.OpenCaptcha               // 是否开启防爆次数\n	openCaptchaTimeOut := global.GVA_CONFIG.Captcha.OpenCaptchaTimeOut // 缓存超时时间\n	v, ok := global.BlackCache.Get(key)\n	if !ok {\n		global.BlackCache.Set(key, 1, time.Second*time.Duration(openCaptchaTimeOut))\n	}\n\n	var oc bool = openCaptcha == 0 || openCaptcha < interfaceToInt(v)\n	if oc && (l.Captcha == \"\" || l.CaptchaId == \"\" || !store.Verify(l.CaptchaId, l.Captcha, true)) {\n		// 验证码次数+1\n		global.BlackCache.Increment(key, 1)\n		response.FailWithMessage(\"验证码错误\", c)\n		// 记录登录失败日志\n		loginLogService.CreateLoginLog(system.SysLoginLog{\n			Username:     l.Username,\n			Ip:           c.ClientIP(),\n			Agent:        c.Request.UserAgent(),\n			Status:       false,\n			ErrorMessage: \"验证码错误\",\n		})\n		return\n	}\n\n	u := &system.SysUser{Username: l.Username, Password: l.Password}\n	user, err := userService.Login(u)\n	if err != nil {\n		global.GVA_LOG.Error(\"登陆失败! 用户名不存在或者密码错误!\", zap.Error(err))\n		// 验证码次数+1\n		global.BlackCache.Increment(key, 1)\n		response.FailWithMessage(\"用户名不存在或者密码错误\", c)\n		// 记录登录失败日志\n		loginLogService.CreateLoginLog(system.SysLoginLog{\n			Username:     l.Username,\n			Ip:           c.ClientIP(),\n			Agent:        c.Request.UserAgent(),\n			Status:       false,\n			ErrorMessage: \"用户名不存在或者密码错误\",\n		})\n		return\n	}\n	if user.Enable != 1 {\n		global.GVA_LOG.Error(\"登陆失败! 用户被禁止登录!\")\n		// 验证码次数+1\n		global.BlackCache.Increment(key, 1)\n		response.FailWithMessage(\"用户被禁止登录\", c)\n		// 记录登录失败日志\n		loginLogService.CreateLoginLog(system.SysLoginLog{\n			Username:     l.Username,\n			Ip:           c.ClientIP(),\n			Agent:        c.Request.UserAgent(),\n			Status:       false,\n			ErrorMessage: \"用户被禁止登录\",\n			UserID:       user.ID,\n		})\n		return\n	}\n	b.TokenNext(c, *user)\n}','error',NULL,'未处理');
/*!40000 ALTER TABLE `sys_error` ENABLE KEYS */;
UNLOCK TABLES;

--
-- Table structure for table `sys_export_template_condition`
--

DROP TABLE IF EXISTS `sys_export_template_condition`;
/*!40101 SET @saved_cs_client     = @@character_set_client */;
/*!50503 SET character_set_client = utf8mb4 */;
CREATE TABLE `sys_export_template_condition` (
  `id` bigint unsigned NOT NULL AUTO_INCREMENT,
  `created_at` datetime(3) DEFAULT NULL,
  `updated_at` datetime(3) DEFAULT NULL,
  `deleted_at` datetime(3) DEFAULT NULL,
  `template_id` varchar(191) COLLATE utf8mb4_general_ci DEFAULT NULL COMMENT '模板标识',
  `from` varchar(191) COLLATE utf8mb4_general_ci DEFAULT NULL COMMENT '条件取的key',
  `column` varchar(191) COLLATE utf8mb4_general_ci DEFAULT NULL COMMENT '作为查询条件的字段',
  `operator` varchar(191) COLLATE utf8mb4_general_ci DEFAULT NULL COMMENT '操作符',
  PRIMARY KEY (`id`),
  KEY `idx_sys_export_template_condition_deleted_at` (`deleted_at`)
) ENGINE=InnoDB DEFAULT CHARSET=utf8mb4 COLLATE=utf8mb4_general_ci;
/*!40101 SET character_set_client = @saved_cs_client */;

--
-- Dumping data for table `sys_export_template_condition`
--

LOCK TABLES `sys_export_template_condition` WRITE;
/*!40000 ALTER TABLE `sys_export_template_condition` DISABLE KEYS */;
/*!40000 ALTER TABLE `sys_export_template_condition` ENABLE KEYS */;
UNLOCK TABLES;

--
-- Table structure for table `sys_export_template_join`
--

DROP TABLE IF EXISTS `sys_export_template_join`;
/*!40101 SET @saved_cs_client     = @@character_set_client */;
/*!50503 SET character_set_client = utf8mb4 */;
CREATE TABLE `sys_export_template_join` (
  `id` bigint unsigned NOT NULL AUTO_INCREMENT,
  `created_at` datetime(3) DEFAULT NULL,
  `updated_at` datetime(3) DEFAULT NULL,
  `deleted_at` datetime(3) DEFAULT NULL,
  `template_id` varchar(191) COLLATE utf8mb4_general_ci DEFAULT NULL COMMENT '模板标识',
  `joins` varchar(191) COLLATE utf8mb4_general_ci DEFAULT NULL COMMENT '关联',
  `table` varchar(191) COLLATE utf8mb4_general_ci DEFAULT NULL COMMENT '关联表',
  `on` varchar(191) COLLATE utf8mb4_general_ci DEFAULT NULL COMMENT '关联条件',
  PRIMARY KEY (`id`),
  KEY `idx_sys_export_template_join_deleted_at` (`deleted_at`)
) ENGINE=InnoDB DEFAULT CHARSET=utf8mb4 COLLATE=utf8mb4_general_ci;
/*!40101 SET character_set_client = @saved_cs_client */;

--
-- Dumping data for table `sys_export_template_join`
--

LOCK TABLES `sys_export_template_join` WRITE;
/*!40000 ALTER TABLE `sys_export_template_join` DISABLE KEYS */;
/*!40000 ALTER TABLE `sys_export_template_join` ENABLE KEYS */;
UNLOCK TABLES;

--
-- Table structure for table `sys_export_templates`
--

DROP TABLE IF EXISTS `sys_export_templates`;
/*!40101 SET @saved_cs_client     = @@character_set_client */;
/*!50503 SET character_set_client = utf8mb4 */;
CREATE TABLE `sys_export_templates` (
  `id` bigint unsigned NOT NULL AUTO_INCREMENT,
  `created_at` datetime(3) DEFAULT NULL,
  `updated_at` datetime(3) DEFAULT NULL,
  `deleted_at` datetime(3) DEFAULT NULL,
  `db_name` varchar(191) COLLATE utf8mb4_general_ci DEFAULT NULL COMMENT '数据库名称',
  `name` varchar(191) COLLATE utf8mb4_general_ci DEFAULT NULL COMMENT '模板名称',
  `table_name` varchar(191) COLLATE utf8mb4_general_ci DEFAULT NULL COMMENT '表名称',
  `template_id` varchar(191) COLLATE utf8mb4_general_ci DEFAULT NULL COMMENT '模板标识',
  `template_info` text COLLATE utf8mb4_general_ci,
  `sql` text COLLATE utf8mb4_general_ci COMMENT '自定义导出SQL',
  `import_sql` text COLLATE utf8mb4_general_ci COMMENT '自定义导入SQL',
  `limit` bigint DEFAULT NULL COMMENT '导出限制',
  `order` varchar(191) COLLATE utf8mb4_general_ci DEFAULT NULL COMMENT '排序',
  PRIMARY KEY (`id`),
  KEY `idx_sys_export_templates_deleted_at` (`deleted_at`)
) ENGINE=InnoDB AUTO_INCREMENT=2 DEFAULT CHARSET=utf8mb4 COLLATE=utf8mb4_general_ci;
/*!40101 SET character_set_client = @saved_cs_client */;

--
-- Dumping data for table `sys_export_templates`
--

LOCK TABLES `sys_export_templates` WRITE;
/*!40000 ALTER TABLE `sys_export_templates` DISABLE KEYS */;
INSERT INTO `sys_export_templates` VALUES (1,'2026-04-15 11:36:52.260','2026-04-15 11:36:52.260',NULL,'','api','sys_apis','api','{\n\"path\":\"路径\",\n\"method\":\"方法（大写）\",\n\"description\":\"方法介绍\",\n\"api_group\":\"方法分组\"\n}','','',NULL,'');
/*!40000 ALTER TABLE `sys_export_templates` ENABLE KEYS */;
UNLOCK TABLES;

--
-- Table structure for table `sys_ignore_apis`
--

DROP TABLE IF EXISTS `sys_ignore_apis`;
/*!40101 SET @saved_cs_client     = @@character_set_client */;
/*!50503 SET character_set_client = utf8mb4 */;
CREATE TABLE `sys_ignore_apis` (
  `id` bigint unsigned NOT NULL AUTO_INCREMENT,
  `created_at` datetime(3) DEFAULT NULL,
  `updated_at` datetime(3) DEFAULT NULL,
  `deleted_at` datetime(3) DEFAULT NULL,
  `path` varchar(191) COLLATE utf8mb4_general_ci DEFAULT NULL COMMENT 'api路径',
  `method` varchar(191) COLLATE utf8mb4_general_ci DEFAULT 'POST' COMMENT '方法',
  PRIMARY KEY (`id`),
  KEY `idx_sys_ignore_apis_deleted_at` (`deleted_at`)
) ENGINE=InnoDB AUTO_INCREMENT=15 DEFAULT CHARSET=utf8mb4 COLLATE=utf8mb4_general_ci;
/*!40101 SET character_set_client = @saved_cs_client */;

--
-- Dumping data for table `sys_ignore_apis`
--

LOCK TABLES `sys_ignore_apis` WRITE;
/*!40000 ALTER TABLE `sys_ignore_apis` DISABLE KEYS */;
INSERT INTO `sys_ignore_apis` VALUES (1,'2026-04-15 11:36:52.137','2026-04-15 11:36:52.137',NULL,'/swagger/*any','GET'),(2,'2026-04-15 11:36:52.137','2026-04-15 11:36:52.137',NULL,'/api/freshCasbin','GET'),(3,'2026-04-15 11:36:52.137','2026-04-15 11:36:52.137',NULL,'/uploads/file/*filepath','GET'),(4,'2026-04-15 11:36:52.137','2026-04-15 11:36:52.137',NULL,'/health','GET'),(5,'2026-04-15 11:36:52.137','2026-04-15 11:36:52.137',NULL,'/uploads/file/*filepath','HEAD'),(6,'2026-04-15 11:36:52.137','2026-04-15 11:36:52.137',NULL,'/autoCode/llmAuto','POST'),(7,'2026-04-15 11:36:52.137','2026-04-15 11:36:52.137',NULL,'/autoCode/llmAutoSSE','POST'),(8,'2026-04-15 11:36:52.137','2026-04-15 11:36:52.137',NULL,'/system/reloadSystem','POST'),(9,'2026-04-15 11:36:52.137','2026-04-15 11:36:52.137',NULL,'/base/login','POST'),(10,'2026-04-15 11:36:52.137','2026-04-15 11:36:52.137',NULL,'/base/captcha','POST'),(11,'2026-04-15 11:36:52.137','2026-04-15 11:36:52.137',NULL,'/init/initdb','POST'),(12,'2026-04-15 11:36:52.137','2026-04-15 11:36:52.137',NULL,'/init/checkdb','POST'),(13,'2026-04-15 11:36:52.137','2026-04-15 11:36:52.137',NULL,'/info/getInfoDataSource','GET'),(14,'2026-04-15 11:36:52.137','2026-04-15 11:36:52.137',NULL,'/info/getInfoPublic','GET');
/*!40000 ALTER TABLE `sys_ignore_apis` ENABLE KEYS */;
UNLOCK TABLES;

--
-- Table structure for table `sys_job`
--

DROP TABLE IF EXISTS `sys_job`;
/*!40101 SET @saved_cs_client     = @@character_set_client */;
/*!50503 SET character_set_client = utf8mb4 */;
CREATE TABLE `sys_job` (
  `job_id` bigint NOT NULL AUTO_INCREMENT COMMENT '任务ID',
  `job_name` varchar(64) NOT NULL DEFAULT '' COMMENT '任务名称',
  `job_group` varchar(64) NOT NULL DEFAULT 'DEFAULT' COMMENT '任务组名',
  `invoke_target` varchar(500) NOT NULL COMMENT '调用目标字符串',
  `cron_expression` varchar(255) DEFAULT '' COMMENT 'cron执行表达式',
  `misfire_policy` varchar(20) DEFAULT '3' COMMENT '计划执行错误策略（1立即执行 2执行一次 3放弃执行）',
  `concurrent` char(1) DEFAULT '1' COMMENT '是否并发执行（0允许 1禁止）',
  `status` char(1) DEFAULT '0' COMMENT '状态（0正常 1暂停）',
  `create_by` varchar(64) DEFAULT '' COMMENT '创建者',
  `create_time` datetime DEFAULT NULL COMMENT '创建时间',
  `update_by` varchar(64) DEFAULT '' COMMENT '更新者',
  `update_time` datetime DEFAULT NULL COMMENT '更新时间',
  `remark` varchar(500) DEFAULT '' COMMENT '备注信息',
  PRIMARY KEY (`job_id`,`job_name`,`job_group`) USING BTREE
) ENGINE=InnoDB AUTO_INCREMENT=4 DEFAULT CHARSET=utf8mb3 ROW_FORMAT=DYNAMIC COMMENT='定时任务调度表';
/*!40101 SET character_set_client = @saved_cs_client */;

--
-- Dumping data for table `sys_job`
--

LOCK TABLES `sys_job` WRITE;
/*!40000 ALTER TABLE `sys_job` DISABLE KEYS */;
INSERT INTO `sys_job` VALUES (1,'系统默认（无参）','DEFAULT','ryTask.ryNoParams','0/10 * * * * ?','3','1','1','admin','2023-10-26 10:27:24','',NULL,''),(2,'系统默认（有参）','DEFAULT','ryTask.ryParams(\'ry\')','0/15 * * * * ?','3','1','1','admin','2023-10-26 10:27:24','',NULL,''),(3,'系统默认（多参）','DEFAULT','ryTask.ryMultipleParams(\'ry\', true, 2000L, 316.50D, 100)','0/20 * * * * ?','3','1','1','admin','2023-10-26 10:27:24','',NULL,'');
/*!40000 ALTER TABLE `sys_job` ENABLE KEYS */;
UNLOCK TABLES;

--
-- Table structure for table `sys_job_log`
--

DROP TABLE IF EXISTS `sys_job_log`;
/*!40101 SET @saved_cs_client     = @@character_set_client */;
/*!50503 SET character_set_client = utf8mb4 */;
CREATE TABLE `sys_job_log` (
  `job_log_id` bigint NOT NULL AUTO_INCREMENT COMMENT '任务日志ID',
  `job_name` varchar(64) NOT NULL COMMENT '任务名称',
  `job_group` varchar(64) NOT NULL COMMENT '任务组名',
  `invoke_target` varchar(500) NOT NULL COMMENT '调用目标字符串',
  `job_message` varchar(500) DEFAULT NULL COMMENT '日志信息',
  `status` char(1) DEFAULT '0' COMMENT '执行状态（0正常 1失败）',
  `exception_info` varchar(2000) DEFAULT '' COMMENT '异常信息',
  `create_time` datetime DEFAULT NULL COMMENT '创建时间',
  PRIMARY KEY (`job_log_id`) USING BTREE
) ENGINE=InnoDB DEFAULT CHARSET=utf8mb3 ROW_FORMAT=DYNAMIC COMMENT='定时任务调度日志表';
/*!40101 SET character_set_client = @saved_cs_client */;

--
-- Dumping data for table `sys_job_log`
--

LOCK TABLES `sys_job_log` WRITE;
/*!40000 ALTER TABLE `sys_job_log` DISABLE KEYS */;
/*!40000 ALTER TABLE `sys_job_log` ENABLE KEYS */;
UNLOCK TABLES;

--
-- Table structure for table `sys_login_logs`
--

DROP TABLE IF EXISTS `sys_login_logs`;
/*!40101 SET @saved_cs_client     = @@character_set_client */;
/*!50503 SET character_set_client = utf8mb4 */;
CREATE TABLE `sys_login_logs` (
  `id` bigint unsigned NOT NULL AUTO_INCREMENT,
  `created_at` datetime(3) DEFAULT NULL,
  `updated_at` datetime(3) DEFAULT NULL,
  `deleted_at` datetime(3) DEFAULT NULL,
  `username` varchar(191) COLLATE utf8mb4_general_ci DEFAULT NULL COMMENT '用户名',
  `ip` varchar(191) COLLATE utf8mb4_general_ci DEFAULT NULL COMMENT '请求ip',
  `status` tinyint(1) DEFAULT NULL COMMENT '登录状态',
  `error_message` varchar(191) COLLATE utf8mb4_general_ci DEFAULT NULL COMMENT '错误信息',
  `agent` varchar(191) COLLATE utf8mb4_general_ci DEFAULT NULL COMMENT '代理',
  `user_id` bigint unsigned DEFAULT NULL COMMENT '用户id',
  PRIMARY KEY (`id`),
  KEY `idx_sys_login_logs_deleted_at` (`deleted_at`)
) ENGINE=InnoDB AUTO_INCREMENT=11 DEFAULT CHARSET=utf8mb4 COLLATE=utf8mb4_general_ci;
/*!40101 SET character_set_client = @saved_cs_client */;

--
-- Dumping data for table `sys_login_logs`
--

LOCK TABLES `sys_login_logs` WRITE;
/*!40000 ALTER TABLE `sys_login_logs` DISABLE KEYS */;
INSERT INTO `sys_login_logs` VALUES (1,'2026-04-15 11:37:53.028','2026-04-15 11:37:53.028',NULL,'admin','127.0.0.1',1,'登录成功','Mozilla/5.0 (Macintosh; Intel Mac OS X 10_15_7) AppleWebKit/537.36 (KHTML, like Gecko) Chrome/146.0.0.0 Safari/537.36',1),(2,'2026-04-15 11:52:02.748','2026-04-15 11:52:02.748',NULL,'admin','127.0.0.1',0,'用户名不存在或者密码错误','Mozilla/5.0 (Macintosh; Intel Mac OS X 10_15_7) AppleWebKit/537.36 (KHTML, like Gecko) Chrome/146.0.0.0 Safari/537.36',0),(3,'2026-04-15 11:52:08.042','2026-04-15 11:52:08.042',NULL,'admin','127.0.0.1',0,'验证码错误','Mozilla/5.0 (Macintosh; Intel Mac OS X 10_15_7) AppleWebKit/537.36 (KHTML, like Gecko) Chrome/146.0.0.0 Safari/537.36',0),(4,'2026-04-15 13:34:46.305','2026-04-15 13:34:46.305',NULL,'admin','127.0.0.1',1,'登录成功','Mozilla/5.0 (Macintosh; Intel Mac OS X 10_15_7) AppleWebKit/537.36 (KHTML, like Gecko) Chrome/146.0.0.0 Safari/537.36',1),(5,'2026-04-15 13:59:49.272','2026-04-15 13:59:49.272',NULL,'admin','127.0.0.1',1,'登录成功','Mozilla/5.0 (Macintosh; Intel Mac OS X 10_15_7) AppleWebKit/537.36 (KHTML, like Gecko) Chrome/146.0.0.0 Safari/537.36',1),(6,'2026-04-16 08:25:34.620','2026-04-16 08:25:34.620',NULL,'admin','127.0.0.1',1,'登录成功','Mozilla/5.0 (Macintosh; Intel Mac OS X 10_15_7) AppleWebKit/537.36 (KHTML, like Gecko) Chrome/146.0.0.0 Safari/537.36',1),(7,'2026-04-16 12:51:17.518','2026-04-16 12:51:17.518',NULL,'admin','127.0.0.1',1,'登录成功','Mozilla/5.0 (Macintosh; Intel Mac OS X 10_15_7) AppleWebKit/537.36 (KHTML, like Gecko) Chrome/146.0.0.0 Safari/537.36',1),(8,'2026-04-16 21:17:35.321','2026-04-16 21:17:35.321',NULL,'admin','127.0.0.1',1,'登录成功','Mozilla/5.0 (Macintosh; Intel Mac OS X 10_15_7) AppleWebKit/537.36 (KHTML, like Gecko) Chrome/146.0.0.0 Safari/537.36',1),(9,'2026-04-17 13:47:19.730','2026-04-17 13:47:19.730',NULL,'admin','127.0.0.1',0,'用户名不存在或者密码错误','Mozilla/5.0 (Macintosh; Intel Mac OS X 10_15_7) AppleWebKit/537.36 (KHTML, like Gecko) Chrome/146.0.0.0 Safari/537.36',0),(10,'2026-04-17 13:47:33.073','2026-04-17 13:47:33.073',NULL,'admin','127.0.0.1',1,'登录成功','Mozilla/5.0 (Macintosh; Intel Mac OS X 10_15_7) AppleWebKit/537.36 (KHTML, like Gecko) Chrome/146.0.0.0 Safari/537.36',1);
/*!40000 ALTER TABLE `sys_login_logs` ENABLE KEYS */;
UNLOCK TABLES;

--
-- Table structure for table `sys_logininfor`
--

DROP TABLE IF EXISTS `sys_logininfor`;
/*!40101 SET @saved_cs_client     = @@character_set_client */;
/*!50503 SET character_set_client = utf8mb4 */;
CREATE TABLE `sys_logininfor` (
  `info_id` bigint NOT NULL AUTO_INCREMENT COMMENT '访问ID',
  `user_name` varchar(50) DEFAULT '' COMMENT '用户账号',
  `ipaddr` varchar(128) DEFAULT '' COMMENT '登录IP地址',
  `login_location` varchar(255) DEFAULT '' COMMENT '登录地点',
  `browser` varchar(50) DEFAULT '' COMMENT '浏览器类型',
  `os` varchar(50) DEFAULT '' COMMENT '操作系统',
  `status` char(1) DEFAULT '0' COMMENT '登录状态（0成功 1失败）',
  `msg` varchar(255) DEFAULT '' COMMENT '提示消息',
  `login_time` datetime DEFAULT NULL COMMENT '访问时间',
  PRIMARY KEY (`info_id`) USING BTREE,
  KEY `idx_sys_logininfor_s` (`status`) USING BTREE,
  KEY `idx_sys_logininfor_lt` (`login_time`) USING BTREE
) ENGINE=InnoDB AUTO_INCREMENT=352 DEFAULT CHARSET=utf8mb3 ROW_FORMAT=DYNAMIC COMMENT='系统访问记录';
/*!40101 SET character_set_client = @saved_cs_client */;

--
-- Dumping data for table `sys_logininfor`
--

LOCK TABLES `sys_logininfor` WRITE;
/*!40000 ALTER TABLE `sys_logininfor` DISABLE KEYS */;
INSERT INTO `sys_logininfor` VALUES (100,'admin','127.0.0.1','内网IP','Chrome 9','Windows 10','0','登录成功','2023-10-26 10:31:36'),(101,'admin','127.0.0.1','内网IP','Chrome 9','Windows 10','1','验证码已失效','2024-01-24 09:51:37'),(102,'admin','127.0.0.1','内网IP','Chrome 9','Windows 10','0','登录成功','2024-01-24 09:51:43'),(103,'admin','127.0.0.1','内网IP','Chrome 9','Windows 10','0','登录成功','2024-01-31 16:08:14'),(104,'admin','127.0.0.1','内网IP','Chrome 9','Windows 10','0','登录成功','2024-01-31 16:49:04'),(105,'admin','127.0.0.1','内网IP','Chrome 9','Windows 10','0','登录成功','2024-04-20 10:43:26'),(106,'admin','127.0.0.1','内网IP','Chrome 12','Windows 10','0','登录成功','2024-04-20 11:34:07'),(107,'admin','127.0.0.1','内网IP','Chrome 9','Windows 10','0','登录成功','2024-04-23 11:36:20'),(108,'admin','127.0.0.1','内网IP','Chrome 9','Windows 10','0','登录成功','2024-04-25 09:40:43'),(109,'admin','127.0.0.1','内网IP','Chrome 9','Windows 10','0','登录成功','2024-05-11 17:29:56'),(110,'admin','127.0.0.1','内网IP','Chrome 9','Windows 10','0','登录成功','2024-05-17 13:59:22'),(111,'admin','127.0.0.1','内网IP','Chrome 9','Windows 10','0','登录成功','2024-06-06 15:18:51'),(112,'admin','127.0.0.1','内网IP','Chrome 9','Windows 10','0','登录成功','2024-07-06 22:50:25'),(113,'admin','127.0.0.1','内网IP','Chrome 9','Windows 10','0','登录成功','2024-08-05 08:50:19'),(114,'admin','127.0.0.1','内网IP','Chrome 9','Windows 10','0','登录成功','2024-08-05 09:40:18'),(115,'admin','127.0.0.1','内网IP','Chrome 9','Windows 10','0','登录成功','2024-08-05 10:49:18'),(116,'admin','127.0.0.1','内网IP','Chrome 9','Windows 10','0','退出成功','2024-08-05 10:57:45'),(117,'admin','127.0.0.1','内网IP','Chrome 9','Windows 10','0','登录成功','2024-08-05 10:57:57'),(118,'admin','127.0.0.1','内网IP','Chrome 9','Windows 10','0','登录成功','2024-08-05 13:19:46'),(119,'admin','127.0.0.1','内网IP','Chrome 9','Windows 10','0','登录成功','2024-08-05 14:18:37'),(120,'admin','127.0.0.1','内网IP','Chrome 9','Windows 10','1','验证码错误','2024-08-05 15:15:56'),(121,'admin','127.0.0.1','内网IP','Chrome 9','Windows 10','1','验证码错误','2024-08-05 15:16:00'),(122,'admin','127.0.0.1','内网IP','Chrome 9','Windows 10','0','登录成功','2024-08-05 15:16:03'),(123,'admin','127.0.0.1','内网IP','Chrome 9','Windows 10','0','退出成功','2024-08-05 15:17:26'),(124,'admin','127.0.0.1','内网IP','Chrome 9','Windows 10','0','登录成功','2024-08-05 15:17:35'),(125,'admin','127.0.0.1','内网IP','Chrome 9','Windows 10','0','登录成功','2024-08-05 16:56:37'),(126,'admin','127.0.0.1','内网IP','Chrome 9','Windows 10','0','登录成功','2024-08-05 17:29:50'),(127,'admin','127.0.0.1','内网IP','Chrome 9','Windows 10','0','登录成功','2024-08-06 08:42:15'),(128,'admin','127.0.0.1','内网IP','Chrome 12','Windows 10','0','登录成功','2024-08-06 10:02:26'),(129,'admin','127.0.0.1','内网IP','Chrome 9','Windows 10','0','登录成功','2024-08-06 14:12:34'),(130,'admin','127.0.0.1','内网IP','Chrome 9','Windows 10','0','登录成功','2024-08-07 11:06:13'),(131,'admin','127.0.0.1','内网IP','Chrome 9','Windows 10','0','登录成功','2024-08-07 14:22:10'),(132,'admin','127.0.0.1','内网IP','Chrome 9','Windows 10','0','退出成功','2024-08-07 16:34:17'),(133,'admin','127.0.0.1','内网IP','Chrome 9','Windows 10','0','登录成功','2024-08-07 16:34:25'),(134,'admin','127.0.0.1','内网IP','Chrome 9','Windows 10','0','登录成功','2024-08-08 08:29:38'),(135,'admin','127.0.0.1','内网IP','Chrome 9','Windows 10','1','验证码错误','2024-08-08 09:10:22'),(136,'admin','127.0.0.1','内网IP','Chrome 9','Windows 10','0','登录成功','2024-08-08 09:10:27'),(137,'admin','127.0.0.1','内网IP','Chrome 9','Windows 10','0','登录成功','2024-08-08 10:00:20'),(138,'admin','127.0.0.1','内网IP','Chrome 9','Windows 10','0','登录成功','2024-08-08 10:56:04'),(139,'admin','127.0.0.1','内网IP','Chrome 9','Windows 10','0','登录成功','2024-08-08 11:30:26'),(140,'admin','127.0.0.1','内网IP','Chrome 9','Windows 10','1','验证码错误','2024-08-08 12:58:47'),(141,'admin','127.0.0.1','内网IP','Chrome 9','Windows 10','1','验证码错误','2024-08-08 12:58:50'),(142,'admin','127.0.0.1','内网IP','Chrome 9','Windows 10','0','登录成功','2024-08-08 12:58:54'),(143,'admin','127.0.0.1','内网IP','Chrome 9','Windows 10','0','登录成功','2024-08-09 08:40:20'),(144,'admin','127.0.0.1','内网IP','Chrome 9','Windows 10','0','登录成功','2024-08-09 12:51:17'),(145,'admin','127.0.0.1','内网IP','Chrome 12','Windows 10','0','登录成功','2024-08-09 14:08:07'),(146,'admin','127.0.0.1','内网IP','Chrome 9','Windows 10','0','登录成功','2024-08-09 15:35:31'),(147,'admin','127.0.0.1','内网IP','Chrome 9','Windows 10','1','验证码已失效','2024-08-09 16:42:22'),(148,'admin','127.0.0.1','内网IP','Chrome 9','Windows 10','1','验证码错误','2024-08-09 16:42:27'),(149,'admin','127.0.0.1','内网IP','Chrome 9','Windows 10','0','登录成功','2024-08-09 16:42:34'),(150,'admin','127.0.0.1','内网IP','Chrome 12','Windows 10','0','登录成功','2024-08-09 16:43:04'),(151,'admin','127.0.0.1','内网IP','Chrome 12','Windows 10','0','登录成功','2024-08-09 16:45:17'),(152,'admin','127.0.0.1','内网IP','Chrome 12','Windows 10','0','退出成功','2024-08-09 17:12:53'),(153,'admin','127.0.0.1','内网IP','Chrome 12','Windows 10','0','登录成功','2024-08-09 17:13:00'),(154,'admin','127.0.0.1','内网IP','Chrome 12','Windows 10','0','登录成功','2024-08-12 08:46:44'),(155,'admin','127.0.0.1','内网IP','Chrome 12','Windows 10','0','登录成功','2024-08-12 11:06:13'),(156,'admin','127.0.0.1','内网IP','Chrome 12','Windows 10','0','登录成功','2024-08-12 13:36:23'),(157,'admin','127.0.0.1','内网IP','Chrome 12','Windows 10','0','登录成功','2024-08-12 14:08:06'),(158,'admin','127.0.0.1','内网IP','Chrome 12','Windows 10','0','登录成功','2024-08-12 14:52:50'),(159,'admin','127.0.0.1','内网IP','Chrome 12','Windows 10','0','退出成功','2024-08-12 14:54:35'),(160,'admin','127.0.0.1','内网IP','Chrome 12','Windows 10','0','登录成功','2024-08-12 14:55:51'),(161,'admin','127.0.0.1','内网IP','Chrome 12','Windows 10','0','登录成功','2024-08-12 15:09:02'),(162,'admin','127.0.0.1','内网IP','Chrome 12','Windows 10','0','登录成功','2024-08-13 08:37:38'),(163,'admin','127.0.0.1','内网IP','Chrome 12','Windows 10','0','登录成功','2024-08-13 13:06:18'),(164,'admin','127.0.0.1','内网IP','Chrome 12','Windows 10','0','登录成功','2024-08-13 14:21:40'),(165,'admin','127.0.0.1','内网IP','Chrome 12','Windows 10','0','登录成功','2024-08-13 15:58:40'),(166,'admin','192.168.0.35','内网IP','Chrome 9','Windows 10','0','登录成功','2024-08-14 08:54:49'),(167,'admin','192.168.0.35','内网IP','Chrome 12','Windows 10','1','验证码错误','2024-08-14 09:47:02'),(168,'admin','192.168.0.35','内网IP','Chrome 12','Windows 10','0','登录成功','2024-08-14 09:47:09'),(169,'admin','127.0.0.1','内网IP','Chrome 12','Windows 10','0','登录成功','2024-08-14 15:34:15'),(170,'admin','127.0.0.1','内网IP','Chrome 12','Windows 10','0','登录成功','2024-08-14 16:34:32'),(171,'admin','127.0.0.1','内网IP','Chrome 12','Windows 10','0','登录成功','2024-08-14 18:11:42'),(172,'admin','127.0.0.1','内网IP','Chrome 9','Windows 10','0','登录成功','2024-08-15 08:40:14'),(173,'admin','127.0.0.1','内网IP','Chrome 12','Windows 10','0','登录成功','2024-08-15 14:27:01'),(174,'admin','127.0.0.1','内网IP','Chrome 12','Windows 10','0','登录成功','2024-08-15 19:12:32'),(175,'admin','127.0.0.1','内网IP','Chrome 12','Windows 10','0','登录成功','2024-08-16 08:37:14'),(176,'admin','127.0.0.1','内网IP','Chrome 12','Windows 10','0','退出成功','2024-08-16 09:26:12'),(177,'admin','127.0.0.1','内网IP','Chrome 12','Windows 10','0','登录成功','2024-08-16 09:26:25'),(178,'admin','127.0.0.1','内网IP','Chrome 12','Windows 10','0','登录成功','2024-08-16 16:15:41'),(179,'admin','127.0.0.1','内网IP','Chrome 12','Windows 10','0','登录成功','2024-08-16 16:48:29'),(180,'admin','127.0.0.1','内网IP','Chrome 12','Windows 10','0','登录成功','2024-08-19 09:40:41'),(181,'admin','127.0.0.1','内网IP','Chrome 12','Windows 10','0','登录成功','2024-08-19 09:42:59'),(182,'admin','127.0.0.1','内网IP','Chrome 12','Windows 10','0','登录成功','2024-08-19 10:00:44'),(183,'admin','127.0.0.1','内网IP','Chrome 12','Windows 10','1','验证码错误','2024-08-19 12:59:08'),(184,'admin','127.0.0.1','内网IP','Chrome 12','Windows 10','0','登录成功','2024-08-19 12:59:14'),(185,'admin','127.0.0.1','内网IP','Chrome 12','Windows 10','0','退出成功','2024-08-19 12:59:21'),(186,'admin','127.0.0.1','内网IP','Chrome 12','Windows 10','0','登录成功','2024-08-19 12:59:31'),(187,'admin','127.0.0.1','内网IP','Chrome 12','Windows 10','1','验证码错误','2024-08-20 09:51:20'),(188,'admin','127.0.0.1','内网IP','Chrome 12','Windows 10','1','验证码错误','2024-08-20 09:51:24'),(189,'admin','127.0.0.1','内网IP','Chrome 12','Windows 10','0','登录成功','2024-08-20 09:51:28'),(190,'admin','192.168.0.35','内网IP','Chrome 12','Windows 10','0','登录成功','2024-08-20 09:53:14'),(191,'admin','127.0.0.1','内网IP','Chrome 12','Windows 10','0','登录成功','2024-08-21 10:15:22'),(192,'admin','127.0.0.1','内网IP','Chrome 12','Windows 10','0','退出成功','2024-08-21 10:15:29'),(193,'admin','127.0.0.1','内网IP','Chrome 12','Windows 10','0','登录成功','2024-08-21 10:17:52'),(194,'admin','121.228.86.104','XX XX','Chrome 12','Windows 10','0','登录成功','2024-08-26 14:30:48'),(195,'admin','121.228.86.104','XX XX','Chrome 12','Windows 10','0','登录成功','2024-08-26 14:52:51'),(196,'admin','58.247.180.21','XX XX','Chrome 12','Windows 10','0','登录成功','2024-09-18 10:19:00'),(197,'admin','180.103.208.14','江苏省苏州市 电信','Chrome 12','Windows 10','0','登录成功','2024-09-18 10:20:31'),(198,'admin','180.103.208.14','XX XX','Chrome 12','Windows 10','0','登录成功','2024-09-18 12:54:03'),(199,'admin','114.216.246.162','江苏省苏州市 电信','Chrome 9','Windows 10','0','登录成功','2024-09-19 08:51:15'),(200,'admin','114.216.246.162','江苏省苏州市 电信','Chrome 9','Windows 10','0','登录成功','2024-09-19 14:04:25'),(201,'admin','58.208.254.48','XX XX','Chrome 9','Windows 10','0','登录成功','2024-10-08 11:01:03'),(202,'admin','58.208.254.48','江苏省苏州市昆山市 电信','Chrome 12','Windows 10','0','登录成功','2024-10-08 11:03:37'),(203,'admin','121.224.240.205','江苏省苏州市 电信','Chrome 9','Windows 10','0','登录成功','2024-10-10 09:04:46'),(204,'admin','121.224.240.205','XX XX','Chrome 9','Windows 10','0','登录成功','2024-10-10 09:08:54'),(205,'admin','121.224.240.205','XX XX','Chrome 12','Windows 10','0','登录成功','2024-10-10 09:09:56'),(206,'admin','121.224.240.205','XX XX','Chrome 12','Windows 10','0','登录成功','2024-10-10 13:38:34'),(207,'admin','121.224.240.205','XX XX','Chrome 9','Windows 10','0','登录成功','2024-10-10 14:15:14'),(208,'admin','121.224.240.205','江苏省苏州市 电信','Chrome 9','Windows 10','0','登录成功','2024-10-12 16:37:32'),(209,'admin','121.224.240.205','江苏省苏州市 电信','Chrome 12','Windows 10','0','登录成功','2024-10-12 16:58:27'),(210,'admin','121.224.240.205','XX XX','Chrome 9','Windows 10','0','登录成功','2024-10-16 13:31:25'),(211,'admin','121.224.240.205','XX XX','Chrome 9','Windows 10','1','验证码已失效','2024-10-23 19:15:33'),(212,'admin','121.224.240.205','江苏省苏州市 电信','Chrome 9','Windows 10','0','登录成功','2024-10-24 08:32:00'),(213,'admin','121.224.240.205','江苏省苏州市 电信','Chrome 9','Windows 10','0','登录成功','2024-10-24 15:36:53'),(214,'admin','121.224.240.205','XX XX','Chrome 9','Windows 10','0','登录成功','2024-10-25 08:31:16'),(215,'admin','127.0.0.1','内网IP','Chrome 13','Windows 10','1','验证码错误','2024-10-30 13:14:46'),(216,'admin','127.0.0.1','内网IP','Chrome 13','Windows 10','0','登录成功','2024-10-30 13:14:49'),(217,'admin','127.0.0.1','内网IP','Chrome 13','Windows 10','0','登录成功','2024-10-30 13:20:42'),(218,'admin','114.216.176.121','XX XX','Chrome 9','Windows 10','0','登录成功','2024-10-30 13:44:04'),(219,'admin','114.216.176.121','江苏省苏州市 电信','Chrome 9','Windows 10','0','登录成功','2024-10-31 08:31:54'),(220,'admin','180.108.128.248','江苏省苏州市 电信','Chrome 12','Windows 10','0','登录成功','2024-10-31 12:54:38'),(221,'admin','39.144.153.140','XX XX','Chrome 9','Windows 10','1','验证码已失效','2024-11-16 14:52:58'),(222,'admin','39.144.153.140','XX XX','Chrome 9','Windows 10','0','登录成功','2024-11-16 14:53:02'),(223,'admin','49.73.107.76','江苏省苏州市 电信','Chrome 13','Windows 10','0','登录成功','2024-11-19 13:28:05'),(224,'admin','49.73.107.76','江苏省苏州市 电信','Chrome 9','Windows 10','0','登录成功','2024-11-19 15:07:43'),(225,'admin','49.73.107.76','江苏省苏州市 电信','Chrome 9','Windows 10','1','验证码已失效','2024-11-19 15:14:27'),(226,'admin','49.73.107.76','江苏省苏州市 电信','Chrome 9','Windows 10','1','验证码错误','2024-11-19 15:14:32'),(227,'admin','49.73.107.76','XX XX','Chrome 9','Windows 10','0','登录成功','2024-11-19 15:14:37'),(228,'admin','49.73.107.76','XX XX','Chrome 13','Windows 10','1','验证码错误','2024-11-19 19:37:29'),(229,'admin','49.73.107.76','XX XX','Chrome 13','Windows 10','0','登录成功','2024-11-19 19:37:30'),(230,'admin','49.73.107.76','江苏省苏州市 电信','Chrome 13','Windows 10','0','登录成功','2024-11-20 08:46:57'),(231,'admin','49.73.107.76','XX XX','Chrome 9','Windows 10','0','登录成功','2024-11-20 09:08:27'),(232,'admin','127.0.0.1','内网IP','Chrome 13','Windows 10','0','登录成功','2024-11-20 14:42:54'),(233,'admin','117.81.149.100','江苏省苏州市 电信','Chrome 13','Windows 10','0','登录成功','2024-11-21 08:51:17'),(234,'admin','117.81.149.100','江苏省苏州市 电信','Chrome 9','Windows 10','0','登录成功','2024-11-21 09:06:41'),(235,'admin','117.81.149.100','XX XX','Chrome 13','Windows 10','0','登录成功','2024-11-21 09:11:19'),(236,'admin','117.81.149.100','江苏省苏州市 电信','Chrome 9','Windows 10','0','登录成功','2024-11-21 13:21:10'),(237,'admin','117.81.149.100','江苏省苏州市 电信','Chrome 9','Windows 10','1','验证码错误','2024-11-22 10:38:40'),(238,'admin','117.81.149.100','江苏省苏州市 电信','Chrome 9','Windows 10','0','登录成功','2024-11-22 10:38:43'),(239,'admin','117.81.149.100','XX XX','Chrome 9','Windows 10','0','登录成功','2024-11-22 16:35:43'),(240,'admin','117.81.149.100','XX XX','Chrome 9','Windows 10','0','登录成功','2024-11-25 08:44:33'),(241,'admin','117.81.149.100','江苏省苏州市 电信','Chrome 9','Windows 10','0','退出成功','2024-11-25 09:12:11'),(242,'test','117.81.149.100','江苏省苏州市 电信','Chrome 9','Windows 10','1','密码输入错误1次','2024-11-25 09:12:16'),(243,'test','117.81.149.100','XX XX','Chrome 9','Windows 10','1','用户不存在/密码错误','2024-11-25 09:12:17'),(244,'test','117.81.149.100','江苏省苏州市 电信','Chrome 9','Windows 10','0','登录成功','2024-11-25 09:12:24'),(245,'test','117.81.149.100','江苏省苏州市 电信','Chrome 9','Windows 10','0','退出成功','2024-11-25 09:13:20'),(246,'admin','117.81.149.100','XX XX','Chrome 9','Windows 10','0','登录成功','2024-11-25 09:13:25'),(247,'admin','117.81.149.100','XX XX','Chrome 9','Windows 10','0','退出成功','2024-11-25 09:17:10'),(248,'test','117.81.149.100','XX XX','Chrome 9','Windows 10','1','用户不存在/密码错误','2024-11-25 09:17:15'),(249,'test','117.81.149.100','江苏省苏州市 电信','Chrome 9','Windows 10','1','密码输入错误1次','2024-11-25 09:17:15'),(250,'test','117.81.149.100','江苏省苏州市 电信','Chrome 9','Windows 10','1','验证码错误','2024-11-25 09:17:17'),(251,'test','117.81.149.100','XX XX','Chrome 9','Windows 10','0','登录成功','2024-11-25 09:17:20'),(252,'test','117.81.149.100','XX XX','Chrome 9','Windows 10','0','退出成功','2024-11-25 10:27:51'),(253,'admin','117.81.149.100','XX XX','Chrome 9','Windows 10','0','登录成功','2024-11-25 10:27:56'),(254,'admin','117.81.149.100','XX XX','Chrome 13','Windows 10','1','验证码已失效','2024-11-25 10:39:43'),(255,'admin','117.81.149.100','江苏省苏州市 电信','Chrome 13','Windows 10','0','登录成功','2024-11-25 10:39:49'),(256,'admin','117.81.149.100','江苏省苏州市 电信','Chrome 9','Windows 10','0','登录成功','2024-11-25 17:00:53'),(257,'admin','117.81.149.100','江苏省苏州市 电信','Chrome 9','Windows 10','0','登录成功','2024-11-26 08:41:25'),(258,'admin','117.81.149.100','XX XX','Chrome 9','Windows 10','0','登录成功','2024-11-26 13:08:39'),(259,'admin','117.81.149.100','XX XX','Chrome 13','Windows 10','1','验证码已失效','2024-11-26 16:59:53'),(260,'admin','117.81.149.100','江苏省苏州市 电信','Chrome 13','Windows 10','0','登录成功','2024-11-26 17:00:00'),(261,'admin','117.81.149.100','江苏省苏州市 电信','Chrome 13','Windows 10','0','登录成功','2024-11-27 10:28:50'),(262,'admin','117.81.149.100','XX XX','Chrome 13','Windows 10','0','登录成功','2024-11-27 15:56:33'),(263,'admin','117.81.149.100','XX XX','Chrome 9','Windows 10','0','登录成功','2024-11-27 16:07:49'),(264,'admin','117.81.149.100','江苏省苏州市 电信','Chrome 9','Windows 10','0','登录成功','2024-11-28 11:47:40'),(265,'admin','117.81.149.100','XX XX','Chrome 9','Windows 10','0','登录成功','2024-11-29 08:59:17'),(266,'admin','117.81.149.100','江苏省苏州市 电信','Chrome 13','Windows 10','1','验证码已失效','2024-11-29 09:20:05'),(267,'admin','117.81.149.100','XX XX','Chrome 13','Windows 10','0','登录成功','2024-11-29 09:23:42'),(268,'admin','117.81.149.100','江苏省苏州市 电信','Chrome 13','Windows 10','0','退出成功','2024-11-29 09:25:24'),(269,'admin','117.81.149.100','XX XX','Chrome 13','Windows 10','0','登录成功','2024-11-29 09:26:31'),(270,'admin','117.81.149.100','XX XX','Chrome 13','Windows 10','0','退出成功','2024-11-29 09:26:49'),(271,'admin','117.81.149.100','江苏省苏州市 电信','Chrome 9','Windows 10','0','登录成功','2024-11-29 14:28:00'),(272,'admin','117.81.149.100','江苏省苏州市 电信','Chrome 9','Windows 10','0','登录成功','2024-12-04 08:48:10'),(273,'admin','121.238.176.231','江苏省苏州市 电信','Chrome 9','Windows 10','0','登录成功','2024-12-09 09:11:30'),(274,'admin','121.238.176.231','江苏省苏州市 电信','Chrome 9','Windows 10','0','登录成功','2024-12-10 08:46:07'),(275,'admin','121.238.176.231','XX XX','Chrome 12','Linux','0','登录成功','2024-12-16 13:37:11'),(276,'admin','121.238.176.231','江苏省苏州市 电信','Chrome 9','Windows 10','0','登录成功','2024-12-16 15:39:52'),(277,'admin','121.238.176.231','XX XX','Chrome 13','Windows 10','0','登录成功','2024-12-18 10:03:40'),(278,'admin','121.238.176.231','XX XX','Chrome 9','Windows 10','0','登录成功','2024-12-19 14:08:38'),(279,'admin','121.238.176.231','XX XX','Chrome 9','Windows 10','0','登录成功','2024-12-24 16:25:43'),(280,'admin','49.84.142.17','XX XX','Chrome 9','Windows 10','0','登录成功','2024-12-30 09:10:15'),(281,'admin','49.84.142.17','江苏省苏州市张家港市 电信','Chrome 9','Windows 10','0','登录成功','2025-01-08 10:16:51'),(282,'admin','49.84.142.17','江苏省苏州市张家港市 电信','Chrome 9','Windows 10','0','登录成功','2025-01-09 10:05:20'),(283,'admin','49.84.142.17','江苏省苏州市张家港市 电信','Chrome 9','Windows 10','0','登录成功','2025-01-16 09:25:36'),(284,'admin','117.81.125.173','江苏省苏州市 电信','Chrome 9','Windows 10','0','登录成功','2025-02-07 08:35:26'),(285,'admin','117.81.125.173','江苏省苏州市 电信','Chrome 9','Windows 10','0','登录成功','2025-02-07 14:11:25'),(286,'admin','121.236.139.134','江苏省苏州市 电信','Chrome 9','Windows 10','0','登录成功','2025-02-08 18:55:25'),(287,'admin','121.236.139.134','江苏省苏州市 电信','Chrome 9','Windows 10','0','登录成功','2025-02-10 18:47:29'),(288,'admin','121.236.139.134','XX XX','Chrome 9','Windows 10','0','登录成功','2025-02-12 11:05:55'),(289,'admin','121.236.139.134','江苏省苏州市 电信','Chrome 13','Windows 10','0','登录成功','2025-02-14 10:13:40'),(290,'admin','121.236.139.134','江苏省苏州市 电信','Chrome 9','Windows 10','0','登录成功','2025-02-18 19:54:05'),(291,'admin','39.144.153.72','江苏省苏州市 ','Chrome 9','Windows 10','0','登录成功','2025-02-20 10:40:42'),(292,'admin','39.144.153.72','江苏省苏州市 ','Chrome 9','Windows 10','0','登录成功','2025-02-20 15:56:13'),(293,'admin','39.144.153.72','江苏省苏州市 ','Chrome 9','Windows 10','0','登录成功','2025-02-21 09:49:32'),(294,'admin','39.144.153.72','江苏省苏州市 ','Chrome 9','Windows 10','0','登录成功','2025-02-21 15:50:12'),(295,'admin','39.144.153.72','江苏省苏州市 ','Chrome 9','Windows 10','0','登录成功','2025-02-22 09:34:58'),(296,'admin','180.98.201.3','江苏省苏州市 电信','Chrome 9','Windows 10','0','登录成功','2025-02-22 10:44:54'),(297,'admin','121.236.139.134','XX XX','Chrome 9','Windows 10','0','登录成功','2025-02-24 11:37:07'),(298,'admin','121.236.139.134','江苏省苏州市 电信','Chrome 9','Windows 10','0','登录成功','2025-02-25 08:46:49'),(299,'admin','127.0.0.1','内网IP','Chrome 13','Windows 10','0','登录成功','2025-02-25 09:00:03'),(300,'admin','127.0.0.1','内网IP','Chrome 13','Windows 10','1','验证码错误','2025-02-25 14:43:40'),(301,'admin','127.0.0.1','内网IP','Chrome 13','Windows 10','0','登录成功','2025-02-25 14:43:43'),(302,'admin','127.0.0.1','内网IP','Chrome 13','Windows 10','1','验证码错误','2025-02-25 15:14:09'),(303,'admin','127.0.0.1','内网IP','Chrome 13','Windows 10','0','登录成功','2025-02-25 15:14:12'),(304,'admin','127.0.0.1','内网IP','Chrome 13','Windows 10','0','登录成功','2025-02-25 15:22:34'),(305,'admin','127.0.0.1','内网IP','Chrome 13','Windows 10','1','验证码错误','2025-03-31 19:07:37'),(306,'admin','127.0.0.1','内网IP','Chrome 13','Windows 10','0','登录成功','2025-03-31 19:07:40'),(307,'admin','117.83.114.37','XX XX','Chrome 11','Windows 10','0','登录成功','2026-03-20 10:59:34'),(308,'admin','111.208.43.9','XX XX','Chrome 12','Windows 10','1','验证码已失效','2026-03-23 10:13:30'),(309,'admin','111.208.43.9','XX XX','Chrome 12','Windows 10','0','登录成功','2026-03-23 10:13:33'),(310,'admin','111.208.43.9','XX XX','Chrome 14','Windows 10','0','登录成功','2026-03-23 14:17:06'),(311,'admin','111.208.81.4','XX XX','Chrome 14','Windows 10','0','登录成功','2026-03-25 13:39:01'),(312,'admin','117.82.128.95','XX XX','Chrome 14','Mac OS X','0','登录成功','2026-03-31 12:49:20'),(313,'admin','111.208.43.9','XX XX','Chrome 14','Windows 10','0','登录成功','2026-03-31 13:20:28'),(314,'admin','111.208.43.9','XX XX','Chrome 12','Windows 10','0','登录成功','2026-03-31 13:58:02'),(315,'admin','117.82.128.95','XX XX','Chrome 14','Mac OS X','0','登录成功','2026-04-02 08:13:59'),(316,'admin','111.208.43.9','XX XX','Chrome 14','Windows 10','0','登录成功','2026-04-02 10:02:15'),(317,'admin','127.0.0.1','内网IP','Chrome 12','Windows 10','0','登录成功','2026-04-02 11:02:57'),(318,'admin','117.82.128.95','XX XX','Chrome 14','Mac OS X','0','登录成功','2026-04-07 09:49:07'),(319,'admin','111.208.81.4','XX XX','Chrome 14','Windows 10','0','登录成功','2026-04-07 13:10:13'),(320,'admin','111.208.43.9','XX XX','Chrome 14','Windows 10','0','登录成功','2026-04-07 13:18:53'),(321,'admin','111.208.81.4','XX XX','Chrome 14','Windows 10','0','登录成功','2026-04-07 13:26:35'),(322,'admin','180.159.86.135','XX XX','Chrome 14','Windows 10','0','登录成功','2026-04-08 17:25:58'),(323,'admin','180.159.86.135','XX XX','Chrome 14','Windows 10','0','登录成功','2026-04-08 17:38:29'),(324,'admin','117.82.128.95','XX XX','Chrome 14','Mac OS X','0','登录成功','2026-04-08 17:40:20'),(325,'admin','117.82.128.95','XX XX','Safari','Mac OS X','0','登录成功','2026-04-09 08:00:06'),(326,'admin','127.0.0.1','内网IP','Chrome 12','Windows 10','0','登录成功','2026-04-09 10:43:00'),(327,'admin','180.159.86.135','XX XX','Chrome 14','Windows 10','0','登录成功','2026-04-09 11:02:58'),(328,'admin','117.82.128.95','XX XX','Chrome 14','Mac OS X','0','登录成功','2026-04-09 11:04:23'),(329,'admin','180.159.86.135','XX XX','Chrome 14','Windows 10','0','登录成功','2026-04-09 17:55:36'),(330,'admin','117.82.128.95','XX XX','Chrome 14','Mac OS X','0','登录成功','2026-04-10 08:38:10'),(331,'admin','117.82.128.95','XX XX','Chrome 12','Windows 10','0','登录成功','2026-04-10 08:40:20'),(332,'admin','111.208.81.4','XX XX','Chrome 14','Windows 10','0','登录成功','2026-04-10 09:03:33'),(333,'admin','112.20.118.78','XX XX','Chrome 14','Mac OS X','0','登录成功','2026-04-11 15:22:47'),(334,'admin','117.82.128.95','XX XX','Chrome 14','Windows 10','1','验证码已失效','2026-04-13 09:26:31'),(335,'admin','117.82.128.95','XX XX','Chrome 14','Windows 10','0','登录成功','2026-04-13 09:26:37'),(336,'admin','117.82.128.95','XX XX','Chrome 14','Mac OS X','1','验证码已失效','2026-04-13 09:37:39'),(337,'admin','117.82.128.95','XX XX','Chrome 14','Mac OS X','0','登录成功','2026-04-13 09:37:42'),(338,'admin','111.208.43.9','XX XX','Chrome 14','Windows 10','0','登录成功','2026-04-13 09:41:22'),(339,'admin','127.0.0.1','内网IP','Chrome 12','Windows 10','0','登录成功','2026-04-13 12:57:37'),(340,'admin','111.208.43.9','XX XX','Chrome 14','Windows 10','0','登录成功','2026-04-13 13:05:17'),(341,'admin','117.82.128.95','XX XX','Chrome 14','Mac OS X','0','登录成功','2026-04-13 14:43:56'),(342,'admin','111.208.81.4','XX XX','Chrome 14','Windows 10','0','登录成功','2026-04-13 15:04:34'),(343,'admin','127.0.0.1','内网IP','Chrome 14','Windows 10','0','退出成功','2026-04-13 16:17:14'),(344,'admin','127.0.0.1','内网IP','Chrome 14','Windows 10','0','登录成功','2026-04-13 16:17:18'),(345,'admin','127.0.0.1','内网IP','Chrome 14','Windows 10','0','登录成功','2026-04-14 09:29:27'),(346,'admin','127.0.0.1','内网IP','Chrome 12','Windows 10','0','登录成功','2026-04-14 10:06:51'),(347,'admin','127.0.0.1','内网IP','Chrome 14','Mac OS X','0','登录成功','2026-04-14 15:01:13'),(348,'admin','127.0.0.1','内网IP','Chrome 14','Windows 10','0','登录成功','2026-04-14 15:51:43'),(349,'admin','127.0.0.1','内网IP','Chrome 14','Mac OS X','1','验证码已失效','2026-04-15 13:25:42'),(350,'admin','127.0.0.1','内网IP','Chrome 14','Mac OS X','0','登录成功','2026-04-15 13:25:44'),(351,'admin','127.0.0.1','内网IP','Chrome 14','Mac OS X','0','登录成功','2026-04-15 19:31:23');
/*!40000 ALTER TABLE `sys_logininfor` ENABLE KEYS */;
UNLOCK TABLES;

--
-- Table structure for table `sys_menu`
--

DROP TABLE IF EXISTS `sys_menu`;
/*!40101 SET @saved_cs_client     = @@character_set_client */;
/*!50503 SET character_set_client = utf8mb4 */;
CREATE TABLE `sys_menu` (
  `menu_id` bigint NOT NULL AUTO_INCREMENT COMMENT '菜单ID',
  `menu_name` varchar(50) NOT NULL COMMENT '菜单名称',
  `parent_id` bigint DEFAULT '0' COMMENT '父菜单ID',
  `order_num` int DEFAULT '0' COMMENT '显示顺序',
  `path` varchar(200) DEFAULT '' COMMENT '路由地址',
  `component` varchar(255) DEFAULT NULL COMMENT '组件路径',
  `query` varchar(255) DEFAULT NULL COMMENT '路由参数',
  `is_frame` int DEFAULT '1' COMMENT '是否为外链（0是 1否）',
  `is_cache` int DEFAULT '0' COMMENT '是否缓存（0缓存 1不缓存）',
  `menu_type` char(1) DEFAULT '' COMMENT '菜单类型（M目录 C菜单 F按钮）',
  `visible` char(1) DEFAULT '0' COMMENT '菜单状态（0显示 1隐藏）',
  `status` char(1) DEFAULT '0' COMMENT '菜单状态（0正常 1停用）',
  `perms` varchar(100) DEFAULT NULL COMMENT '权限标识',
  `icon` varchar(100) DEFAULT '#' COMMENT '菜单图标',
  `create_by` varchar(64) DEFAULT '' COMMENT '创建者',
  `create_time` datetime DEFAULT NULL COMMENT '创建时间',
  `update_by` varchar(64) DEFAULT '' COMMENT '更新者',
  `update_time` datetime DEFAULT NULL COMMENT '更新时间',
  `remark` varchar(500) DEFAULT '' COMMENT '备注',
  PRIMARY KEY (`menu_id`) USING BTREE
) ENGINE=InnoDB AUTO_INCREMENT=2030 DEFAULT CHARSET=utf8mb3 ROW_FORMAT=DYNAMIC COMMENT='菜单权限表';
/*!40101 SET character_set_client = @saved_cs_client */;

--
-- Dumping data for table `sys_menu`
--

LOCK TABLES `sys_menu` WRITE;
/*!40000 ALTER TABLE `sys_menu` DISABLE KEYS */;
INSERT INTO `sys_menu` VALUES (1,'系统管理',0,1,'system',NULL,'',1,0,'M','0','0','','system','admin','2023-10-26 10:27:02','',NULL,'系统管理目录'),(2,'系统监控',0,2,'monitor',NULL,'',1,0,'M','0','0','','monitor','admin','2023-10-26 10:27:02','',NULL,'系统监控目录'),(3,'系统工具',0,3,'tool',NULL,'',1,0,'M','0','0','','tool','admin','2023-10-26 10:27:02','admin','2024-11-25 17:01:22','系统工具目录'),(100,'用户管理',1,1,'user','system/user/index','',1,0,'C','0','0','system:user:list','user','admin','2023-10-26 10:27:02','',NULL,'用户管理菜单'),(101,'角色管理',1,2,'role','system/role/index','',1,0,'C','0','0','system:role:list','peoples','admin','2023-10-26 10:27:03','',NULL,'角色管理菜单'),(102,'菜单管理',1,3,'menu','system/menu/index','',1,0,'C','0','0','system:menu:list','tree-table','admin','2023-10-26 10:27:03','',NULL,'菜单管理菜单'),(103,'部门管理',1,4,'dept','system/dept/index','',1,0,'C','0','0','system:dept:list','tree','admin','2023-10-26 10:27:03','',NULL,'部门管理菜单'),(104,'岗位管理',1,5,'post','system/post/index','',1,0,'C','0','0','system:post:list','post','admin','2023-10-26 10:27:03','',NULL,'岗位管理菜单'),(105,'字典管理',1,6,'dict','system/dict/index','',1,0,'C','0','0','system:dict:list','dict','admin','2023-10-26 10:27:03','',NULL,'字典管理菜单'),(106,'参数设置',1,7,'config','system/config/index','',1,0,'C','0','0','system:config:list','edit','admin','2023-10-26 10:27:03','',NULL,'参数设置菜单'),(107,'通知公告',1,8,'notice','system/notice/index','',1,0,'C','0','0','system:notice:list','message','admin','2023-10-26 10:27:03','',NULL,'通知公告菜单'),(108,'日志管理',1,9,'log','','',1,0,'M','0','0','','log','admin','2023-10-26 10:27:03','',NULL,'日志管理菜单'),(109,'在线用户',2,1,'online','monitor/online/index','',1,0,'C','0','0','monitor:online:list','online','admin','2023-10-26 10:27:03','',NULL,'在线用户菜单'),(110,'定时任务',2,2,'job','monitor/job/index','',1,0,'C','0','0','monitor:job:list','job','admin','2023-10-26 10:27:03','',NULL,'定时任务菜单'),(111,'数据监控',2,3,'druid','monitor/druid/index','',1,0,'C','0','0','monitor:druid:list','druid','admin','2023-10-26 10:27:03','',NULL,'数据监控菜单'),(112,'服务监控',2,4,'server','monitor/server/index','',1,0,'C','0','0','monitor:server:list','server','admin','2023-10-26 10:27:03','',NULL,'服务监控菜单'),(113,'缓存监控',2,5,'cache','monitor/cache/index','',1,0,'C','0','0','monitor:cache:list','redis','admin','2023-10-26 10:27:04','',NULL,'缓存监控菜单'),(114,'缓存列表',2,6,'cacheList','monitor/cache/list','',1,0,'C','0','0','monitor:cache:list','redis-list','admin','2023-10-26 10:27:04','',NULL,'缓存列表菜单'),(115,'表单构建',3,1,'build','tool/build/index','',1,0,'C','0','0','tool:build:list','build','admin','2023-10-26 10:27:04','',NULL,'表单构建菜单'),(116,'代码生成',3,2,'gen','tool/gen/index','',1,0,'C','0','0','tool:gen:list','code','admin','2023-10-26 10:27:04','',NULL,'代码生成菜单'),(117,'系统接口',3,3,'swagger','tool/swagger/index','',1,0,'C','0','0','tool:swagger:list','swagger','admin','2023-10-26 10:27:04','',NULL,'系统接口菜单'),(500,'操作日志',108,1,'operlog','monitor/operlog/index','',1,0,'C','0','0','monitor:operlog:list','form','admin','2023-10-26 10:27:04','',NULL,'操作日志菜单'),(501,'登录日志',108,2,'logininfor','monitor/logininfor/index','',1,0,'C','0','0','monitor:logininfor:list','logininfor','admin','2023-10-26 10:27:04','',NULL,'登录日志菜单'),(1000,'用户查询',100,1,'','','',1,0,'F','0','0','system:user:query','#','admin','2023-10-26 10:27:04','',NULL,''),(1001,'用户新增',100,2,'','','',1,0,'F','0','0','system:user:add','#','admin','2023-10-26 10:27:04','',NULL,''),(1002,'用户修改',100,3,'','','',1,0,'F','0','0','system:user:edit','#','admin','2023-10-26 10:27:04','',NULL,''),(1003,'用户删除',100,4,'','','',1,0,'F','0','0','system:user:remove','#','admin','2023-10-26 10:27:04','',NULL,''),(1004,'用户导出',100,5,'','','',1,0,'F','0','0','system:user:export','#','admin','2023-10-26 10:27:05','',NULL,''),(1005,'用户导入',100,6,'','','',1,0,'F','0','0','system:user:import','#','admin','2023-10-26 10:27:05','',NULL,''),(1006,'重置密码',100,7,'','','',1,0,'F','0','0','system:user:resetPwd','#','admin','2023-10-26 10:27:05','',NULL,''),(1007,'角色查询',101,1,'','','',1,0,'F','0','0','system:role:query','#','admin','2023-10-26 10:27:05','',NULL,''),(1008,'角色新增',101,2,'','','',1,0,'F','0','0','system:role:add','#','admin','2023-10-26 10:27:05','',NULL,''),(1009,'角色修改',101,3,'','','',1,0,'F','0','0','system:role:edit','#','admin','2023-10-26 10:27:05','',NULL,''),(1010,'角色删除',101,4,'','','',1,0,'F','0','0','system:role:remove','#','admin','2023-10-26 10:27:05','',NULL,''),(1011,'角色导出',101,5,'','','',1,0,'F','0','0','system:role:export','#','admin','2023-10-26 10:27:05','',NULL,''),(1012,'菜单查询',102,1,'','','',1,0,'F','0','0','system:menu:query','#','admin','2023-10-26 10:27:05','',NULL,''),(1013,'菜单新增',102,2,'','','',1,0,'F','0','0','system:menu:add','#','admin','2023-10-26 10:27:05','',NULL,''),(1014,'菜单修改',102,3,'','','',1,0,'F','0','0','system:menu:edit','#','admin','2023-10-26 10:27:05','',NULL,''),(1015,'菜单删除',102,4,'','','',1,0,'F','0','0','system:menu:remove','#','admin','2023-10-26 10:27:06','',NULL,''),(1016,'部门查询',103,1,'','','',1,0,'F','0','0','system:dept:query','#','admin','2023-10-26 10:27:06','',NULL,''),(1017,'部门新增',103,2,'','','',1,0,'F','0','0','system:dept:add','#','admin','2023-10-26 10:27:06','',NULL,''),(1018,'部门修改',103,3,'','','',1,0,'F','0','0','system:dept:edit','#','admin','2023-10-26 10:27:06','',NULL,''),(1019,'部门删除',103,4,'','','',1,0,'F','0','0','system:dept:remove','#','admin','2023-10-26 10:27:06','',NULL,''),(1020,'岗位查询',104,1,'','','',1,0,'F','0','0','system:post:query','#','admin','2023-10-26 10:27:06','',NULL,''),(1021,'岗位新增',104,2,'','','',1,0,'F','0','0','system:post:add','#','admin','2023-10-26 10:27:06','',NULL,''),(1022,'岗位修改',104,3,'','','',1,0,'F','0','0','system:post:edit','#','admin','2023-10-26 10:27:06','',NULL,''),(1023,'岗位删除',104,4,'','','',1,0,'F','0','0','system:post:remove','#','admin','2023-10-26 10:27:06','',NULL,''),(1024,'岗位导出',104,5,'','','',1,0,'F','0','0','system:post:export','#','admin','2023-10-26 10:27:06','',NULL,''),(1025,'字典查询',105,1,'#','','',1,0,'F','0','0','system:dict:query','#','admin','2023-10-26 10:27:06','',NULL,''),(1026,'字典新增',105,2,'#','','',1,0,'F','0','0','system:dict:add','#','admin','2023-10-26 10:27:07','',NULL,''),(1027,'字典修改',105,3,'#','','',1,0,'F','0','0','system:dict:edit','#','admin','2023-10-26 10:27:07','',NULL,''),(1028,'字典删除',105,4,'#','','',1,0,'F','0','0','system:dict:remove','#','admin','2023-10-26 10:27:07','',NULL,''),(1029,'字典导出',105,5,'#','','',1,0,'F','0','0','system:dict:export','#','admin','2023-10-26 10:27:07','',NULL,''),(1030,'参数查询',106,1,'#','','',1,0,'F','0','0','system:config:query','#','admin','2023-10-26 10:27:07','',NULL,''),(1031,'参数新增',106,2,'#','','',1,0,'F','0','0','system:config:add','#','admin','2023-10-26 10:27:07','',NULL,''),(1032,'参数修改',106,3,'#','','',1,0,'F','0','0','system:config:edit','#','admin','2023-10-26 10:27:07','',NULL,''),(1033,'参数删除',106,4,'#','','',1,0,'F','0','0','system:config:remove','#','admin','2023-10-26 10:27:07','',NULL,''),(1034,'参数导出',106,5,'#','','',1,0,'F','0','0','system:config:export','#','admin','2023-10-26 10:27:07','',NULL,''),(1035,'公告查询',107,1,'#','','',1,0,'F','0','0','system:notice:query','#','admin','2023-10-26 10:27:07','',NULL,''),(1036,'公告新增',107,2,'#','','',1,0,'F','0','0','system:notice:add','#','admin','2023-10-26 10:27:07','',NULL,''),(1037,'公告修改',107,3,'#','','',1,0,'F','0','0','system:notice:edit','#','admin','2023-10-26 10:27:08','',NULL,''),(1038,'公告删除',107,4,'#','','',1,0,'F','0','0','system:notice:remove','#','admin','2023-10-26 10:27:08','',NULL,''),(1039,'操作查询',500,1,'#','','',1,0,'F','0','0','monitor:operlog:query','#','admin','2023-10-26 10:27:08','',NULL,''),(1040,'操作删除',500,2,'#','','',1,0,'F','0','0','monitor:operlog:remove','#','admin','2023-10-26 10:27:08','',NULL,''),(1041,'日志导出',500,3,'#','','',1,0,'F','0','0','monitor:operlog:export','#','admin','2023-10-26 10:27:08','',NULL,''),(1042,'登录查询',501,1,'#','','',1,0,'F','0','0','monitor:logininfor:query','#','admin','2023-10-26 10:27:08','',NULL,''),(1043,'登录删除',501,2,'#','','',1,0,'F','0','0','monitor:logininfor:remove','#','admin','2023-10-26 10:27:08','',NULL,''),(1044,'日志导出',501,3,'#','','',1,0,'F','0','0','monitor:logininfor:export','#','admin','2023-10-26 10:27:08','',NULL,''),(1045,'账户解锁',501,4,'#','','',1,0,'F','0','0','monitor:logininfor:unlock','#','admin','2023-10-26 10:27:08','',NULL,''),(1046,'在线查询',109,1,'#','','',1,0,'F','0','0','monitor:online:query','#','admin','2023-10-26 10:27:09','',NULL,''),(1047,'批量强退',109,2,'#','','',1,0,'F','0','0','monitor:online:batchLogout','#','admin','2023-10-26 10:27:09','',NULL,''),(1048,'单条强退',109,3,'#','','',1,0,'F','0','0','monitor:online:forceLogout','#','admin','2023-10-26 10:27:09','',NULL,''),(1049,'任务查询',110,1,'#','','',1,0,'F','0','0','monitor:job:query','#','admin','2023-10-26 10:27:09','',NULL,''),(1050,'任务新增',110,2,'#','','',1,0,'F','0','0','monitor:job:add','#','admin','2023-10-26 10:27:09','',NULL,''),(1051,'任务修改',110,3,'#','','',1,0,'F','0','0','monitor:job:edit','#','admin','2023-10-26 10:27:09','',NULL,''),(1052,'任务删除',110,4,'#','','',1,0,'F','0','0','monitor:job:remove','#','admin','2023-10-26 10:27:09','',NULL,''),(1053,'状态修改',110,5,'#','','',1,0,'F','0','0','monitor:job:changeStatus','#','admin','2023-10-26 10:27:09','',NULL,''),(1054,'任务导出',110,6,'#','','',1,0,'F','0','0','monitor:job:export','#','admin','2023-10-26 10:27:09','',NULL,''),(1055,'生成查询',116,1,'#','','',1,0,'F','0','0','tool:gen:query','#','admin','2023-10-26 10:27:09','',NULL,''),(1056,'生成修改',116,2,'#','','',1,0,'F','0','0','tool:gen:edit','#','admin','2023-10-26 10:27:09','',NULL,''),(1057,'生成删除',116,3,'#','','',1,0,'F','0','0','tool:gen:remove','#','admin','2023-10-26 10:27:10','',NULL,''),(1058,'导入代码',116,4,'#','','',1,0,'F','0','0','tool:gen:import','#','admin','2023-10-26 10:27:10','',NULL,''),(1059,'预览代码',116,5,'#','','',1,0,'F','0','0','tool:gen:preview','#','admin','2023-10-26 10:27:10','',NULL,''),(1060,'生成代码',116,6,'#','','',1,0,'F','0','0','tool:gen:code','#','admin','2023-10-26 10:27:10','',NULL,''),(2002,'用户管理',0,5,'mxuser',NULL,NULL,1,0,'M','0','0','','people','admin','2024-08-05 14:31:14','admin','2024-08-06 09:11:35',''),(2003,'用户',2002,1,'mxuser','system/mxuser/index',NULL,1,0,'C','0','0','','user','admin','2024-08-05 14:33:09','admin','2024-08-06 09:12:23',''),(2004,'门店管理',0,6,'store',NULL,NULL,1,0,'M','0','0',NULL,'shopping','admin','2024-08-06 09:11:16','',NULL,''),(2005,'门店',2004,1,'storeManager','system/store/storeManager/index',NULL,1,0,'C','0','0','','tree','admin','2024-08-06 09:13:49','admin','2024-09-23 09:31:03',''),(2006,'门店成员',2004,2,'storeMember','system/store/storeMember/index',NULL,1,0,'C','1','0','','peoples','admin','2024-08-06 11:07:46','admin','2024-09-23 09:29:55',''),(2007,'验光管理',0,7,'optonmentry',NULL,NULL,1,0,'M','0','0','','table','admin','2024-08-07 11:36:02','admin','2024-08-09 09:10:11',''),(2008,'验光记录',2007,1,'optonmentryRecords','system/optonmentry/optonmentryRecords/index',NULL,1,0,'C','0','0','','date','admin','2024-08-07 11:36:43','admin','2024-09-23 09:30:15',''),(2010,'视图数据',2007,3,'visionTest','system/optonmentry/visionTest/index',NULL,1,0,'C','1','1','','#','admin','2024-08-12 15:53:01','admin','2024-09-23 09:27:07',''),(2011,'试戴数据',2007,4,'tryOptonmentry','system/optonmentry/tryOptonmentry/index',NULL,1,0,'C','1','1','','#','admin','2024-08-12 16:22:57','admin','2024-09-23 09:27:11',''),(2012,'验光详情数据',2007,2,'optonmentryDate','system/optonmentry/optonmentryDate/index',NULL,1,0,'C','1','1','','#','admin','2024-08-13 14:30:21','admin','2024-08-13 14:38:40',''),(2013,'用户验光数据折线图',2002,2,'optometryData','system/mxuser/optometryData/index',NULL,1,0,'C','1','0','','#','admin','2024-08-15 10:26:02','admin','2024-08-15 10:53:12',''),(2016,'图片管理',2002,3,'picture','system/picture/index',NULL,1,1,'C','1','0','','#','admin','2024-09-05 11:28:18','admin','2024-11-21 08:51:41',''),(2017,'用户流程',2002,4,'flow','system/mxuser/flow/index',NULL,1,0,'C','0','0','system:flow:list','druid','admin','2024-09-05 13:48:51','admin','2024-11-25 09:15:38',''),(2018,'设备激活',2002,5,'code','system/code/index',NULL,1,0,'C','0','0','','password','admin','2024-09-19 16:00:49','admin','2024-11-25 09:15:33',''),(2019,'下载管理',0,8,'installing',NULL,NULL,1,0,'M','0','0','','international','admin','2024-10-08 13:56:03','admin','2024-10-08 14:02:00',''),(2020,'安装包管理',2019,1,'installing','system/installing/index',NULL,1,0,'C','0','0','','#','admin','2024-10-08 13:56:56','admin','2024-10-08 14:02:55',''),(2021,'测试',0,1000,'test',NULL,NULL,1,0,'M','1','1','','404','admin','2025-03-31 19:09:01','admin','2026-03-20 11:00:12',''),(2022,'狗头介绍banner',2021,2,'test1','system/test/test1',NULL,1,0,'C','0','0','','#','admin','2025-03-31 19:10:04','admin','2025-03-31 19:12:38',''),(2023,'金刚狼按钮',2021,1,'index','system/test/index',NULL,1,0,'C','0','0','','#','admin','2025-03-31 19:12:31','admin','2025-03-31 19:13:38',''),(2024,'翻转卡片',2021,3,'card','system/test/card',NULL,1,0,'C','0','0','','#','admin','2025-03-31 19:14:00','admin','2025-03-31 19:14:42',''),(2025,'手风琴banner',2021,4,'carousel','system/test/carousel',NULL,1,0,'C','0','0',NULL,'#','admin','2025-03-31 19:15:12','',NULL,''),(2026,'loading(等待-熊)',2021,6,'loaders','system/test/loaders',NULL,1,0,'C','0','0','','#','admin','2025-03-31 19:17:07','admin','2025-03-31 19:17:45',''),(2027,'词云图',2021,7,'WordCloud','system/test/WordCloud',NULL,1,0,'C','0','0',NULL,'#','admin','2025-03-31 19:19:47','',NULL,''),(2028,'app用户',2,0,'userOnline','monitor/userOnline/index',NULL,1,0,'C','0','0','','peoples','admin','2026-04-02 11:10:20','admin','2026-04-02 13:04:14',''),(2029,'错误日志报告',2007,5,'errorLog','system/errorLog/index',NULL,1,0,'C','0','0','','#','admin','2026-04-10 09:07:57','admin','2026-04-10 09:08:43','');
/*!40000 ALTER TABLE `sys_menu` ENABLE KEYS */;
UNLOCK TABLES;

--
-- Table structure for table `sys_notice`
--

DROP TABLE IF EXISTS `sys_notice`;
/*!40101 SET @saved_cs_client     = @@character_set_client */;
/*!50503 SET character_set_client = utf8mb4 */;
CREATE TABLE `sys_notice` (
  `notice_id` int NOT NULL AUTO_INCREMENT COMMENT '公告ID',
  `notice_title` varchar(50) NOT NULL COMMENT '公告标题',
  `notice_type` char(1) NOT NULL COMMENT '公告类型（1通知 2公告）',
  `notice_content` longblob COMMENT '公告内容',
  `status` char(1) DEFAULT '0' COMMENT '公告状态（0正常 1关闭）',
  `create_by` varchar(64) DEFAULT '' COMMENT '创建者',
  `create_time` datetime DEFAULT NULL COMMENT '创建时间',
  `update_by` varchar(64) DEFAULT '' COMMENT '更新者',
  `update_time` datetime DEFAULT NULL COMMENT '更新时间',
  `remark` varchar(255) DEFAULT NULL COMMENT '备注',
  PRIMARY KEY (`notice_id`) USING BTREE
) ENGINE=InnoDB AUTO_INCREMENT=11 DEFAULT CHARSET=utf8mb3 ROW_FORMAT=DYNAMIC COMMENT='通知公告表';
/*!40101 SET character_set_client = @saved_cs_client */;

--
-- Dumping data for table `sys_notice`
--

LOCK TABLES `sys_notice` WRITE;
/*!40000 ALTER TABLE `sys_notice` DISABLE KEYS */;
INSERT INTO `sys_notice` VALUES (10,'测试','1',_binary '<p>通知通知</p>','0','admin','2024-08-12 15:02:56','',NULL,NULL);
/*!40000 ALTER TABLE `sys_notice` ENABLE KEYS */;
UNLOCK TABLES;

--
-- Table structure for table `sys_notice_read`
--

DROP TABLE IF EXISTS `sys_notice_read`;
/*!40101 SET @saved_cs_client     = @@character_set_client */;
/*!50503 SET character_set_client = utf8mb4 */;
CREATE TABLE `sys_notice_read` (
  `notice_read_id` int NOT NULL AUTO_INCREMENT COMMENT '公告已读ID',
  `notice_id` int NOT NULL COMMENT '公告ID',
  `user_id` bigint NOT NULL COMMENT '用户ID',
  `create_time` datetime DEFAULT NULL COMMENT '创建时间',
  `update_time` datetime DEFAULT NULL COMMENT '更新时间',
  PRIMARY KEY (`notice_read_id`) USING BTREE,
  UNIQUE KEY `unique_notice_user` (`notice_id`,`user_id`) USING BTREE
) ENGINE=InnoDB AUTO_INCREMENT=2 DEFAULT CHARSET=utf8mb3 ROW_FORMAT=DYNAMIC COMMENT='通知公告已读表';
/*!40101 SET character_set_client = @saved_cs_client */;

--
-- Dumping data for table `sys_notice_read`
--

LOCK TABLES `sys_notice_read` WRITE;
/*!40000 ALTER TABLE `sys_notice_read` DISABLE KEYS */;
INSERT INTO `sys_notice_read` VALUES (1,10,1,NULL,NULL);
/*!40000 ALTER TABLE `sys_notice_read` ENABLE KEYS */;
UNLOCK TABLES;

--
-- Table structure for table `sys_oper_log`
--

DROP TABLE IF EXISTS `sys_oper_log`;
/*!40101 SET @saved_cs_client     = @@character_set_client */;
/*!50503 SET character_set_client = utf8mb4 */;
CREATE TABLE `sys_oper_log` (
  `oper_id` bigint NOT NULL AUTO_INCREMENT COMMENT '日志主键',
  `title` varchar(50) DEFAULT '' COMMENT '模块标题',
  `business_type` int DEFAULT '0' COMMENT '业务类型（0其它 1新增 2修改 3删除）',
  `method` varchar(100) DEFAULT '' COMMENT '方法名称',
  `request_method` varchar(10) DEFAULT '' COMMENT '请求方式',
  `operator_type` int DEFAULT '0' COMMENT '操作类别（0其它 1后台用户 2手机端用户）',
  `oper_name` varchar(50) DEFAULT '' COMMENT '操作人员',
  `dept_name` varchar(50) DEFAULT '' COMMENT '部门名称',
  `oper_url` varchar(255) DEFAULT '' COMMENT '请求URL',
  `oper_ip` varchar(128) DEFAULT '' COMMENT '主机地址',
  `oper_location` varchar(255) DEFAULT '' COMMENT '操作地点',
  `oper_param` varchar(2000) DEFAULT '' COMMENT '请求参数',
  `json_result` varchar(2000) DEFAULT '' COMMENT '返回参数',
  `status` int DEFAULT '0' COMMENT '操作状态（0正常 1异常）',
  `error_msg` varchar(2000) DEFAULT '' COMMENT '错误消息',
  `oper_time` datetime DEFAULT NULL COMMENT '操作时间',
  `cost_time` bigint DEFAULT '0' COMMENT '消耗时间',
  PRIMARY KEY (`oper_id`) USING BTREE,
  KEY `idx_sys_oper_log_bt` (`business_type`) USING BTREE,
  KEY `idx_sys_oper_log_s` (`status`) USING BTREE,
  KEY `idx_sys_oper_log_ot` (`oper_time`) USING BTREE
) ENGINE=InnoDB AUTO_INCREMENT=464 DEFAULT CHARSET=utf8mb3 ROW_FORMAT=DYNAMIC COMMENT='操作日志记录';
/*!40101 SET character_set_client = @saved_cs_client */;

--
-- Dumping data for table `sys_oper_log`
--

LOCK TABLES `sys_oper_log` WRITE;
/*!40000 ALTER TABLE `sys_oper_log` DISABLE KEYS */;
INSERT INTO `sys_oper_log` VALUES (100,'菜单管理',3,'com.ruoyi.web.controller.system.SysMenuController.remove()','DELETE',1,'admin',NULL,'/system/menu/4','127.0.0.1','内网IP','{}','{\"msg\":\"菜单已分配,不允许删除\",\"code\":601}',0,NULL,'2024-01-31 16:08:42',25),(101,'菜单管理',2,'com.ruoyi.web.controller.system.SysMenuController.edit()','PUT',1,'admin',NULL,'/system/menu','127.0.0.1','内网IP','{\"children\":[],\"createTime\":\"2023-10-26 10:27:02\",\"icon\":\"guide\",\"isCache\":\"0\",\"isFrame\":\"1\",\"menuId\":4,\"menuName\":\"若依官网\",\"menuType\":\"M\",\"orderNum\":4,\"params\":{},\"parentId\":0,\"path\":\"http://ruoyi.vip\",\"perms\":\"\",\"query\":\"\",\"status\":\"0\",\"updateBy\":\"admin\",\"visible\":\"1\"}','{\"msg\":\"操作成功\",\"code\":200}',0,NULL,'2024-01-31 16:08:52',21),(102,'菜单管理',3,'com.ruoyi.web.controller.system.SysMenuController.remove()','DELETE',1,'admin',NULL,'/system/menu/4','127.0.0.1','内网IP','{}','{\"msg\":\"菜单已分配,不允许删除\",\"code\":601}',0,NULL,'2024-01-31 16:08:55',8),(103,'菜单管理',2,'com.ruoyi.web.controller.system.SysMenuController.edit()','PUT',1,'admin',NULL,'/system/menu','127.0.0.1','内网IP','{\"children\":[],\"createTime\":\"2023-10-26 10:27:02\",\"icon\":\"guide\",\"isCache\":\"0\",\"isFrame\":\"1\",\"menuId\":4,\"menuName\":\"若依官网\",\"menuType\":\"M\",\"orderNum\":4,\"params\":{},\"parentId\":0,\"path\":\"http://ruoyi.vip\",\"perms\":\"\",\"query\":\"\",\"status\":\"1\",\"updateBy\":\"admin\",\"visible\":\"1\"}','{\"msg\":\"操作成功\",\"code\":200}',0,NULL,'2024-01-31 16:09:07',18),(104,'菜单管理',3,'com.ruoyi.web.controller.system.SysMenuController.remove()','DELETE',1,'admin',NULL,'/system/menu/4','127.0.0.1','内网IP','{}','{\"msg\":\"菜单已分配,不允许删除\",\"code\":601}',0,NULL,'2024-01-31 16:09:18',5),(105,'用户头像',2,'com.ruoyi.web.controller.system.SysProfileController.avatar()','POST',1,'admin',NULL,'/system/user/profile/avatar','127.0.0.1','内网IP','','{\"msg\":\"操作成功\",\"imgUrl\":\"/profile/avatar/2024/01/31/blob_20240131161114A001.png\",\"code\":200}',0,NULL,'2024-01-31 16:11:14',66),(106,'个人信息',2,'com.ruoyi.web.controller.system.SysProfileController.updateProfile()','PUT',1,'admin',NULL,'/system/user/profile','127.0.0.1','内网IP','{\"admin\":true,\"avatar\":\"\",\"createBy\":\"admin\",\"createTime\":\"2023-10-26 10:27:00\",\"delFlag\":\"0\",\"dept\":{\"ancestors\":\"0,100,101\",\"children\":[],\"deptId\":103,\"deptName\":\"研发部门\",\"leader\":\"若依\",\"orderNum\":1,\"params\":{\"@type\":\"java.util.HashMap\"},\"parentId\":101,\"status\":\"0\"},\"deptId\":103,\"email\":\"ry@163.com\",\"loginDate\":\"2024-01-24 09:51:43\",\"loginIp\":\"127.0.0.1\",\"nickName\":\"若依\",\"params\":{\"@type\":\"java.util.HashMap\"},\"phonenumber\":\"15888888888\",\"remark\":\"管理员\",\"roles\":[{\"admin\":true,\"dataScope\":\"1\",\"deptCheckStrictly\":false,\"flag\":false,\"menuCheckStrictly\":false,\"params\":{\"@type\":\"java.util.HashMap\"},\"roleId\":1,\"roleKey\":\"admin\",\"roleName\":\"超级管理员\",\"roleSort\":1,\"status\":\"0\"}],\"sex\":\"1\",\"status\":\"0\",\"userId\":1,\"userName\":\"admin\"}','{\"msg\":\"操作成功\",\"code\":200}',0,NULL,'2024-01-31 16:11:25',27),(107,'代码生成',6,'com.ruoyi.generator.controller.GenController.importTableSave()','POST',1,'admin',NULL,'/tool/gen/importTable','127.0.0.1','内网IP','{\"tables\":\"allygo_opinion\"}','{\"msg\":\"操作成功\",\"code\":200}',0,NULL,'2024-04-20 10:47:52',75),(108,'代码生成',2,'com.ruoyi.generator.controller.GenController.editSave()','PUT',1,'admin',NULL,'/tool/gen','127.0.0.1','内网IP','{\"businessName\":\"opinion\",\"className\":\"Opinion\",\"columns\":[{\"capJavaField\":\"OpinionId\",\"columnComment\":\"意见反馈id\",\"columnId\":1,\"columnName\":\"opinion_id\",\"columnType\":\"bigint(20)\",\"createBy\":\"admin\",\"createTime\":\"2024-04-20 10:47:52\",\"dictType\":\"\",\"edit\":false,\"htmlType\":\"input\",\"increment\":true,\"insert\":true,\"isIncrement\":\"1\",\"isInsert\":\"1\",\"isPk\":\"1\",\"javaField\":\"opinionId\",\"javaType\":\"Long\",\"list\":false,\"params\":{},\"pk\":true,\"query\":false,\"queryType\":\"EQ\",\"required\":false,\"sort\":1,\"superColumn\":false,\"tableId\":1,\"updateBy\":\"\",\"usableColumn\":false},{\"capJavaField\":\"UserId\",\"columnComment\":\"用户id\",\"columnId\":2,\"columnName\":\"user_id\",\"columnType\":\"bigint(20)\",\"createBy\":\"admin\",\"createTime\":\"2024-04-20 10:47:52\",\"dictType\":\"\",\"edit\":true,\"htmlType\":\"input\",\"increment\":false,\"insert\":true,\"isEdit\":\"1\",\"isIncrement\":\"0\",\"isInsert\":\"1\",\"isList\":\"1\",\"isPk\":\"0\",\"isQuery\":\"1\",\"javaField\":\"userId\",\"javaType\":\"Long\",\"list\":true,\"params\":{},\"pk\":false,\"query\":true,\"queryType\":\"EQ\",\"required\":false,\"sort\":2,\"superColumn\":false,\"tableId\":1,\"updateBy\":\"\",\"usableColumn\":false},{\"capJavaField\":\"Phone\",\"columnComment\":\"用户手机号\",\"columnId\":3,\"columnName\":\"phone\",\"columnType\":\"varchar(20)\",\"createBy\":\"admin\",\"createTime\":\"2024-04-20 10:47:52\",\"dictType\":\"\",\"edit\":true,\"htmlType\":\"input\",\"increment\":false,\"insert\":true,\"isEdit\":\"1\",\"isIncrement\":\"0\",\"isInsert\":\"1\",\"isList\":\"1\",\"isPk\":\"0\",\"isQuery\":\"1\",\"javaField\":\"phone\",\"javaType\":\"String\",\"list\":true,\"params\":{},\"pk\":false,\"query\":true,\"queryType\":\"EQ\",\"required\":false,\"sort\":3,\"superColumn\":false,\"tableId\":1,\"updateBy\":\"\",\"usableColumn\":false},{\"capJavaField\":\"ConfigName\",\"columnComment\":\"问题\",\"columnId\":4,\"columnName\":\"config_name\",\"columnType\":\"varchar(200)\",\"createBy\":\"admin\",\"createTime\":\"2024-04-20 10:47:52\",\"dictType\":\"\",\"edit\":true,\"htmlType\":\"input\",\"increment\":false,\"insert\":true,\"isEdit\":\"1\",\"isIncrement\":\"0\",\"isInsert\":\"1\",\"isList\":\"1\",\"isPk\":\"0\",\"isQuery\":\"1\",\"javaField\":\"configName\",\"javaType\":\"String\",\"list\":true,\"params\":{','{\"msg\":\"操作成功\",\"code\":200}',0,NULL,'2024-04-20 10:48:22',27),(109,'菜单管理',1,'com.ruoyi.web.controller.system.SysMenuController.add()','POST',1,'admin',NULL,'/system/menu','127.0.0.1','内网IP','{\"children\":[],\"createBy\":\"admin\",\"isCache\":\"0\",\"isFrame\":\"1\",\"menuName\":\"测试\",\"menuType\":\"M\",\"orderNum\":4,\"params\":{},\"parentId\":0,\"path\":\"test\",\"status\":\"0\",\"visible\":\"0\"}','{\"msg\":\"操作成功\",\"code\":200}',0,NULL,'2024-04-20 11:02:30',34),(110,'菜单管理',1,'com.ruoyi.web.controller.system.SysMenuController.add()','POST',1,'admin',NULL,'/system/menu','127.0.0.1','内网IP','{\"children\":[],\"component\":\"test/index\",\"createBy\":\"admin\",\"isCache\":\"0\",\"isFrame\":\"1\",\"menuName\":\"意见反馈\",\"menuType\":\"C\",\"orderNum\":1,\"params\":{},\"parentId\":2000,\"path\":\"test\",\"status\":\"0\",\"visible\":\"0\"}','{\"msg\":\"操作成功\",\"code\":200}',0,NULL,'2024-04-20 11:05:09',21),(111,'意见反馈',1,'com.ruoyi.web.controller.test.OpinionController.add()','POST',1,'admin',NULL,'/test/opinion','127.0.0.1','内网IP','{\"configName\":\"ads \",\"createTime\":\"2024-05-11 17:30:24\",\"feedbackOpinion\":\"cxvxc\",\"opinionId\":1,\"params\":{},\"phone\":\"123512313\",\"pic\":\"asd\",\"userId\":1}','{\"msg\":\"操作成功\",\"code\":200}',0,NULL,'2024-05-11 17:30:24',17),(112,'通知公告',3,'com.ruoyi.web.controller.system.SysNoticeController.remove()','DELETE',1,'admin',NULL,'/system/notice/2','127.0.0.1','内网IP','{}','{\"msg\":\"操作成功\",\"code\":200}',0,NULL,'2024-05-17 14:06:59',15),(113,'通知公告',3,'com.ruoyi.web.controller.system.SysNoticeController.remove()','DELETE',1,'admin',NULL,'/system/notice/1','127.0.0.1','内网IP','{}','{\"msg\":\"操作成功\",\"code\":200}',0,NULL,'2024-05-17 14:07:03',4),(114,'用户管理',1,'com.ruoyi.web.controller.system.SysUserController.add()','POST',1,'admin',NULL,'/system/user','127.0.0.1','内网IP','{\"admin\":false,\"createBy\":\"admin\",\"deptId\":100,\"nickName\":\"测试\",\"params\":{},\"postIds\":[],\"remark\":\"测试账号\",\"roleIds\":[],\"sex\":\"2\",\"status\":\"0\",\"userId\":100,\"userName\":\"test\"}','{\"msg\":\"操作成功\",\"code\":200}',0,NULL,'2024-05-17 14:09:27',91),(115,'角色管理',2,'com.ruoyi.web.controller.system.SysRoleController.edit()','PUT',1,'admin',NULL,'/system/role','127.0.0.1','内网IP','{\"admin\":false,\"createTime\":\"2023-10-26 10:27:01\",\"dataScope\":\"2\",\"delFlag\":\"0\",\"deptCheckStrictly\":true,\"flag\":false,\"menuCheckStrictly\":true,\"menuIds\":[1,100,1000,1001,1002,1003,1004,1005,1006,101,1007,1008,1009,1010,1011,102,1012,1013,1014,1015,103,1016,1017,1018,1019,104,1020,1021,1022,1023,1024,105,1025,1026,1027,1028,1029,106,1030,1031,1032,1033,1034,107,1035,1036,1037,1038,108,500,1039,1040,1041,501,1042,1043,1044,1045,2,109,1046,1047,1048,110,1049,1050,1051,1052,1053,1054,111,112,113,114,3,115,116,1055,1056,1057,1058,1059,1060,117,2000,2001],\"params\":{},\"remark\":\"普通角色\",\"roleId\":2,\"roleKey\":\"common\",\"roleName\":\"普通角色\",\"roleSort\":2,\"status\":\"0\",\"updateBy\":\"admin\"}','{\"msg\":\"操作成功\",\"code\":200}',0,NULL,'2024-08-05 08:51:11',59),(116,'代码生成',6,'com.ruoyi.generator.controller.GenController.importTableSave()','POST',1,'admin',NULL,'/tool/gen/importTable','127.0.0.1','内网IP','{\"tables\":\"mx_user\"}','{\"msg\":\"操作成功\",\"code\":200}',0,NULL,'2024-08-05 10:49:30',109),(117,'代码生成',2,'com.ruoyi.generator.controller.GenController.synchDb()','GET',1,'admin',NULL,'/tool/gen/synchDb/mx_user','127.0.0.1','内网IP','{}','{\"msg\":\"操作成功\",\"code\":200}',0,NULL,'2024-08-05 11:23:02',78),(118,'菜单管理',2,'com.ruoyi.web.controller.system.SysMenuController.edit()','PUT',1,'admin',NULL,'/system/menu','127.0.0.1','内网IP','{\"children\":[],\"createTime\":\"2024-04-20 11:02:30\",\"icon\":\"#\",\"isCache\":\"0\",\"isFrame\":\"1\",\"menuId\":2000,\"menuName\":\"测试\",\"menuType\":\"M\",\"orderNum\":4,\"params\":{},\"parentId\":0,\"path\":\"test\",\"perms\":\"\",\"status\":\"0\",\"updateBy\":\"admin\",\"visible\":\"0\"}','{\"msg\":\"操作成功\",\"code\":200}',0,NULL,'2024-08-05 13:21:53',25),(119,'菜单管理',3,'com.ruoyi.web.controller.system.SysMenuController.remove()','DELETE',1,'admin',NULL,'/system/menu/2000','127.0.0.1','内网IP','{}','{\"msg\":\"存在子菜单,不允许删除\",\"code\":601}',0,NULL,'2024-08-05 13:21:59',15),(120,'菜单管理',3,'com.ruoyi.web.controller.system.SysMenuController.remove()','DELETE',1,'admin',NULL,'/system/menu/2001','127.0.0.1','内网IP','{}','{\"msg\":\"菜单已分配,不允许删除\",\"code\":601}',0,NULL,'2024-08-05 13:22:06',35),(121,'菜单管理',2,'com.ruoyi.web.controller.system.SysMenuController.edit()','PUT',1,'admin',NULL,'/system/menu','127.0.0.1','内网IP','{\"children\":[],\"component\":\"test/index\",\"createTime\":\"2024-04-20 11:05:09\",\"icon\":\"#\",\"isCache\":\"0\",\"isFrame\":\"1\",\"menuId\":2001,\"menuName\":\"意见反馈\",\"menuType\":\"C\",\"orderNum\":1,\"params\":{},\"parentId\":2000,\"path\":\"test\",\"perms\":\"\",\"status\":\"1\",\"updateBy\":\"admin\",\"visible\":\"0\"}','{\"msg\":\"操作成功\",\"code\":200}',0,NULL,'2024-08-05 13:22:13',21),(122,'菜单管理',3,'com.ruoyi.web.controller.system.SysMenuController.remove()','DELETE',1,'admin',NULL,'/system/menu/2000','127.0.0.1','内网IP','{}','{\"msg\":\"存在子菜单,不允许删除\",\"code\":601}',0,NULL,'2024-08-05 13:22:18',3),(123,'菜单管理',2,'com.ruoyi.web.controller.system.SysMenuController.edit()','PUT',1,'admin',NULL,'/system/menu','127.0.0.1','内网IP','{\"children\":[],\"createTime\":\"2024-04-20 11:02:30\",\"icon\":\"#\",\"isCache\":\"0\",\"isFrame\":\"1\",\"menuId\":2000,\"menuName\":\"测试\",\"menuType\":\"M\",\"orderNum\":4,\"params\":{},\"parentId\":0,\"path\":\"test\",\"perms\":\"\",\"status\":\"1\",\"updateBy\":\"admin\",\"visible\":\"0\"}','{\"msg\":\"操作成功\",\"code\":200}',0,NULL,'2024-08-05 13:22:22',21),(124,'菜单管理',3,'com.ruoyi.web.controller.system.SysMenuController.remove()','DELETE',1,'admin',NULL,'/system/menu/2001','127.0.0.1','内网IP','{}','{\"msg\":\"菜单已分配,不允许删除\",\"code\":601}',0,NULL,'2024-08-05 13:22:34',4),(125,'角色管理',2,'com.ruoyi.web.controller.system.SysRoleController.edit()','PUT',1,'admin',NULL,'/system/role','127.0.0.1','内网IP','{\"admin\":false,\"createTime\":\"2023-10-26 10:27:01\",\"dataScope\":\"2\",\"delFlag\":\"0\",\"deptCheckStrictly\":true,\"flag\":false,\"menuCheckStrictly\":true,\"menuIds\":[1,100,1000,1001,1002,1003,1004,1005,1006,101,1007,1008,1009,1010,1011,102,1012,1013,1014,1015,103,1016,1017,1018,1019,104,1020,1021,1022,1023,1024,105,1025,1026,1027,1028,1029,106,1030,1031,1032,1033,1034,107,1035,1036,1037,1038,108,500,1039,1040,1041,501,1042,1043,1044,1045,2,109,1046,1047,1048,110,1049,1050,1051,1052,1053,1054,111,112,113,114,3,115,116,1055,1056,1057,1058,1059,1060,117],\"params\":{},\"remark\":\"普通角色\",\"roleId\":2,\"roleKey\":\"common\",\"roleName\":\"普通角色\",\"roleSort\":2,\"status\":\"0\",\"updateBy\":\"admin\"}','{\"msg\":\"操作成功\",\"code\":200}',0,NULL,'2024-08-05 13:22:50',34),(126,'菜单管理',3,'com.ruoyi.web.controller.system.SysMenuController.remove()','DELETE',1,'admin',NULL,'/system/menu/2000','127.0.0.1','内网IP','{}','{\"msg\":\"存在子菜单,不允许删除\",\"code\":601}',0,NULL,'2024-08-05 13:22:56',5),(127,'菜单管理',3,'com.ruoyi.web.controller.system.SysMenuController.remove()','DELETE',1,'admin',NULL,'/system/menu/2001','127.0.0.1','内网IP','{}','{\"msg\":\"操作成功\",\"code\":200}',0,NULL,'2024-08-05 13:22:59',206),(128,'菜单管理',3,'com.ruoyi.web.controller.system.SysMenuController.remove()','DELETE',1,'admin',NULL,'/system/menu/2000','127.0.0.1','内网IP','{}','{\"msg\":\"操作成功\",\"code\":200}',0,NULL,'2024-08-05 13:23:01',13),(129,'代码生成',8,'com.ruoyi.generator.controller.GenController.batchGenCode()','GET',1,'admin',NULL,'/tool/gen/batchGenCode','127.0.0.1','内网IP','{\"tables\":\"mx_user\"}',NULL,0,NULL,'2024-08-05 14:18:55',249),(130,'代码生成',3,'com.ruoyi.generator.controller.GenController.remove()','DELETE',1,'admin',NULL,'/tool/gen/1','127.0.0.1','内网IP','{}','{\"msg\":\"操作成功\",\"code\":200}',0,NULL,'2024-08-05 14:27:45',38),(131,'菜单管理',1,'com.ruoyi.web.controller.system.SysMenuController.add()','POST',1,'admin',NULL,'/system/menu','127.0.0.1','内网IP','{\"children\":[],\"createBy\":\"admin\",\"isCache\":\"0\",\"isFrame\":\"1\",\"menuName\":\"软件用户\",\"menuType\":\"M\",\"orderNum\":4,\"params\":{},\"parentId\":0,\"path\":\"mxuser\",\"status\":\"0\",\"visible\":\"0\"}','{\"msg\":\"操作成功\",\"code\":200}',0,NULL,'2024-08-05 14:31:14',16),(132,'菜单管理',2,'com.ruoyi.web.controller.system.SysMenuController.edit()','PUT',1,'admin',NULL,'/system/menu','127.0.0.1','内网IP','{\"children\":[],\"createTime\":\"2024-08-05 14:31:14\",\"icon\":\"#\",\"isCache\":\"0\",\"isFrame\":\"1\",\"menuId\":2002,\"menuName\":\"用户\",\"menuType\":\"M\",\"orderNum\":5,\"params\":{},\"parentId\":0,\"path\":\"mxuser\",\"perms\":\"\",\"status\":\"0\",\"updateBy\":\"admin\",\"visible\":\"0\"}','{\"msg\":\"操作成功\",\"code\":200}',0,NULL,'2024-08-05 14:31:41',13),(133,'菜单管理',1,'com.ruoyi.web.controller.system.SysMenuController.add()','POST',1,'admin',NULL,'/system/menu','127.0.0.1','内网IP','{\"children\":[],\"component\":\"system/mxuser/index\",\"createBy\":\"admin\",\"icon\":\"people\",\"isCache\":\"0\",\"isFrame\":\"1\",\"menuName\":\"用户\",\"menuType\":\"C\",\"orderNum\":1,\"params\":{},\"parentId\":2002,\"path\":\"mxuser\",\"status\":\"0\",\"visible\":\"0\"}','{\"msg\":\"操作成功\",\"code\":200}',0,NULL,'2024-08-05 14:33:09',19),(134,'菜单管理',2,'com.ruoyi.web.controller.system.SysMenuController.edit()','PUT',1,'admin',NULL,'/system/menu','127.0.0.1','内网IP','{\"children\":[],\"createTime\":\"2024-08-05 14:31:14\",\"icon\":\"#\",\"isCache\":\"0\",\"isFrame\":\"1\",\"menuId\":2002,\"menuName\":\"用户管理\",\"menuType\":\"M\",\"orderNum\":5,\"params\":{},\"parentId\":0,\"path\":\"mxuser\",\"perms\":\"\",\"status\":\"0\",\"updateBy\":\"admin\",\"visible\":\"0\"}','{\"msg\":\"操作成功\",\"code\":200}',0,NULL,'2024-08-05 14:33:40',17),(135,'字典类型',1,'com.ruoyi.web.controller.system.SysDictTypeController.add()','POST',1,'admin',NULL,'/system/dict/type','127.0.0.1','内网IP','{\"createBy\":\"admin\",\"dictName\":\"性别\",\"dictType\":\"gender\",\"params\":{},\"status\":\"0\"}','{\"msg\":\"操作成功\",\"code\":200}',0,NULL,'2024-08-05 16:57:25',17),(136,'字典类型',2,'com.ruoyi.web.controller.system.SysDictTypeController.edit()','PUT',1,'admin',NULL,'/system/dict/type','127.0.0.1','内网IP','{\"createBy\":\"admin\",\"createTime\":\"2024-08-05 16:57:25\",\"dictId\":100,\"dictName\":\"性别\",\"dictType\":\"gender\",\"params\":{},\"status\":\"0\",\"updateBy\":\"admin\"}','{\"msg\":\"操作成功\",\"code\":200}',0,NULL,'2024-08-05 16:57:38',40),(137,'字典数据',1,'com.ruoyi.web.controller.system.SysDictDataController.add()','POST',1,'admin',NULL,'/system/dict/data','127.0.0.1','内网IP','{\"createBy\":\"admin\",\"default\":false,\"dictLabel\":\"gender_b\",\"dictSort\":1,\"dictType\":\"gender\",\"dictValue\":\"1\",\"listClass\":\"default\",\"params\":{},\"remark\":\"性别 1:男性 0:女性\",\"status\":\"0\"}','{\"msg\":\"操作成功\",\"code\":200}',0,NULL,'2024-08-05 16:58:20',14),(138,'字典数据',1,'com.ruoyi.web.controller.system.SysDictDataController.add()','POST',1,'admin',NULL,'/system/dict/data','127.0.0.1','内网IP','{\"createBy\":\"admin\",\"default\":false,\"dictLabel\":\"gender_g\",\"dictSort\":2,\"dictType\":\"gender\",\"dictValue\":\"0\",\"listClass\":\"default\",\"params\":{},\"remark\":\"性别 1:男性 0:女性\",\"status\":\"0\"}','{\"msg\":\"操作成功\",\"code\":200}',0,NULL,'2024-08-05 16:58:37',20),(139,'字典类型',2,'com.ruoyi.web.controller.system.SysDictTypeController.edit()','PUT',1,'admin',NULL,'/system/dict/type','127.0.0.1','内网IP','{\"createBy\":\"admin\",\"createTime\":\"2024-08-05 16:57:25\",\"dictId\":100,\"dictName\":\"性别\",\"dictType\":\"gender\",\"params\":{},\"remark\":\"性别 1:男性 0:女性\",\"status\":\"0\",\"updateBy\":\"admin\"}','{\"msg\":\"操作成功\",\"code\":200}',0,NULL,'2024-08-05 16:58:53',26),(140,'字典类型',2,'com.ruoyi.web.controller.system.SysDictTypeController.edit()','PUT',1,'admin',NULL,'/system/dict/type','127.0.0.1','内网IP','{\"createBy\":\"admin\",\"createTime\":\"2024-08-05 16:57:25\",\"dictId\":100,\"dictName\":\"性别\",\"dictType\":\"sys_gender\",\"params\":{},\"remark\":\"性别 1:男性 0:女性\",\"status\":\"0\",\"updateBy\":\"admin\"}','{\"msg\":\"操作成功\",\"code\":200}',0,NULL,'2024-08-05 16:59:11',27),(141,'字典类型',2,'com.ruoyi.web.controller.system.SysDictTypeController.edit()','PUT',1,'admin',NULL,'/system/dict/type','127.0.0.1','内网IP','{\"createBy\":\"admin\",\"createTime\":\"2024-08-05 16:57:25\",\"dictId\":100,\"dictName\":\"性别\",\"dictType\":\"sys_gender_type\",\"params\":{},\"remark\":\"性别 1:男性 0:女性\",\"status\":\"0\",\"updateBy\":\"admin\"}','{\"msg\":\"操作成功\",\"code\":200}',0,NULL,'2024-08-05 16:59:26',23),(142,'字典类型',1,'com.ruoyi.web.controller.system.SysDictTypeController.add()','POST',1,'admin',NULL,'/system/dict/type','127.0.0.1','内网IP','{\"createBy\":\"admin\",\"dictName\":\"逻辑删\",\"dictType\":\"sys_is_delete\",\"params\":{},\"remark\":\"0否1是\",\"status\":\"0\"}','{\"msg\":\"操作成功\",\"code\":200}',0,NULL,'2024-08-05 17:00:20',19),(143,'字典数据',2,'com.ruoyi.web.controller.system.SysDictDataController.edit()','PUT',1,'admin',NULL,'/system/dict/data','127.0.0.1','内网IP','{\"createBy\":\"admin\",\"createTime\":\"2024-08-05 16:58:20\",\"default\":false,\"dictCode\":100,\"dictLabel\":\"男\",\"dictSort\":1,\"dictType\":\"sys_gender_type\",\"dictValue\":\"1\",\"isDefault\":\"N\",\"listClass\":\"default\",\"params\":{},\"remark\":\"性别 1:男性 0:女性\",\"status\":\"0\",\"updateBy\":\"admin\"}','{\"msg\":\"操作成功\",\"code\":200}',0,NULL,'2024-08-05 17:01:31',17),(144,'字典数据',2,'com.ruoyi.web.controller.system.SysDictDataController.edit()','PUT',1,'admin',NULL,'/system/dict/data','127.0.0.1','内网IP','{\"createBy\":\"admin\",\"createTime\":\"2024-08-05 16:58:37\",\"default\":false,\"dictCode\":101,\"dictLabel\":\"女\",\"dictSort\":2,\"dictType\":\"sys_gender_type\",\"dictValue\":\"0\",\"isDefault\":\"N\",\"listClass\":\"default\",\"params\":{},\"remark\":\"性别 1:男性 0:女性\",\"status\":\"0\",\"updateBy\":\"admin\"}','{\"msg\":\"操作成功\",\"code\":200}',0,NULL,'2024-08-05 17:01:57',8),(145,'字典数据',1,'com.ruoyi.web.controller.system.SysDictDataController.add()','POST',1,'admin',NULL,'/system/dict/data','127.0.0.1','内网IP','{\"createBy\":\"admin\",\"default\":false,\"dictLabel\":\"是\",\"dictSort\":0,\"dictType\":\"sys_is_delete\",\"dictValue\":\"1\",\"listClass\":\"default\",\"params\":{},\"status\":\"0\"}','{\"msg\":\"操作成功\",\"code\":200}',0,NULL,'2024-08-05 17:02:12',7),(146,'字典数据',1,'com.ruoyi.web.controller.system.SysDictDataController.add()','POST',1,'admin',NULL,'/system/dict/data','127.0.0.1','内网IP','{\"createBy\":\"admin\",\"default\":false,\"dictLabel\":\"否\",\"dictSort\":0,\"dictType\":\"sys_is_delete\",\"dictValue\":\"0\",\"listClass\":\"default\",\"params\":{},\"status\":\"0\"}','{\"msg\":\"操作成功\",\"code\":200}',0,NULL,'2024-08-05 17:02:20',11),(147,'字典数据',2,'com.ruoyi.web.controller.system.SysDictDataController.edit()','PUT',1,'admin',NULL,'/system/dict/data','127.0.0.1','内网IP','{\"createBy\":\"admin\",\"createTime\":\"2024-08-05 17:02:12\",\"default\":false,\"dictCode\":102,\"dictLabel\":\"是\",\"dictSort\":0,\"dictType\":\"sys_is_delete\",\"dictValue\":\"1\",\"isDefault\":\"N\",\"listClass\":\"default\",\"params\":{},\"remark\":\"0否1是\",\"status\":\"0\",\"updateBy\":\"admin\"}','{\"msg\":\"操作成功\",\"code\":200}',0,NULL,'2024-08-05 17:02:28',7),(148,'字典数据',2,'com.ruoyi.web.controller.system.SysDictDataController.edit()','PUT',1,'admin',NULL,'/system/dict/data','127.0.0.1','内网IP','{\"createBy\":\"admin\",\"createTime\":\"2024-08-05 17:02:20\",\"default\":false,\"dictCode\":103,\"dictLabel\":\"否\",\"dictSort\":0,\"dictType\":\"sys_is_delete\",\"dictValue\":\"0\",\"isDefault\":\"N\",\"listClass\":\"default\",\"params\":{},\"remark\":\"0否1是\",\"status\":\"0\",\"updateBy\":\"admin\"}','{\"msg\":\"操作成功\",\"code\":200}',0,NULL,'2024-08-05 17:02:31',7),(149,'代码生成',6,'com.ruoyi.generator.controller.GenController.importTableSave()','POST',1,'admin',NULL,'/tool/gen/importTable','127.0.0.1','内网IP','{\"tables\":\"mx_store_member,mx_store\"}','{\"msg\":\"操作成功\",\"code\":200}',0,NULL,'2024-08-05 17:03:06',101),(150,'菜单管理',1,'com.ruoyi.web.controller.system.SysMenuController.add()','POST',1,'admin',NULL,'/system/menu','127.0.0.1','内网IP','{\"children\":[],\"createBy\":\"admin\",\"icon\":\"shopping\",\"isCache\":\"0\",\"isFrame\":\"1\",\"menuName\":\"门店管理\",\"menuType\":\"M\",\"orderNum\":6,\"params\":{},\"parentId\":0,\"path\":\"store\",\"status\":\"0\",\"visible\":\"0\"}','{\"msg\":\"操作成功\",\"code\":200}',0,NULL,'2024-08-06 09:11:16',33),(151,'菜单管理',2,'com.ruoyi.web.controller.system.SysMenuController.edit()','PUT',1,'admin',NULL,'/system/menu','127.0.0.1','内网IP','{\"children\":[],\"createTime\":\"2024-08-05 14:31:14\",\"icon\":\"people\",\"isCache\":\"0\",\"isFrame\":\"1\",\"menuId\":2002,\"menuName\":\"用户管理\",\"menuType\":\"M\",\"orderNum\":5,\"params\":{},\"parentId\":0,\"path\":\"mxuser\",\"perms\":\"\",\"status\":\"0\",\"updateBy\":\"admin\",\"visible\":\"0\"}','{\"msg\":\"操作成功\",\"code\":200}',0,NULL,'2024-08-06 09:11:35',17),(152,'菜单管理',2,'com.ruoyi.web.controller.system.SysMenuController.edit()','PUT',1,'admin',NULL,'/system/menu','127.0.0.1','内网IP','{\"children\":[],\"component\":\"system/mxuser/index\",\"createTime\":\"2024-08-05 14:33:09\",\"icon\":\"user\",\"isCache\":\"0\",\"isFrame\":\"1\",\"menuId\":2003,\"menuName\":\"用户\",\"menuType\":\"C\",\"orderNum\":1,\"params\":{},\"parentId\":2002,\"path\":\"mxuser\",\"perms\":\"\",\"status\":\"0\",\"updateBy\":\"admin\",\"visible\":\"0\"}','{\"msg\":\"操作成功\",\"code\":200}',0,NULL,'2024-08-06 09:12:23',6),(153,'菜单管理',1,'com.ruoyi.web.controller.system.SysMenuController.add()','POST',1,'admin',NULL,'/system/menu','127.0.0.1','内网IP','{\"children\":[],\"component\":\"system/stroe/index\",\"createBy\":\"admin\",\"isCache\":\"0\",\"isFrame\":\"1\",\"menuName\":\"门店\",\"menuType\":\"C\",\"orderNum\":1,\"params\":{},\"parentId\":2004,\"path\":\"store\",\"status\":\"0\",\"visible\":\"0\"}','{\"msg\":\"操作成功\",\"code\":200}',0,NULL,'2024-08-06 09:13:49',5),(154,'菜单管理',2,'com.ruoyi.web.controller.system.SysMenuController.edit()','PUT',1,'admin',NULL,'/system/menu','127.0.0.1','内网IP','{\"children\":[],\"component\":\"system/store/index\",\"createTime\":\"2024-08-06 09:13:49\",\"icon\":\"#\",\"isCache\":\"0\",\"isFrame\":\"1\",\"menuId\":2005,\"menuName\":\"门店\",\"menuType\":\"C\",\"orderNum\":1,\"params\":{},\"parentId\":2004,\"path\":\"store\",\"perms\":\"\",\"status\":\"0\",\"updateBy\":\"admin\",\"visible\":\"0\"}','{\"msg\":\"操作成功\",\"code\":200}',0,NULL,'2024-08-06 09:17:02',31),(155,'用户信息',2,'com.ruoyi.web.controller.user.MxUserController.edit()','PUT',1,'admin',NULL,'/system/mxuser','127.0.0.1','内网IP','{\"city\":\"\",\"company\":\"\",\"contactAddress\":\"\",\"createTime\":\"2024-08-05 15:25:39\",\"dominantEye\":\"\",\"emailAddress\":\"\",\"gender\":1,\"glassesNeed\":\"\",\"identificationNumber\":\"\",\"isDelete\":0,\"medicalInsuranceAccount\":\"\",\"name\":\"李\",\"occupation\":\"\",\"params\":{},\"phoneNumber\":\"17751070969\",\"qqNumber\":\"\",\"remarks\":\"\",\"updateTime\":\"2024-08-06 09:44:44\",\"userId\":1,\"wechat\":\"\"}','{\"msg\":\"操作成功\",\"code\":200}',0,NULL,'2024-08-06 09:44:44',107),(156,'门店信息',1,'com.ruoyi.web.controller.store.MxStoreController.add()','POST',1,'admin',NULL,'/system/store','127.0.0.1','内网IP','{\"brandId\":\"cccc\",\"createTime\":\"2024-08-06 10:09:00\",\"params\":{},\"storeId\":1,\"storeNameEnglish\":\"桂花鱼的眼睛店\",\"storeNumber\":\"xxxxx\",\"userId\":1}',NULL,1,'Invalid bound statement (not found): com.ruoyi.system.mapper.store.MxStoreMemberMapper.insertMxStoreMember','2024-08-06 10:09:00',30),(157,'门店信息',1,'com.ruoyi.web.controller.store.MxStoreController.add()','POST',1,'admin',NULL,'/system/store','127.0.0.1','内网IP','{\"brandId\":\"cccc\",\"createTime\":\"2024-08-06 10:09:08\",\"params\":{},\"storeId\":2,\"storeNameEnglish\":\"桂花鱼的眼睛店\",\"storeNumber\":\"xxxxx\",\"userId\":1}',NULL,1,'Invalid bound statement (not found): com.ruoyi.system.mapper.store.MxStoreMemberMapper.insertMxStoreMember','2024-08-06 10:09:08',18),(158,'门店信息',1,'com.ruoyi.web.controller.store.MxStoreController.add()','POST',1,'admin',NULL,'/system/store','127.0.0.1','内网IP','{\"brandId\":\"cccc\",\"createTime\":\"2024-08-06 10:13:04\",\"params\":{},\"storeId\":3,\"storeNameEnglish\":\"桂花鱼的眼睛店\",\"storeNumber\":\"xxxxx\",\"userId\":1}',NULL,1,'Invalid bound statement (not found): com.ruoyi.system.mapper.store.MxStoreMemberMapper.insertMxStoreMember','2024-08-06 10:13:04',79),(159,'门店信息',1,'com.ruoyi.web.controller.store.MxStoreController.add()','POST',1,'admin',NULL,'/system/store','127.0.0.1','内网IP','{\"brandId\":\"xxxxx\",\"createTime\":\"2024-08-06 10:15:39\",\"params\":{},\"storeId\":4,\"storeNameEnglish\":\"桂花鱼的眼镜店\",\"storeNumber\":\"cccccc\",\"userId\":1}',NULL,1,'Invalid bound statement (not found): com.ruoyi.system.mapper.store.MxStoreMemberMapper.insertMxStoreMember','2024-08-06 10:15:39',10),(160,'门店信息',1,'com.ruoyi.web.controller.store.MxStoreController.add()','POST',1,'admin',NULL,'/system/store','127.0.0.1','内网IP','{\"brandId\":\"xxxxx\",\"createTime\":\"2024-08-06 10:15:42\",\"isDelete\":0,\"params\":{},\"storeId\":5,\"storeNameEnglish\":\"桂花鱼的眼镜店\",\"storeNumber\":\"cccccc\",\"userId\":1}',NULL,1,'Invalid bound statement (not found): com.ruoyi.system.mapper.store.MxStoreMemberMapper.insertMxStoreMember','2024-08-06 10:15:42',8),(161,'门店信息',1,'com.ruoyi.web.controller.store.MxStoreController.add()','POST',1,'admin',NULL,'/system/store','127.0.0.1','内网IP','{\"brandId\":\"xxxxx\",\"createTime\":\"2024-08-06 10:18:02\",\"isDelete\":0,\"params\":{},\"storeId\":6,\"storeNameEnglish\":\"111\",\"storeNumber\":\"cccc\",\"userId\":1}',NULL,1,'Invalid bound statement (not found): com.ruoyi.system.mapper.store.MxStoreMemberMapper.insertMxStoreMember','2024-08-06 10:18:02',38),(162,'门店信息',1,'com.ruoyi.web.controller.store.MxStoreController.add()','POST',1,'admin',NULL,'/system/store','127.0.0.1','内网IP','{\"brandId\":\"xxxxx\",\"createTime\":\"2024-08-06 10:18:55\",\"isDelete\":0,\"params\":{},\"storeId\":7,\"storeNameEnglish\":\"111\",\"storeNumber\":\"cccc\",\"userId\":1}',NULL,1,'Invalid bound statement (not found): com.ruoyi.system.mapper.store.MxStoreMemberMapper.insertMxStoreMember','2024-08-06 10:18:55',19),(163,'门店信息',1,'com.ruoyi.web.controller.store.MxStoreController.add()','POST',1,'admin',NULL,'/system/store','127.0.0.1','内网IP','{\"brandId\":\"xxxxx\",\"createTime\":\"2024-08-06 10:19:07\",\"isDelete\":0,\"params\":{},\"storeId\":8,\"storeNameEnglish\":\"111\",\"storeNumber\":\"cccc\",\"userId\":1}',NULL,1,'Invalid bound statement (not found): com.ruoyi.system.mapper.store.MxStoreMemberMapper.insertMxStoreMember','2024-08-06 10:19:07',19),(164,'门店信息',3,'com.ruoyi.web.controller.store.MxStoreController.remove()','DELETE',1,'admin',NULL,'/system/store/1,2,3,4,5,6,7,8','127.0.0.1','内网IP','{}','{\"msg\":\"操作成功\",\"code\":200}',0,NULL,'2024-08-06 10:21:24',24),(165,'门店信息',1,'com.ruoyi.web.controller.store.MxStoreController.add()','POST',1,'admin',NULL,'/system/store','127.0.0.1','内网IP','{\"brandId\":\"123\",\"createTime\":\"2024-08-06 10:21:42\",\"isDelete\":0,\"params\":{},\"storeId\":9,\"storeNameEnglish\":\"桂花鱼的眼镜店\",\"storeNumber\":\"2312\",\"userId\":1}',NULL,1,'Invalid bound statement (not found): com.ruoyi.system.mapper.store.MxStoreMemberMapper.insertMxStoreMember','2024-08-06 10:21:42',25),(166,'门店信息',3,'com.ruoyi.web.controller.store.MxStoreController.remove()','DELETE',1,'admin',NULL,'/system/store/9','127.0.0.1','内网IP','{}','{\"msg\":\"操作成功\",\"code\":200}',0,NULL,'2024-08-06 10:23:56',20),(167,'门店信息',1,'com.ruoyi.web.controller.store.MxStoreController.add()','POST',1,'admin',NULL,'/system/store','127.0.0.1','内网IP','{\"brandId\":\"fzxcz\",\"createTime\":\"2024-08-06 10:24:29\",\"isDelete\":0,\"params\":{},\"storeId\":10,\"storeNameEnglish\":\"桂花鱼的眼镜店\",\"storeNumber\":\"234aesd\",\"userId\":1}','{\"msg\":\"操作成功\",\"code\":200}',0,NULL,'2024-08-06 10:24:29',26),(168,'菜单管理',1,'com.ruoyi.web.controller.system.SysMenuController.add()','POST',1,'admin',NULL,'/system/menu','127.0.0.1','内网IP','{\"children\":[],\"component\":\"system/srote/storeMember.vue\",\"createBy\":\"admin\",\"isCache\":\"0\",\"isFrame\":\"1\",\"menuName\":\"门店成员\",\"menuType\":\"C\",\"orderNum\":2,\"params\":{},\"parentId\":2004,\"path\":\"storeMember\",\"status\":\"0\",\"visible\":\"0\"}','{\"msg\":\"操作成功\",\"code\":200}',0,NULL,'2024-08-06 11:07:46',30),(169,'菜单管理',2,'com.ruoyi.web.controller.system.SysMenuController.edit()','PUT',1,'admin',NULL,'/system/menu','127.0.0.1','内网IP','{\"children\":[],\"component\":\"system/store/storeManager/index\",\"createTime\":\"2024-08-06 09:13:49\",\"icon\":\"#\",\"isCache\":\"0\",\"isFrame\":\"1\",\"menuId\":2005,\"menuName\":\"门店\",\"menuType\":\"C\",\"orderNum\":1,\"params\":{},\"parentId\":2004,\"path\":\"storeManager\",\"perms\":\"\",\"status\":\"0\",\"updateBy\":\"admin\",\"visible\":\"0\"}','{\"msg\":\"操作成功\",\"code\":200}',0,NULL,'2024-08-06 11:10:44',19),(170,'菜单管理',2,'com.ruoyi.web.controller.system.SysMenuController.edit()','PUT',1,'admin',NULL,'/system/menu','127.0.0.1','内网IP','{\"children\":[],\"component\":\"system/srote/storeMember/index\",\"createTime\":\"2024-08-06 11:07:46\",\"icon\":\"#\",\"isCache\":\"0\",\"isFrame\":\"1\",\"menuId\":2006,\"menuName\":\"门店成员\",\"menuType\":\"C\",\"orderNum\":2,\"params\":{},\"parentId\":2004,\"path\":\"storeMember\",\"perms\":\"\",\"status\":\"0\",\"updateBy\":\"admin\",\"visible\":\"0\"}','{\"msg\":\"操作成功\",\"code\":200}',0,NULL,'2024-08-06 11:10:55',10),(171,'菜单管理',2,'com.ruoyi.web.controller.system.SysMenuController.edit()','PUT',1,'admin',NULL,'/system/menu','127.0.0.1','内网IP','{\"children\":[],\"component\":\"system/srote/storeMember/index\",\"createTime\":\"2024-08-06 11:07:46\",\"icon\":\"#\",\"isCache\":\"0\",\"isFrame\":\"1\",\"menuId\":2006,\"menuName\":\"门店成员\",\"menuType\":\"C\",\"orderNum\":2,\"params\":{},\"parentId\":2004,\"path\":\"storeMember\",\"perms\":\"\",\"status\":\"0\",\"updateBy\":\"admin\",\"visible\":\"0\"}','{\"msg\":\"操作成功\",\"code\":200}',0,NULL,'2024-08-06 11:13:35',32),(172,'菜单管理',2,'com.ruoyi.web.controller.system.SysMenuController.edit()','PUT',1,'admin',NULL,'/system/menu','127.0.0.1','内网IP','{\"children\":[],\"component\":\"system/store/storeMember/index\",\"createTime\":\"2024-08-06 11:07:46\",\"icon\":\"#\",\"isCache\":\"0\",\"isFrame\":\"1\",\"menuId\":2006,\"menuName\":\"门店成员\",\"menuType\":\"C\",\"orderNum\":2,\"params\":{},\"parentId\":2004,\"path\":\"storeMember\",\"perms\":\"\",\"status\":\"0\",\"updateBy\":\"admin\",\"visible\":\"0\"}','{\"msg\":\"操作成功\",\"code\":200}',0,NULL,'2024-08-06 11:14:20',20),(173,'门店信息',1,'com.ruoyi.web.controller.store.MxStoreController.add()','POST',1,'admin',NULL,'/system/store','127.0.0.1','内网IP','{\"brandId\":\"89\",\"createTime\":\"2024-08-06 11:20:16\",\"isDelete\":0,\"params\":{},\"storeId\":11,\"storeNameEnglish\":\"府治影律一展\",\"storeNumber\":\"15\",\"userId\":10}','{\"msg\":\"操作成功\",\"code\":200}',0,NULL,'2024-08-06 11:20:23',6465),(174,'门店成员信息',1,'com.ruoyi.web.controller.store.MxStoreMemberController.add()','POST',1,'admin',NULL,'/system/member','127.0.0.1','内网IP','{\"createTime\":\"2024-08-06 11:21:45\",\"isDelete\":0,\"params\":{},\"post\":2,\"storeId\":12,\"userId\":3}','{\"msg\":\"操作成功\",\"code\":200}',0,NULL,'2024-08-06 11:21:45',26),(175,'门店成员信息',1,'com.ruoyi.web.controller.store.MxStoreMemberController.add()','POST',1,'admin',NULL,'/system/member','127.0.0.1','内网IP','{\"createTime\":\"2024-08-06 11:24:17\",\"isDelete\":0,\"params\":{},\"post\":2,\"storeId\":10,\"userId\":3}',NULL,1,'\r\n### Error updating database.  Cause: java.sql.SQLException: Field \'store_id\' doesn\'t have a default value\r\n### The error may exist in file [E:\\IdeaProjects\\ry\\ruoyi-system\\target\\classes\\mapper\\system\\store\\MxStoreMemberMapper.xml]\r\n### The error may involve com.ruoyi.system.mapper.store.MxStoreMemberMapper.insertMxStoreMember-Inline\r\n### The error occurred while setting parameters\r\n### SQL: insert into mx_store_member          ( create_time,                          user_id,             post,             is_delete )           values ( ?,                          ?,             ?,             ? )\r\n### Cause: java.sql.SQLException: Field \'store_id\' doesn\'t have a default value\n; Field \'store_id\' doesn\'t have a default value; nested exception is java.sql.SQLException: Field \'store_id\' doesn\'t have a default value','2024-08-06 11:24:39',36402),(176,'门店成员信息',1,'com.ruoyi.web.controller.store.MxStoreMemberController.add()','POST',1,'admin',NULL,'/system/member','127.0.0.1','内网IP','{\"createTime\":\"2024-08-06 11:25:00\",\"isDelete\":0,\"params\":{},\"post\":2,\"storeId\":10,\"userId\":4}',NULL,1,'\r\n### Error updating database.  Cause: java.sql.SQLException: Field \'store_id\' doesn\'t have a default value\r\n### The error may exist in file [E:\\IdeaProjects\\ry\\ruoyi-system\\target\\classes\\mapper\\system\\store\\MxStoreMemberMapper.xml]\r\n### The error may involve com.ruoyi.system.mapper.store.MxStoreMemberMapper.insertMxStoreMember-Inline\r\n### The error occurred while setting parameters\r\n### SQL: insert into mx_store_member          ( create_time,                          user_id,             post,             is_delete )           values ( ?,                          ?,             ?,             ? )\r\n### Cause: java.sql.SQLException: Field \'store_id\' doesn\'t have a default value\n; Field \'store_id\' doesn\'t have a default value; nested exception is java.sql.SQLException: Field \'store_id\' doesn\'t have a default value','2024-08-06 11:25:02',6069),(177,'门店成员信息',1,'com.ruoyi.web.controller.store.MxStoreMemberController.add()','POST',1,'admin',NULL,'/system/member','127.0.0.1','内网IP','{\"createTime\":\"2024-08-06 11:27:01\",\"isDelete\":0,\"params\":{},\"post\":2,\"storeId\":10,\"userId\":4}','{\"msg\":\"操作成功\",\"code\":200}',0,NULL,'2024-08-06 11:27:02',61),(178,'门店成员信息',1,'com.ruoyi.web.controller.store.MxStoreMemberController.add()','POST',1,'admin',NULL,'/system/member','127.0.0.1','内网IP','{\"createTime\":\"2024-08-06 11:27:15\",\"isDelete\":0,\"params\":{},\"post\":1,\"storeId\":10,\"userId\":4}',NULL,1,'该门店已有店长！','2024-08-06 11:27:15',2),(179,'代码生成',6,'com.ruoyi.generator.controller.GenController.importTableSave()','POST',1,'admin',NULL,'/tool/gen/importTable','127.0.0.1','内网IP','{\"tables\":\"optometry_data,optometry_records\"}','{\"msg\":\"操作成功\",\"code\":200}',0,NULL,'2024-08-06 14:16:34',148),(180,'用户头像',2,'com.ruoyi.web.controller.system.SysProfileController.avatar()','POST',1,'admin',NULL,'/system/user/profile/avatar','127.0.0.1','内网IP','','{\"msg\":\"操作成功\",\"imgUrl\":\"/profile/avatar/2024/08/06/blob_20240806143903A001.png\",\"code\":200}',0,NULL,'2024-08-06 14:39:03',68),(181,'个人信息',2,'com.ruoyi.web.controller.system.SysProfileController.updateProfile()','PUT',1,'admin',NULL,'/system/user/profile','127.0.0.1','内网IP','{\"admin\":true,\"avatar\":\"/profile/avatar/2024/01/31/blob_20240131161114A001.png\",\"createBy\":\"admin\",\"createTime\":\"2023-10-26 10:27:00\",\"delFlag\":\"0\",\"dept\":{\"ancestors\":\"0,100,101\",\"children\":[],\"deptId\":103,\"deptName\":\"研发部门\",\"leader\":\"若依\",\"orderNum\":1,\"params\":{\"@type\":\"java.util.HashMap\"},\"parentId\":101,\"status\":\"0\"},\"deptId\":103,\"email\":\"ry@163.com\",\"loginDate\":\"2024-08-06 10:02:26\",\"loginIp\":\"127.0.0.1\",\"nickName\":\"若依\",\"params\":{\"@type\":\"java.util.HashMap\"},\"phonenumber\":\"15888888888\",\"remark\":\"管理员\",\"roles\":[{\"admin\":true,\"dataScope\":\"1\",\"deptCheckStrictly\":false,\"flag\":false,\"menuCheckStrictly\":false,\"params\":{\"@type\":\"java.util.HashMap\"},\"roleId\":1,\"roleKey\":\"admin\",\"roleName\":\"超级管理员\",\"roleSort\":1,\"status\":\"0\"}],\"sex\":\"1\",\"status\":\"0\",\"userId\":1,\"userName\":\"admin\"}','{\"msg\":\"操作成功\",\"code\":200}',0,NULL,'2024-08-06 14:39:08',10),(182,'个人信息',2,'com.ruoyi.web.controller.system.SysProfileController.updateProfile()','PUT',1,'admin',NULL,'/system/user/profile','127.0.0.1','内网IP','{\"admin\":true,\"avatar\":\"/profile/avatar/2024/01/31/blob_20240131161114A001.png\",\"createBy\":\"admin\",\"createTime\":\"2023-10-26 10:27:00\",\"delFlag\":\"0\",\"dept\":{\"ancestors\":\"0,100,101\",\"children\":[],\"deptId\":103,\"deptName\":\"研发部门\",\"leader\":\"若依\",\"orderNum\":1,\"params\":{\"@type\":\"java.util.HashMap\"},\"parentId\":101,\"status\":\"0\"},\"deptId\":103,\"email\":\"ry@163.com\",\"loginDate\":\"2024-08-06 10:02:26\",\"loginIp\":\"127.0.0.1\",\"nickName\":\"若依\",\"params\":{\"@type\":\"java.util.HashMap\"},\"phonenumber\":\"15888888888\",\"remark\":\"管理员\",\"roles\":[{\"admin\":true,\"dataScope\":\"1\",\"deptCheckStrictly\":false,\"flag\":false,\"menuCheckStrictly\":false,\"params\":{\"@type\":\"java.util.HashMap\"},\"roleId\":1,\"roleKey\":\"admin\",\"roleName\":\"超级管理员\",\"roleSort\":1,\"status\":\"0\"}],\"sex\":\"1\",\"status\":\"0\",\"userId\":1,\"userName\":\"admin\"}','{\"msg\":\"操作成功\",\"code\":200}',0,NULL,'2024-08-06 14:39:10',20),(183,'菜单管理',2,'com.ruoyi.web.controller.system.SysMenuController.edit()','PUT',1,'admin',NULL,'/system/menu','127.0.0.1','内网IP','{\"children\":[],\"component\":\"system/store/storeMember/index\",\"createTime\":\"2024-08-06 11:07:46\",\"icon\":\"#\",\"isCache\":\"0\",\"isFrame\":\"1\",\"menuId\":2006,\"menuName\":\"门店成员\",\"menuType\":\"C\",\"orderNum\":2,\"params\":{},\"parentId\":2004,\"path\":\"storeMember\",\"perms\":\"\",\"status\":\"0\",\"updateBy\":\"admin\",\"visible\":\"1\"}','{\"msg\":\"操作成功\",\"code\":200}',0,NULL,'2024-08-06 14:46:22',13),(184,'菜单管理',1,'com.ruoyi.web.controller.system.SysMenuController.add()','POST',1,'admin',NULL,'/system/menu','127.0.0.1','内网IP','{\"children\":[],\"createBy\":\"admin\",\"isCache\":\"0\",\"isFrame\":\"1\",\"menuName\":\"验光记录\",\"menuType\":\"M\",\"orderNum\":7,\"params\":{},\"parentId\":0,\"path\":\"optonmentry\",\"status\":\"0\",\"visible\":\"0\"}','{\"msg\":\"操作成功\",\"code\":200}',0,NULL,'2024-08-07 11:36:02',21),(185,'菜单管理',1,'com.ruoyi.web.controller.system.SysMenuController.add()','POST',1,'admin',NULL,'/system/menu','127.0.0.1','内网IP','{\"children\":[],\"component\":\"system/optonmentry/index\",\"createBy\":\"admin\",\"isCache\":\"0\",\"isFrame\":\"1\",\"menuName\":\"验光记录\",\"menuType\":\"C\",\"orderNum\":1,\"params\":{},\"parentId\":2007,\"path\":\"optonmentry\",\"status\":\"0\",\"visible\":\"0\"}','{\"msg\":\"操作成功\",\"code\":200}',0,NULL,'2024-08-07 11:36:43',18),(186,'菜单管理',2,'com.ruoyi.web.controller.system.SysMenuController.edit()','PUT',1,'admin',NULL,'/system/menu','127.0.0.1','内网IP','{\"children\":[],\"createTime\":\"2024-08-07 11:36:02\",\"icon\":\"#\",\"isCache\":\"0\",\"isFrame\":\"1\",\"menuId\":2007,\"menuName\":\"验光管理\",\"menuType\":\"M\",\"orderNum\":7,\"params\":{},\"parentId\":0,\"path\":\"optonmentry\",\"perms\":\"\",\"status\":\"0\",\"updateBy\":\"admin\",\"visible\":\"0\"}','{\"msg\":\"操作成功\",\"code\":200}',0,NULL,'2024-08-07 11:36:54',17),(187,'验光记录',5,'com.ruoyi.web.controller.optometry.OptometryRecordsController.export()','POST',1,'admin',NULL,'/system/records/export','127.0.0.1','内网IP','{\"pageSize\":\"10\",\"pageNum\":\"1\"}',NULL,0,NULL,'2024-08-07 11:38:15',952),(188,'菜单管理',2,'com.ruoyi.web.controller.system.SysMenuController.edit()','PUT',1,'admin',NULL,'/system/menu','127.0.0.1','内网IP','{\"children\":[],\"component\":\"system/optonmentry/optonmentryDate/index\",\"createTime\":\"2024-08-07 11:36:43\",\"icon\":\"#\",\"isCache\":\"0\",\"isFrame\":\"1\",\"menuId\":2008,\"menuName\":\"验光记录\",\"menuType\":\"C\",\"orderNum\":1,\"params\":{},\"parentId\":2007,\"path\":\"optonmentry\",\"perms\":\"\",\"status\":\"0\",\"updateBy\":\"admin\",\"visible\":\"0\"}','{\"msg\":\"操作成功\",\"code\":200}',0,NULL,'2024-08-07 14:45:14',26),(189,'菜单管理',2,'com.ruoyi.web.controller.system.SysMenuController.edit()','PUT',1,'admin',NULL,'/system/menu','127.0.0.1','内网IP','{\"children\":[],\"component\":\"system/optonmentry/optonmentryRecords/index\",\"createTime\":\"2024-08-07 11:36:43\",\"icon\":\"#\",\"isCache\":\"0\",\"isFrame\":\"1\",\"menuId\":2008,\"menuName\":\"验光记录\",\"menuType\":\"C\",\"orderNum\":1,\"params\":{},\"parentId\":2007,\"path\":\"optonmentry\",\"perms\":\"\",\"status\":\"0\",\"updateBy\":\"admin\",\"visible\":\"0\"}','{\"msg\":\"操作成功\",\"code\":200}',0,NULL,'2024-08-07 14:47:27',17),(190,'菜单管理',1,'com.ruoyi.web.controller.system.SysMenuController.add()','POST',1,'admin',NULL,'/system/menu','127.0.0.1','内网IP','{\"children\":[],\"component\":\"system/optonmentry/optonmentryDate/index\",\"createBy\":\"admin\",\"isCache\":\"0\",\"isFrame\":\"1\",\"menuName\":\"验光单记录\",\"menuType\":\"C\",\"orderNum\":2,\"params\":{},\"parentId\":2007,\"path\":\"optonmentryDate\",\"status\":\"0\",\"visible\":\"0\"}','{\"msg\":\"操作成功\",\"code\":200}',0,NULL,'2024-08-07 14:48:49',7),(191,'菜单管理',2,'com.ruoyi.web.controller.system.SysMenuController.edit()','PUT',1,'admin',NULL,'/system/menu','127.0.0.1','内网IP','{\"children\":[],\"component\":\"system/optonmentry/optonmentryRecords/index\",\"createTime\":\"2024-08-07 11:36:43\",\"icon\":\"#\",\"isCache\":\"0\",\"isFrame\":\"1\",\"menuId\":2008,\"menuName\":\"验光记录\",\"menuType\":\"C\",\"orderNum\":1,\"params\":{},\"parentId\":2007,\"path\":\"optonmentryRecords\",\"perms\":\"\",\"status\":\"0\",\"updateBy\":\"admin\",\"visible\":\"0\"}','{\"msg\":\"操作成功\",\"code\":200}',0,NULL,'2024-08-07 14:48:58',17),(192,'菜单管理',2,'com.ruoyi.web.controller.system.SysMenuController.edit()','PUT',1,'admin',NULL,'/system/menu','127.0.0.1','内网IP','{\"children\":[],\"component\":\"system/optonmentry/optonmentryDate/index\",\"createTime\":\"2024-08-07 14:48:49\",\"icon\":\"#\",\"isCache\":\"0\",\"isFrame\":\"1\",\"menuId\":2009,\"menuName\":\"验光单记录\",\"menuType\":\"C\",\"orderNum\":2,\"params\":{},\"parentId\":2007,\"path\":\"optonmentryDate\",\"perms\":\"\",\"status\":\"0\",\"updateBy\":\"admin\",\"visible\":\"0\"}','{\"msg\":\"操作成功\",\"code\":200}',0,NULL,'2024-08-07 16:34:45',115),(193,'菜单管理',2,'com.ruoyi.web.controller.system.SysMenuController.edit()','PUT',1,'admin',NULL,'/system/menu','127.0.0.1','内网IP','{\"children\":[],\"component\":\"system/optonmentry/optonmentryDate/index\",\"createTime\":\"2024-08-07 14:48:49\",\"icon\":\"#\",\"isCache\":\"0\",\"isFrame\":\"1\",\"menuId\":2009,\"menuName\":\"验光单记录\",\"menuType\":\"C\",\"orderNum\":2,\"params\":{},\"parentId\":2007,\"path\":\"optonmentryDate\",\"perms\":\"\",\"status\":\"1\",\"updateBy\":\"admin\",\"visible\":\"0\"}','{\"msg\":\"操作成功\",\"code\":200}',0,NULL,'2024-08-08 15:53:56',22),(194,'菜单管理',3,'com.ruoyi.web.controller.system.SysMenuController.remove()','DELETE',1,'admin',NULL,'/system/menu/2009','127.0.0.1','内网IP','{}','{\"msg\":\"操作成功\",\"code\":200}',0,NULL,'2024-08-08 15:53:59',28),(195,'用户信息',2,'com.ruoyi.web.controller.user.MxUserController.edit()','PUT',1,'admin',NULL,'/system/mxuser','127.0.0.1','内网IP','{\"city\":\"\",\"company\":\"\",\"contactAddress\":\"\",\"createTime\":\"2024-08-07 09:39:08\",\"dominantEye\":\"右\",\"emailAddress\":\"\",\"gender\":0,\"glassesNeed\":\"\",\"identificationNumber\":\"\",\"isDelete\":0,\"medicalInsuranceAccount\":\"\",\"name\":\"桂\",\"occupation\":\"\",\"params\":{},\"phoneNumber\":\"19527790544\",\"qqNumber\":\"\",\"remarks\":\"\",\"updateTime\":\"2024-08-07 09:39:08\",\"userId\":2,\"wechat\":\"\"}','{\"msg\":\"操作成功\",\"code\":200}',0,NULL,'2024-08-09 09:06:36',87),(196,'用户信息',2,'com.ruoyi.web.controller.user.MxUserController.edit()','PUT',1,'admin',NULL,'/system/mxuser','127.0.0.1','内网IP','{\"city\":\"\",\"company\":\"\",\"contactAddress\":\"\",\"createTime\":\"2024-08-07 09:39:08\",\"dominantEye\":\"右\",\"emailAddress\":\"\",\"gender\":0,\"glassesNeed\":\"\",\"identificationNumber\":\"\",\"isDelete\":0,\"medicalInsuranceAccount\":\"\",\"name\":\"桂\",\"occupation\":\"\",\"params\":{},\"phoneNumber\":\"19527790544\",\"qqNumber\":\"\",\"remarks\":\"\",\"updateTime\":\"2024-08-07 09:39:08\",\"userId\":2,\"wechat\":\"\"}','{\"msg\":\"操作成功\",\"code\":200}',0,NULL,'2024-08-09 09:08:28',29),(197,'菜单管理',2,'com.ruoyi.web.controller.system.SysMenuController.edit()','PUT',1,'admin',NULL,'/system/menu','127.0.0.1','内网IP','{\"children\":[],\"createTime\":\"2024-08-07 11:36:02\",\"icon\":\"table\",\"isCache\":\"0\",\"isFrame\":\"1\",\"menuId\":2007,\"menuName\":\"验光管理\",\"menuType\":\"M\",\"orderNum\":7,\"params\":{},\"parentId\":0,\"path\":\"optonmentry\",\"perms\":\"\",\"status\":\"0\",\"updateBy\":\"admin\",\"visible\":\"0\"}','{\"msg\":\"操作成功\",\"code\":200}',0,NULL,'2024-08-09 09:10:11',14),(198,'字典类型',1,'com.ruoyi.web.controller.system.SysDictTypeController.add()','POST',1,'admin',NULL,'/system/dict/type','127.0.0.1','内网IP','{\"createBy\":\"admin\",\"dictName\":\"职位\",\"dictType\":\"sys_post\",\"params\":{},\"remark\":\"1店长2验光师3顾客\",\"status\":\"0\"}','{\"msg\":\"操作成功\",\"code\":200}',0,NULL,'2024-08-09 09:12:44',10),(199,'字典数据',1,'com.ruoyi.web.controller.system.SysDictDataController.add()','POST',1,'admin',NULL,'/system/dict/data','127.0.0.1','内网IP','{\"createBy\":\"admin\",\"default\":false,\"dictLabel\":\"店长\",\"dictSort\":1,\"dictType\":\"sys_post\",\"dictValue\":\"1\",\"listClass\":\"default\",\"params\":{},\"status\":\"0\"}','{\"msg\":\"操作成功\",\"code\":200}',0,NULL,'2024-08-09 09:13:05',10),(200,'字典数据',1,'com.ruoyi.web.controller.system.SysDictDataController.add()','POST',1,'admin',NULL,'/system/dict/data','127.0.0.1','内网IP','{\"createBy\":\"admin\",\"default\":false,\"dictLabel\":\"验光师\",\"dictSort\":2,\"dictType\":\"sys_post\",\"dictValue\":\"2\",\"listClass\":\"default\",\"params\":{},\"status\":\"0\"}','{\"msg\":\"操作成功\",\"code\":200}',0,NULL,'2024-08-09 09:13:12',22),(201,'字典数据',1,'com.ruoyi.web.controller.system.SysDictDataController.add()','POST',1,'admin',NULL,'/system/dict/data','127.0.0.1','内网IP','{\"createBy\":\"admin\",\"default\":false,\"dictLabel\":\"顾客\",\"dictSort\":3,\"dictType\":\"sys_post\",\"dictValue\":\"3\",\"listClass\":\"default\",\"params\":{},\"status\":\"0\"}','{\"msg\":\"操作成功\",\"code\":200}',0,NULL,'2024-08-09 09:13:19',18),(202,'用户信息',1,'com.ruoyi.web.controller.user.MxUserController.add()','POST',1,'admin',NULL,'/system/mxuser','127.0.0.1','内网IP','{\"createTime\":\"2024-08-09 09:19:03\",\"name\":\"测1\",\"params\":{},\"phoneNumber\":\"123\",\"userId\":3}','{\"msg\":\"操作成功\",\"code\":200}',0,NULL,'2024-08-09 09:19:03',16),(203,'用户信息',1,'com.ruoyi.web.controller.user.MxUserController.add()','POST',1,'admin',NULL,'/system/mxuser','127.0.0.1','内网IP','{\"createTime\":\"2024-08-09 09:19:29\",\"name\":\"测2\",\"params\":{},\"phoneNumber\":\"1234\",\"userId\":4}','{\"msg\":\"操作成功\",\"code\":200}',0,NULL,'2024-08-09 09:19:29',15),(204,'门店成员信息',1,'com.ruoyi.web.controller.store.MxStoreMemberController.add()','POST',1,'admin',NULL,'/system/member','127.0.0.1','内网IP','{\"createTime\":\"2024-08-09 09:19:43\",\"params\":{},\"post\":2,\"userId\":3}',NULL,1,'\r\n### Error updating database.  Cause: java.sql.SQLException: Field \'store_id\' doesn\'t have a default value\r\n### The error may exist in file [E:\\IdeaProjects\\ry\\ruoyi-system\\target\\classes\\mapper\\system\\store\\MxStoreMemberMapper.xml]\r\n### The error may involve com.ruoyi.system.mapper.store.MxStoreMemberMapper.insertMxStoreMember-Inline\r\n### The error occurred while setting parameters\r\n### SQL: insert into mx_store_member          ( create_time,                                       user_id,             post )           values ( ?,                                       ?,             ? )\r\n### Cause: java.sql.SQLException: Field \'store_id\' doesn\'t have a default value\n; Field \'store_id\' doesn\'t have a default value; nested exception is java.sql.SQLException: Field \'store_id\' doesn\'t have a default value','2024-08-09 09:19:43',60),(205,'门店成员信息',1,'com.ruoyi.web.controller.store.MxStoreMemberController.add()','POST',1,'admin',NULL,'/system/member','127.0.0.1','内网IP','{\"createTime\":\"2024-08-09 09:19:48\",\"isDelete\":0,\"params\":{},\"post\":2,\"userId\":3}',NULL,1,'\r\n### Error updating database.  Cause: java.sql.SQLException: Field \'store_id\' doesn\'t have a default value\r\n### The error may exist in file [E:\\IdeaProjects\\ry\\ruoyi-system\\target\\classes\\mapper\\system\\store\\MxStoreMemberMapper.xml]\r\n### The error may involve com.ruoyi.system.mapper.store.MxStoreMemberMapper.insertMxStoreMember-Inline\r\n### The error occurred while setting parameters\r\n### SQL: insert into mx_store_member          ( create_time,                                       user_id,             post,             is_delete )           values ( ?,                                       ?,             ?,             ? )\r\n### Cause: java.sql.SQLException: Field \'store_id\' doesn\'t have a default value\n; Field \'store_id\' doesn\'t have a default value; nested exception is java.sql.SQLException: Field \'store_id\' doesn\'t have a default value','2024-08-09 09:19:48',3),(206,'门店成员信息',1,'com.ruoyi.web.controller.store.MxStoreMemberController.add()','POST',1,'admin',NULL,'/system/member','127.0.0.1','内网IP','{\"createTime\":\"2024-08-09 09:19:52\",\"isDelete\":0,\"params\":{},\"post\":2,\"userId\":3}',NULL,1,'\r\n### Error updating database.  Cause: java.sql.SQLException: Field \'store_id\' doesn\'t have a default value\r\n### The error may exist in file [E:\\IdeaProjects\\ry\\ruoyi-system\\target\\classes\\mapper\\system\\store\\MxStoreMemberMapper.xml]\r\n### The error may involve com.ruoyi.system.mapper.store.MxStoreMemberMapper.insertMxStoreMember-Inline\r\n### The error occurred while setting parameters\r\n### SQL: insert into mx_store_member          ( create_time,                                       user_id,             post,             is_delete )           values ( ?,                                       ?,             ?,             ? )\r\n### Cause: java.sql.SQLException: Field \'store_id\' doesn\'t have a default value\n; Field \'store_id\' doesn\'t have a default value; nested exception is java.sql.SQLException: Field \'store_id\' doesn\'t have a default value','2024-08-09 09:19:52',3),(207,'门店成员信息',1,'com.ruoyi.web.controller.store.MxStoreMemberController.add()','POST',1,'admin',NULL,'/system/member','127.0.0.1','内网IP','{\"createTime\":\"2024-08-09 09:20:08\",\"isDelete\":0,\"params\":{},\"post\":2,\"userId\":3}',NULL,1,'\r\n### Error updating database.  Cause: java.sql.SQLException: Field \'store_id\' doesn\'t have a default value\r\n### The error may exist in file [E:\\IdeaProjects\\ry\\ruoyi-system\\target\\classes\\mapper\\system\\store\\MxStoreMemberMapper.xml]\r\n### The error may involve com.ruoyi.system.mapper.store.MxStoreMemberMapper.insertMxStoreMember-Inline\r\n### The error occurred while setting parameters\r\n### SQL: insert into mx_store_member          ( create_time,                                       user_id,             post,             is_delete )           values ( ?,                                       ?,             ?,             ? )\r\n### Cause: java.sql.SQLException: Field \'store_id\' doesn\'t have a default value\n; Field \'store_id\' doesn\'t have a default value; nested exception is java.sql.SQLException: Field \'store_id\' doesn\'t have a default value','2024-08-09 09:20:08',4),(208,'门店成员信息',1,'com.ruoyi.web.controller.store.MxStoreMemberController.add()','POST',1,'admin',NULL,'/system/member','127.0.0.1','内网IP','{\"createTime\":\"2024-08-09 09:25:37\",\"params\":{},\"post\":2,\"userId\":3}',NULL,1,'\r\n### Error updating database.  Cause: java.sql.SQLException: Field \'store_id\' doesn\'t have a default value\r\n### The error may exist in file [E:\\IdeaProjects\\ry\\ruoyi-system\\target\\classes\\mapper\\system\\store\\MxStoreMemberMapper.xml]\r\n### The error may involve com.ruoyi.system.mapper.store.MxStoreMemberMapper.insertMxStoreMember-Inline\r\n### The error occurred while setting parameters\r\n### SQL: insert into mx_store_member          ( create_time,                                       user_id,             post )           values ( ?,                                       ?,             ? )\r\n### Cause: java.sql.SQLException: Field \'store_id\' doesn\'t have a default value\n; Field \'store_id\' doesn\'t have a default value; nested exception is java.sql.SQLException: Field \'store_id\' doesn\'t have a default value','2024-08-09 09:25:37',2),(209,'门店成员信息',1,'com.ruoyi.web.controller.store.MxStoreMemberController.add()','POST',1,'admin',NULL,'/system/member','127.0.0.1','内网IP','{\"createTime\":\"2024-08-09 09:28:13\",\"params\":{},\"post\":2,\"userId\":3}',NULL,1,'\r\n### Error updating database.  Cause: java.sql.SQLException: Field \'store_id\' doesn\'t have a default value\r\n### The error may exist in file [E:\\IdeaProjects\\ry\\ruoyi-system\\target\\classes\\mapper\\system\\store\\MxStoreMemberMapper.xml]\r\n### The error may involve com.ruoyi.system.mapper.store.MxStoreMemberMapper.insertMxStoreMember-Inline\r\n### The error occurred while setting parameters\r\n### SQL: insert into mx_store_member          ( create_time,                                       user_id,             post )           values ( ?,                                       ?,             ? )\r\n### Cause: java.sql.SQLException: Field \'store_id\' doesn\'t have a default value\n; Field \'store_id\' doesn\'t have a default value; nested exception is java.sql.SQLException: Field \'store_id\' doesn\'t have a default value','2024-08-09 09:28:14',2),(210,'门店成员信息',1,'com.ruoyi.web.controller.store.MxStoreMemberController.add()','POST',1,'admin',NULL,'/system/member','127.0.0.1','内网IP','{\"createTime\":\"2024-08-09 09:29:44\",\"params\":{},\"post\":2,\"userId\":3}',NULL,1,'\r\n### Error updating database.  Cause: java.sql.SQLException: Field \'store_id\' doesn\'t have a default value\r\n### The error may exist in file [E:\\IdeaProjects\\ry\\ruoyi-system\\target\\classes\\mapper\\system\\store\\MxStoreMemberMapper.xml]\r\n### The error may involve com.ruoyi.system.mapper.store.MxStoreMemberMapper.insertMxStoreMember-Inline\r\n### The error occurred while setting parameters\r\n### SQL: insert into mx_store_member          ( create_time,                                       user_id,             post )           values ( ?,                                       ?,             ? )\r\n### Cause: java.sql.SQLException: Field \'store_id\' doesn\'t have a default value\n; Field \'store_id\' doesn\'t have a default value; nested exception is java.sql.SQLException: Field \'store_id\' doesn\'t have a default value','2024-08-09 09:29:44',3),(211,'门店成员信息',1,'com.ruoyi.web.controller.store.MxStoreMemberController.add()','POST',1,'admin',NULL,'/system/member','127.0.0.1','内网IP','{\"createTime\":\"2024-08-09 09:30:22\",\"params\":{},\"post\":2,\"userId\":3}',NULL,1,'\r\n### Error updating database.  Cause: java.sql.SQLException: Field \'store_id\' doesn\'t have a default value\r\n### The error may exist in file [E:\\IdeaProjects\\ry\\ruoyi-system\\target\\classes\\mapper\\system\\store\\MxStoreMemberMapper.xml]\r\n### The error may involve com.ruoyi.system.mapper.store.MxStoreMemberMapper.insertMxStoreMember-Inline\r\n### The error occurred while setting parameters\r\n### SQL: insert into mx_store_member          ( create_time,                                       user_id,             post )           values ( ?,                                       ?,             ? )\r\n### Cause: java.sql.SQLException: Field \'store_id\' doesn\'t have a default value\n; Field \'store_id\' doesn\'t have a default value; nested exception is java.sql.SQLException: Field \'store_id\' doesn\'t have a default value','2024-08-09 09:30:22',6),(212,'门店成员信息',1,'com.ruoyi.web.controller.store.MxStoreMemberController.add()','POST',1,'admin',NULL,'/system/member','127.0.0.1','内网IP','{\"createTime\":\"2024-08-09 09:30:52\",\"params\":{},\"post\":2,\"userId\":3}',NULL,1,'\r\n### Error updating database.  Cause: java.sql.SQLException: Field \'store_id\' doesn\'t have a default value\r\n### The error may exist in file [E:\\IdeaProjects\\ry\\ruoyi-system\\target\\classes\\mapper\\system\\store\\MxStoreMemberMapper.xml]\r\n### The error may involve com.ruoyi.system.mapper.store.MxStoreMemberMapper.insertMxStoreMember-Inline\r\n### The error occurred while setting parameters\r\n### SQL: insert into mx_store_member          ( create_time,                                       user_id,             post )           values ( ?,                                       ?,             ? )\r\n### Cause: java.sql.SQLException: Field \'store_id\' doesn\'t have a default value\n; Field \'store_id\' doesn\'t have a default value; nested exception is java.sql.SQLException: Field \'store_id\' doesn\'t have a default value','2024-08-09 09:30:52',4),(213,'门店成员信息',2,'com.ruoyi.web.controller.store.MxStoreMemberController.edit()','PUT',1,'admin',NULL,'/system/member','127.0.0.1','内网IP','{\"params\":{},\"post\":2,\"storeId\":10,\"updateTime\":\"2024-08-09 09:31:25\",\"userId\":3}','{\"msg\":\"操作成功\",\"code\":200}',0,NULL,'2024-08-09 09:31:25',15),(214,'门店成员信息',2,'com.ruoyi.web.controller.store.MxStoreMemberController.edit()','PUT',1,'admin',NULL,'/system/member','127.0.0.1','内网IP','{\"isDelete\":0,\"params\":{},\"post\":2,\"storeId\":10,\"updateTime\":\"2024-08-09 09:32:09\",\"userId\":3}','{\"msg\":\"操作成功\",\"code\":200}',0,NULL,'2024-08-09 09:32:09',130),(215,'门店成员信息',2,'com.ruoyi.web.controller.store.MxStoreMemberController.edit()','PUT',1,'admin',NULL,'/system/member','127.0.0.1','内网IP','{\"params\":{},\"post\":2,\"storeId\":10,\"updateTime\":\"2024-08-09 09:34:43\",\"userId\":3}','{\"msg\":\"操作成功\",\"code\":200}',0,NULL,'2024-08-09 09:34:43',18),(216,'门店成员信息',1,'com.ruoyi.web.controller.store.MxStoreMemberController.add()','POST',1,'admin',NULL,'/system/member','127.0.0.1','内网IP','{\"createTime\":\"2024-08-09 09:35:16\",\"params\":{},\"post\":2,\"storeId\":10,\"userId\":3}','{\"msg\":\"操作成功\",\"code\":200}',0,NULL,'2024-08-09 09:35:16',20),(217,'门店成员信息',2,'com.ruoyi.web.controller.store.MxStoreMemberController.edit()','PUT',1,'admin',NULL,'/system/member','127.0.0.1','内网IP','{\"createTime\":\"2024-08-09 09:35:16\",\"isDelete\":0,\"params\":{},\"post\":3,\"storeId\":10,\"updateTime\":\"2024-08-09 09:52:18\",\"userId\":3}',NULL,1,'\r\n### Error updating database.  Cause: java.sql.SQLIntegrityConstraintViolationException: Duplicate entry \'10-3\' for key \'unique_store_id_user_id\'\r\n### The error may exist in file [E:\\IdeaProjects\\ry\\ruoyi-system\\target\\classes\\mapper\\system\\store\\MxStoreMemberMapper.xml]\r\n### The error may involve com.ruoyi.system.mapper.store.MxStoreMemberMapper.updateMxStoreMember-Inline\r\n### The error occurred while setting parameters\r\n### SQL: update mx_store_member          SET create_time = ?,             update_time = ?,             user_id = ?,             post = ?,             is_delete = ?          where store_id = ?\r\n### Cause: java.sql.SQLIntegrityConstraintViolationException: Duplicate entry \'10-3\' for key \'unique_store_id_user_id\'\n; Duplicate entry \'10-3\' for key \'unique_store_id_user_id\'; nested exception is java.sql.SQLIntegrityConstraintViolationException: Duplicate entry \'10-3\' for key \'unique_store_id_user_id\'','2024-08-09 09:52:18',56),(218,'门店成员信息',2,'com.ruoyi.web.controller.store.MxStoreMemberController.edit()','PUT',1,'admin',NULL,'/system/member','127.0.0.1','内网IP','{\"createTime\":\"2024-08-09 09:35:16\",\"isDelete\":0,\"params\":{},\"post\":3,\"storeId\":10,\"updateTime\":\"2024-08-09 09:53:00\",\"userId\":3}',NULL,1,'\r\n### Error updating database.  Cause: java.sql.SQLIntegrityConstraintViolationException: Duplicate entry \'10-3\' for key \'unique_store_id_user_id\'\r\n### The error may exist in file [E:\\IdeaProjects\\ry\\ruoyi-system\\target\\classes\\mapper\\system\\store\\MxStoreMemberMapper.xml]\r\n### The error may involve com.ruoyi.system.mapper.store.MxStoreMemberMapper.updateMxStoreMember-Inline\r\n### The error occurred while setting parameters\r\n### SQL: update mx_store_member          SET create_time = ?,             update_time = ?,             user_id = ?,             post = ?,             is_delete = ?          where store_id = ?\r\n### Cause: java.sql.SQLIntegrityConstraintViolationException: Duplicate entry \'10-3\' for key \'unique_store_id_user_id\'\n; Duplicate entry \'10-3\' for key \'unique_store_id_user_id\'; nested exception is java.sql.SQLIntegrityConstraintViolationException: Duplicate entry \'10-3\' for key \'unique_store_id_user_id\'','2024-08-09 09:53:00',19),(219,'门店成员信息',2,'com.ruoyi.web.controller.store.MxStoreMemberController.edit()','PUT',1,'admin',NULL,'/system/member','127.0.0.1','内网IP','{\"createTime\":\"2024-08-09 09:35:16\",\"isDelete\":0,\"params\":{},\"post\":3,\"storeId\":10,\"updateTime\":\"2024-08-09 09:53:41\",\"userId\":3}','{\"msg\":\"操作成功\",\"code\":200}',0,NULL,'2024-08-09 09:53:41',20),(220,'门店成员信息',2,'com.ruoyi.web.controller.store.MxStoreMemberController.edit()','PUT',1,'admin',NULL,'/system/member','127.0.0.1','内网IP','{\"createTime\":\"2024-08-09 09:35:16\",\"isDelete\":0,\"params\":{},\"post\":2,\"storeId\":10,\"updateTime\":\"2024-08-09 09:54:56\",\"userId\":3}','{\"msg\":\"操作成功\",\"code\":200}',0,NULL,'2024-08-09 09:54:56',29),(221,'门店成员信息',2,'com.ruoyi.web.controller.store.MxStoreMemberController.edit()','PUT',1,'admin',NULL,'/system/member','127.0.0.1','内网IP','{\"createTime\":\"2024-08-09 09:35:16\",\"isDelete\":0,\"params\":{},\"post\":2,\"storeId\":10,\"updateTime\":\"2024-08-09 10:05:58\",\"userId\":1}',NULL,1,'该用户已存在','2024-08-09 10:05:58',10),(222,'用户信息',1,'com.ruoyi.web.controller.user.MxUserController.add()','POST',1,'admin',NULL,'/system/mxuser','127.0.0.1','内网IP','{\"createTime\":\"2024-08-09 13:32:39\",\"name\":\"测5\",\"params\":{},\"phoneNumber\":\"12345\",\"userId\":5}','{\"msg\":\"操作成功\",\"code\":200}',0,NULL,'2024-08-09 13:32:39',20),(223,'门店成员信息',1,'com.ruoyi.web.controller.store.MxStoreMemberController.add()','POST',1,'admin',NULL,'/system/member','127.0.0.1','内网IP','{\"createTime\":\"2024-08-09 13:36:17\",\"isDelete\":1,\"params\":{},\"post\":3,\"storeId\":10,\"userId\":5}','{\"msg\":\"操作成功\",\"code\":200}',0,NULL,'2024-08-09 13:36:17',21),(224,'门店成员信息',1,'com.ruoyi.web.controller.store.MxStoreMemberController.add()','POST',1,'admin',NULL,'/system/member','127.0.0.1','内网IP','{\"createTime\":\"2024-08-09 13:37:39\",\"params\":{},\"storeId\":10,\"userId\":5}',NULL,1,'','2024-08-09 13:37:39',2),(225,'门店成员信息',1,'com.ruoyi.web.controller.store.MxStoreMemberController.add()','POST',1,'admin',NULL,'/system/member','127.0.0.1','内网IP','{\"createTime\":\"2024-08-09 13:37:44\",\"params\":{},\"storeId\":10,\"userId\":5}',NULL,1,'','2024-08-09 13:37:44',1),(226,'门店成员信息',1,'com.ruoyi.web.controller.store.MxStoreMemberController.add()','POST',1,'admin',NULL,'/system/member','127.0.0.1','内网IP','{\"createTime\":\"2024-08-09 13:40:03\",\"params\":{},\"storeId\":10,\"userId\":5}',NULL,1,'','2024-08-09 13:40:03',1),(227,'门店成员信息',1,'com.ruoyi.web.controller.store.MxStoreMemberController.add()','POST',1,'admin',NULL,'/system/member','127.0.0.1','内网IP','{\"createTime\":\"2024-08-09 13:43:58\",\"params\":{},\"storeId\":10,\"userId\":5}',NULL,1,'','2024-08-09 13:43:58',1),(228,'门店成员信息',1,'com.ruoyi.web.controller.store.MxStoreMemberController.add()','POST',1,'admin',NULL,'/system/member','127.0.0.1','内网IP','{\"createTime\":\"2024-08-09 13:47:56\",\"params\":{},\"storeId\":10,\"userId\":5}',NULL,1,'','2024-08-09 13:47:56',0),(229,'门店成员信息',1,'com.ruoyi.web.controller.store.MxStoreMemberController.add()','POST',1,'admin',NULL,'/system/member','127.0.0.1','内网IP','{\"createTime\":\"2024-08-09 13:48:58\",\"isDelete\":1,\"optometristUserId\":3,\"params\":{},\"post\":3,\"storeId\":10,\"userId\":5}','{\"msg\":\"操作成功\",\"code\":200}',0,NULL,'2024-08-09 13:48:58',17),(230,'用户信息',2,'com.ruoyi.web.controller.user.MxUserController.edit()','PUT',1,'admin',NULL,'/system/mxuser','127.0.0.1','内网IP','{\"city\":\"\",\"company\":\"\",\"contactAddress\":\"\",\"createTime\":\"2024-08-09 13:32:39\",\"dominantEye\":\"\",\"emailAddress\":\"\",\"gender\":1,\"glassesNeed\":\"\",\"identificationNumber\":\"\",\"isDelete\":0,\"medicalInsuranceAccount\":\"\",\"name\":\"测3\",\"occupation\":\"\",\"params\":{},\"phoneNumber\":\"12345\",\"qqNumber\":\"\",\"remarks\":\"\",\"updateTime\":\"2024-08-09 13:32:39\",\"userId\":5,\"wechat\":\"\"}','{\"msg\":\"操作成功\",\"code\":200}',0,NULL,'2024-08-09 13:51:22',9),(231,'代码生成',6,'com.ruoyi.generator.controller.GenController.importTableSave()','POST',1,'admin',NULL,'/tool/gen/importTable','127.0.0.1','内网IP','{\"tables\":\"vision_test_results\"}','{\"msg\":\"操作成功\",\"code\":200}',0,NULL,'2024-08-12 11:07:09',127),(232,'代码生成',6,'com.ruoyi.generator.controller.GenController.importTableSave()','POST',1,'admin',NULL,'/tool/gen/importTable','127.0.0.1','内网IP','{\"tables\":\"try_optometry\"}','{\"msg\":\"操作成功\",\"code\":200}',0,NULL,'2024-08-12 11:07:22',20),(233,'视图验光数据',1,'com.ruoyi.web.controller.optometry.VisionTestResultsController.add()','POST',1,'admin',NULL,'/system/results','127.0.0.1','内网IP','{\"aca\":\"cupidatat Excepteur\",\"bcc\":\"ut exercitation mollit laborum sint\",\"createTime\":\"2024-08-12 13:38:23\",\"diagnosisAbnormal\":\"veniam consequat reprehenderit\",\"diagnosisName\":49,\"leftEye\":\"et anim veniam minim\",\"optometryRecordsId\":8,\"params\":{},\"pnifBu1\":\"ipsum in laboris pariatur\",\"pnifBu2\":\"elit id\",\"pnifBu3\":\"ipsum incididunt laborum consectetur\",\"pninBi1\":\"culpa\",\"pninBi2\":\"ipsum Duis non dolore pariatur\",\"pninBi3\":\"laboris\",\"pninBu1\":\"dolore velit fugiat\",\"pninBu2\":\"exercitation non fugiat\",\"pninBu3\":\"officia\",\"resultsId\":1,\"reverseBeat\":\"in\",\"rightEye\":\"nisi fugiat incididunt\",\"stereoView\":\"proident\",\"sugggestions\":\"ullamco eiusmod\",\"vgfBi\":\"quis velit dolor\",\"ww4points\":\"dolore\"}','{\"msg\":\"操作成功\",\"code\":200}',0,NULL,'2024-08-12 13:38:23',38),(234,'视图验光数据',1,'com.ruoyi.web.controller.optometry.VisionTestResultsController.add()','POST',1,'admin',NULL,'/system/results','127.0.0.1','内网IP','{\"diagnosisAbnormal\":\"incididunt id\",\"diagnosisName\":90,\"optometryRecordsId\":3,\"pnifBi1\":\"labore ea culpa ut magna\",\"pnifBi2\":\"commodo esse et culpa do\",\"pnifBi3\":\"exercitation eu dolore\",\"pnifBu2\":\"irure dolor laborum officia\",\"pninBi2\":\"do irure magna\",\"pninBu2\":\"sunt pariatur officia in dolore\",\"pninBu3\":\"laboris enim reprehenderit ut nostrud\",\"pra\":\"et nisi fugiat nostrud\",\"rests\":\"officia nostrud\",\"resultsId\":2,\"rightEye\":\"est\",\"tryOptometryList\":[{\"addend\":\"enim non dolor incididunt reprehenderit\",\"cylindricalMirror\":\"sunt occaecat deserunt Duis ullamco\",\"leftRightEyes\":1,\"params\":{},\"resultsId\":2,\"sphericalMirror\":\"nulla dolor laborum\",\"tryOptometryId\":3},{\"cylindricalMirror\":\"laborum ullamco\",\"leftRightEyes\":0,\"params\":{},\"resultsId\":2,\"tryOptometryId\":4}],\"vgfBi\":\"amet aliqua\",\"vgfBu\":\"Duis nostrud\",\"vgnBi\":\"labore\",\"vgnBu\":\"labore\",\"visualChart\":\"in fugiat\",\"ww4points\":\"sint dolore minim id\"}','{\"msg\":\"操作成功\",\"code\":200}',0,NULL,'2024-08-12 14:08:35',62),(235,'验光记录',3,'com.ruoyi.web.controller.optometry.OptometryRecordsController.remove()','DELETE',1,'admin',NULL,'/system/records/3','127.0.0.1','内网IP','{}','{\"msg\":\"操作成功\",\"code\":200}',0,NULL,'2024-08-12 14:16:14',23),(236,'用户头像',2,'com.ruoyi.web.controller.system.SysProfileController.avatar()','POST',1,'admin',NULL,'/system/user/profile/avatar','127.0.0.1','内网IP','','{\"msg\":\"操作成功\",\"imgUrl\":\"/profile/avatar/2024/08/12/blob_20240812145614A001.png\",\"code\":200}',0,NULL,'2024-08-12 14:56:14',59),(237,'个人信息',2,'com.ruoyi.web.controller.system.SysProfileController.updateProfile()','PUT',1,'admin',NULL,'/system/user/profile','127.0.0.1','内网IP','{\"admin\":true,\"avatar\":\"/profile/avatar/2024/08/06/blob_20240806143903A001.png\",\"createBy\":\"admin\",\"createTime\":\"2023-10-26 10:27:00\",\"delFlag\":\"0\",\"dept\":{\"ancestors\":\"0,100,101\",\"children\":[],\"deptId\":103,\"deptName\":\"研发部门\",\"leader\":\"若依\",\"orderNum\":1,\"params\":{\"@type\":\"java.util.HashMap\"},\"parentId\":101,\"status\":\"0\"},\"deptId\":103,\"email\":\"ry@163.com\",\"loginDate\":\"2024-08-12 14:52:50\",\"loginIp\":\"127.0.0.1\",\"nickName\":\"若依\",\"params\":{\"@type\":\"java.util.HashMap\"},\"phonenumber\":\"15888888888\",\"remark\":\"管理员\",\"roles\":[{\"admin\":true,\"dataScope\":\"1\",\"deptCheckStrictly\":false,\"flag\":false,\"menuCheckStrictly\":false,\"params\":{\"@type\":\"java.util.HashMap\"},\"roleId\":1,\"roleKey\":\"admin\",\"roleName\":\"超级管理员\",\"roleSort\":1,\"status\":\"0\"}],\"sex\":\"1\",\"status\":\"0\",\"userId\":1,\"userName\":\"admin\"}','{\"msg\":\"操作成功\",\"code\":200}',0,NULL,'2024-08-12 14:56:19',16),(238,'部门管理',3,'com.ruoyi.web.controller.system.SysDeptController.remove()','DELETE',1,'admin',NULL,'/system/dept/102','127.0.0.1','内网IP','{}','{\"msg\":\"存在下级部门,不允许删除\",\"code\":601}',0,NULL,'2024-08-12 14:59:56',4),(239,'部门管理',3,'com.ruoyi.web.controller.system.SysDeptController.remove()','DELETE',1,'admin',NULL,'/system/dept/108','127.0.0.1','内网IP','{}','{\"msg\":\"操作成功\",\"code\":200}',0,NULL,'2024-08-12 15:00:01',20),(240,'部门管理',3,'com.ruoyi.web.controller.system.SysDeptController.remove()','DELETE',1,'admin',NULL,'/system/dept/109','127.0.0.1','内网IP','{}','{\"msg\":\"操作成功\",\"code\":200}',0,NULL,'2024-08-12 15:00:04',9),(241,'部门管理',3,'com.ruoyi.web.controller.system.SysDeptController.remove()','DELETE',1,'admin',NULL,'/system/dept/102','127.0.0.1','内网IP','{}','{\"msg\":\"操作成功\",\"code\":200}',0,NULL,'2024-08-12 15:00:06',20),(242,'部门管理',2,'com.ruoyi.web.controller.system.SysDeptController.edit()','PUT',1,'admin',NULL,'/system/dept','127.0.0.1','内网IP','{\"ancestors\":\"0\",\"children\":[],\"deptId\":100,\"deptName\":\"希铭\",\"email\":\"ry@qq.com\",\"leader\":\"若依\",\"orderNum\":0,\"params\":{},\"parentId\":0,\"phone\":\"15888888888\",\"status\":\"0\",\"updateBy\":\"admin\"}','{\"msg\":\"操作成功\",\"code\":200}',0,NULL,'2024-08-12 15:00:25',25),(243,'部门管理',2,'com.ruoyi.web.controller.system.SysDeptController.edit()','PUT',1,'admin',NULL,'/system/dept','127.0.0.1','内网IP','{\"ancestors\":\"0,100\",\"children\":[],\"deptId\":101,\"deptName\":\"希铭光学\",\"email\":\"ry@qq.com\",\"leader\":\"若依\",\"orderNum\":1,\"params\":{},\"parentId\":100,\"parentName\":\"希铭\",\"phone\":\"15888888888\",\"status\":\"0\",\"updateBy\":\"admin\"}','{\"msg\":\"操作成功\",\"code\":200}',0,NULL,'2024-08-12 15:00:43',24),(244,'部门管理',3,'com.ruoyi.web.controller.system.SysDeptController.remove()','DELETE',1,'admin',NULL,'/system/dept/107','127.0.0.1','内网IP','{}','{\"msg\":\"操作成功\",\"code\":200}',0,NULL,'2024-08-12 15:00:52',16),(245,'部门管理',3,'com.ruoyi.web.controller.system.SysDeptController.remove()','DELETE',1,'admin',NULL,'/system/dept/105','127.0.0.1','内网IP','{}','{\"msg\":\"部门存在用户,不允许删除\",\"code\":601}',0,NULL,'2024-08-12 15:00:54',10),(246,'部门管理',3,'com.ruoyi.web.controller.system.SysDeptController.remove()','DELETE',1,'admin',NULL,'/system/dept/105','127.0.0.1','内网IP','{}','{\"msg\":\"部门存在用户,不允许删除\",\"code\":601}',0,NULL,'2024-08-12 15:00:59',4),(247,'部门管理',2,'com.ruoyi.web.controller.system.SysDeptController.edit()','PUT',1,'admin',NULL,'/system/dept','127.0.0.1','内网IP','{\"ancestors\":\"0,100\",\"children\":[],\"deptId\":101,\"deptName\":\"希铭光学（苏州）\",\"email\":\"ry@qq.com\",\"leader\":\"若依\",\"orderNum\":1,\"params\":{},\"parentId\":100,\"parentName\":\"希铭\",\"phone\":\"15888888888\",\"status\":\"0\",\"updateBy\":\"admin\"}','{\"msg\":\"操作成功\",\"code\":200}',0,NULL,'2024-08-12 15:01:47',29),(248,'部门管理',2,'com.ruoyi.web.controller.system.SysDeptController.edit()','PUT',1,'admin',NULL,'/system/dept','127.0.0.1','内网IP','{\"ancestors\":\"0\",\"children\":[],\"deptId\":100,\"deptName\":\"希铭光学\",\"email\":\"ry@qq.com\",\"leader\":\"若依\",\"orderNum\":0,\"params\":{},\"parentId\":0,\"phone\":\"15888888888\",\"status\":\"0\",\"updateBy\":\"admin\"}','{\"msg\":\"操作成功\",\"code\":200}',0,NULL,'2024-08-12 15:01:55',17),(249,'通知公告',1,'com.ruoyi.web.controller.system.SysNoticeController.add()','POST',1,'admin',NULL,'/system/notice','127.0.0.1','内网IP','{\"createBy\":\"admin\",\"noticeContent\":\"<p>通知通知</p>\",\"noticeTitle\":\"测试\",\"noticeType\":\"1\",\"params\":{},\"status\":\"0\"}','{\"msg\":\"操作成功\",\"code\":200}',0,NULL,'2024-08-12 15:02:56',116),(250,'门店信息',1,'com.ruoyi.web.controller.store.MxStoreController.add()','POST',1,'admin',NULL,'/system/store','127.0.0.1','内网IP','{\"brandId\":\"ASDAS\",\"createTime\":\"2024-08-12 15:09:55\",\"params\":{},\"storeId\":12,\"storeNameEnglish\":\"桂林路眼镜店\",\"storeNumber\":\"ASDAS\",\"userId\":2}','{\"msg\":\"操作成功\",\"code\":200}',0,NULL,'2024-08-12 15:09:55',14),(251,'门店信息',2,'com.ruoyi.web.controller.store.MxStoreController.edit()','PUT',1,'admin',NULL,'/system/store','127.0.0.1','内网IP','{\"brandId\":\"ASDAS\",\"createTime\":\"2024-08-12 15:09:55\",\"isDelete\":0,\"params\":{},\"storeId\":12,\"storeNameEnglish\":\"桂林路眼镜店\",\"storeNumber\":\"ASDAS\",\"updateTime\":\"2024-08-12 15:10:04\",\"userId\":3}','{\"msg\":\"操作成功\",\"code\":200}',0,NULL,'2024-08-12 15:10:04',4),(252,'门店信息',2,'com.ruoyi.web.controller.store.MxStoreController.edit()','PUT',1,'admin',NULL,'/system/store','127.0.0.1','内网IP','{\"brandId\":\"ASDAS\",\"createTime\":\"2024-08-12 15:09:55\",\"isDelete\":0,\"params\":{},\"storeId\":12,\"storeNameEnglish\":\"桂林路测1眼镜店\",\"storeNumber\":\"ASDAS\",\"updateTime\":\"2024-08-12 15:33:46\",\"userId\":3}','{\"msg\":\"操作成功\",\"code\":200}',0,NULL,'2024-08-12 15:33:46',7),(253,'验光记录',5,'com.ruoyi.web.controller.optometry.OptometryRecordsController.export()','POST',1,'admin',NULL,'/system/records/export','127.0.0.1','内网IP','{\"pageSize\":\"10\",\"pageNum\":\"1\"}',NULL,0,NULL,'2024-08-12 15:36:56',475),(254,'菜单管理',1,'com.ruoyi.web.controller.system.SysMenuController.add()','POST',1,'admin',NULL,'/system/menu','127.0.0.1','内网IP','{\"children\":[],\"component\":\"system/optonmentry/visionTest/index\",\"createBy\":\"admin\",\"isCache\":\"0\",\"isFrame\":\"1\",\"menuName\":\"视图数据\",\"menuType\":\"C\",\"orderNum\":3,\"params\":{},\"parentId\":2007,\"path\":\"visionTest\",\"status\":\"0\",\"visible\":\"0\"}','{\"msg\":\"操作成功\",\"code\":200}',0,NULL,'2024-08-12 15:53:01',10),(255,'菜单管理',1,'com.ruoyi.web.controller.system.SysMenuController.add()','POST',1,'admin',NULL,'/system/menu','127.0.0.1','内网IP','{\"children\":[],\"component\":\"system/optonmentry/tryOptonmentry/index\",\"createBy\":\"admin\",\"isCache\":\"0\",\"isFrame\":\"1\",\"menuName\":\"试戴数据\",\"menuType\":\"C\",\"orderNum\":4,\"params\":{},\"parentId\":2007,\"path\":\"tryOptonmentry\",\"status\":\"0\",\"visible\":\"0\"}','{\"msg\":\"操作成功\",\"code\":200}',0,NULL,'2024-08-12 16:22:57',32),(256,'字典类型',1,'com.ruoyi.web.controller.system.SysDictTypeController.add()','POST',1,'admin',NULL,'/system/dict/type','127.0.0.1','内网IP','{\"createBy\":\"admin\",\"dictName\":\"左右\",\"dictType\":\"sys_left_right\",\"params\":{},\"remark\":\"0左1右\",\"status\":\"0\"}','{\"msg\":\"操作成功\",\"code\":200}',0,NULL,'2024-08-12 16:28:26',32),(257,'字典数据',1,'com.ruoyi.web.controller.system.SysDictDataController.add()','POST',1,'admin',NULL,'/system/dict/data','127.0.0.1','内网IP','{\"createBy\":\"admin\",\"default\":false,\"dictLabel\":\"左\",\"dictSort\":0,\"dictType\":\"sys_left_right\",\"dictValue\":\"0\",\"listClass\":\"default\",\"params\":{},\"status\":\"0\"}','{\"msg\":\"操作成功\",\"code\":200}',0,NULL,'2024-08-12 16:28:46',12),(258,'字典数据',1,'com.ruoyi.web.controller.system.SysDictDataController.add()','POST',1,'admin',NULL,'/system/dict/data','127.0.0.1','内网IP','{\"createBy\":\"admin\",\"default\":false,\"dictLabel\":\"右\",\"dictSort\":1,\"dictType\":\"sys_left_right\",\"dictValue\":\"1\",\"listClass\":\"default\",\"params\":{},\"status\":\"0\"}','{\"msg\":\"操作成功\",\"code\":200}',0,NULL,'2024-08-12 16:28:55',10),(259,'字典类型',2,'com.ruoyi.web.controller.system.SysDictTypeController.edit()','PUT',1,'admin',NULL,'/system/dict/type','127.0.0.1','内网IP','{\"createBy\":\"admin\",\"createTime\":\"2024-08-12 16:28:26\",\"dictId\":103,\"dictName\":\"左右眼\",\"dictType\":\"sys_left_right\",\"params\":{},\"remark\":\"0左1右\",\"status\":\"0\",\"updateBy\":\"admin\"}','{\"msg\":\"操作成功\",\"code\":200}',0,NULL,'2024-08-12 16:41:16',29),(260,'字典数据',2,'com.ruoyi.web.controller.system.SysDictDataController.edit()','PUT',1,'admin',NULL,'/system/dict/data','127.0.0.1','内网IP','{\"createBy\":\"admin\",\"createTime\":\"2024-08-12 16:28:46\",\"default\":false,\"dictCode\":107,\"dictLabel\":\"左眼\",\"dictSort\":0,\"dictType\":\"sys_left_right\",\"dictValue\":\"0\",\"isDefault\":\"N\",\"listClass\":\"default\",\"params\":{},\"status\":\"0\",\"updateBy\":\"admin\"}','{\"msg\":\"操作成功\",\"code\":200}',0,NULL,'2024-08-12 16:41:25',20),(261,'字典数据',2,'com.ruoyi.web.controller.system.SysDictDataController.edit()','PUT',1,'admin',NULL,'/system/dict/data','127.0.0.1','内网IP','{\"createBy\":\"admin\",\"createTime\":\"2024-08-12 16:28:55\",\"default\":false,\"dictCode\":108,\"dictLabel\":\"右眼\",\"dictSort\":1,\"dictType\":\"sys_left_right\",\"dictValue\":\"1\",\"isDefault\":\"N\",\"listClass\":\"default\",\"params\":{},\"status\":\"0\",\"updateBy\":\"admin\"}','{\"msg\":\"操作成功\",\"code\":200}',0,NULL,'2024-08-12 16:41:29',20),(262,'菜单管理',1,'com.ruoyi.web.controller.system.SysMenuController.add()','POST',1,'admin',NULL,'/system/menu','127.0.0.1','内网IP','{\"children\":[],\"component\":\"system/optonmentry/optonmentryDate/index\",\"createBy\":\"admin\",\"isCache\":\"0\",\"isFrame\":\"1\",\"menuName\":\"验光详情数据\",\"menuType\":\"C\",\"orderNum\":2,\"params\":{},\"parentId\":2007,\"path\":\"optonmentryDate\",\"status\":\"0\",\"visible\":\"0\"}','{\"msg\":\"操作成功\",\"code\":200}',0,NULL,'2024-08-13 14:30:21',19),(263,'菜单管理',2,'com.ruoyi.web.controller.system.SysMenuController.edit()','PUT',1,'admin',NULL,'/system/menu','127.0.0.1','内网IP','{\"children\":[],\"component\":\"system/optonmentry/optonmentryDate/index\",\"createTime\":\"2024-08-13 14:30:21\",\"icon\":\"#\",\"isCache\":\"0\",\"isFrame\":\"1\",\"menuId\":2012,\"menuName\":\"验光详情数据\",\"menuType\":\"C\",\"orderNum\":2,\"params\":{},\"parentId\":2007,\"path\":\"optonmentryDate\",\"perms\":\"\",\"status\":\"1\",\"updateBy\":\"admin\",\"visible\":\"1\"}','{\"msg\":\"操作成功\",\"code\":200}',0,NULL,'2024-08-13 14:38:40',10),(264,'菜单管理',2,'com.ruoyi.web.controller.system.SysMenuController.edit()','PUT',1,'admin',NULL,'/system/menu','127.0.0.1','内网IP','{\"children\":[],\"component\":\"system/optonmentry/visionTest/index\",\"createTime\":\"2024-08-12 15:53:01\",\"icon\":\"#\",\"isCache\":\"0\",\"isFrame\":\"1\",\"menuId\":2010,\"menuName\":\"视图数据\",\"menuType\":\"C\",\"orderNum\":3,\"params\":{},\"parentId\":2007,\"path\":\"visionTest\",\"perms\":\"\",\"status\":\"1\",\"updateBy\":\"admin\",\"visible\":\"1\"}','{\"msg\":\"操作成功\",\"code\":200}',0,NULL,'2024-08-13 14:38:45',21),(265,'菜单管理',2,'com.ruoyi.web.controller.system.SysMenuController.edit()','PUT',1,'admin',NULL,'/system/menu','127.0.0.1','内网IP','{\"children\":[],\"component\":\"system/optonmentry/tryOptonmentry/index\",\"createTime\":\"2024-08-12 16:22:57\",\"icon\":\"#\",\"isCache\":\"0\",\"isFrame\":\"1\",\"menuId\":2011,\"menuName\":\"试戴数据\",\"menuType\":\"C\",\"orderNum\":4,\"params\":{},\"parentId\":2007,\"path\":\"tryOptonmentry\",\"perms\":\"\",\"status\":\"1\",\"updateBy\":\"admin\",\"visible\":\"1\"}','{\"msg\":\"操作成功\",\"code\":200}',0,NULL,'2024-08-13 14:38:49',22),(266,'用户信息',1,'com.ruoyi.web.controller.user.MxUserController.add()','POST',1,'admin',NULL,'/system/mxuser','127.0.0.1','内网IP','{\"createTime\":\"2024-08-13 14:50:35\",\"params\":{},\"phoneNumber\":\"123456\",\"userId\":6}','{\"msg\":\"操作成功\",\"code\":200}',0,NULL,'2024-08-13 14:50:35',38),(267,'用户信息',2,'com.ruoyi.web.controller.user.MxUserController.edit()','PUT',1,'admin',NULL,'/system/mxuser','127.0.0.1','内网IP','{\"city\":\"\",\"company\":\"\",\"contactAddress\":\"\",\"createTime\":\"2024-08-13 14:50:35\",\"dominantEye\":\"\",\"emailAddress\":\"\",\"gender\":1,\"glassesNeed\":\"\",\"identificationNumber\":\"\",\"isDelete\":0,\"medicalInsuranceAccount\":\"\",\"name\":\"测4\",\"occupation\":\"\",\"params\":{},\"phoneNumber\":\"123456\",\"qqNumber\":\"\",\"remarks\":\"\",\"updateTime\":\"2024-08-13 14:50:35\",\"userId\":6,\"wechat\":\"\"}','{\"msg\":\"操作成功\",\"code\":200}',0,NULL,'2024-08-13 14:50:46',9),(268,'门店成员信息',2,'com.ruoyi.web.controller.store.MxStoreMemberController.edit()','PUT',1,'admin',NULL,'/system/member','127.0.0.1','内网IP','{\"isDelete\":0,\"optometristUserId\":3,\"params\":{},\"post\":3,\"storeId\":12,\"updateTime\":\"2024-08-13 15:13:37\",\"userId\":6}',NULL,1,'该用户已存在','2024-08-13 15:13:37',10),(269,'门店成员信息',2,'com.ruoyi.web.controller.store.MxStoreMemberController.edit()','PUT',1,'admin',NULL,'/system/member','127.0.0.1','内网IP','{\"isDelete\":0,\"optometristUserId\":3,\"params\":{},\"post\":3,\"storeId\":12,\"updateTime\":\"2024-08-13 15:14:22\",\"userId\":6}',NULL,1,'该用户已存在','2024-08-13 15:14:22',3),(270,'门店成员信息',2,'com.ruoyi.web.controller.store.MxStoreMemberController.edit()','PUT',1,'admin',NULL,'/system/member','127.0.0.1','内网IP','{\"isDelete\":0,\"optometristUserId\":3,\"params\":{},\"post\":3,\"storeId\":12,\"updateTime\":\"2024-08-13 15:16:57\",\"userId\":6}',NULL,1,'该用户已存在','2024-08-13 15:16:57',3),(271,'门店成员信息',2,'com.ruoyi.web.controller.store.MxStoreMemberController.edit()','PUT',1,'admin',NULL,'/system/member','127.0.0.1','内网IP','{\"isDelete\":0,\"params\":{},\"post\":3,\"storeId\":12,\"updateTime\":\"2024-08-13 15:18:58\",\"userId\":6}',NULL,1,'该用户已存在','2024-08-13 15:18:58',4),(272,'门店成员信息',3,'com.ruoyi.web.controller.store.MxStoreMemberController.remove()','DELETE',1,'admin',NULL,'/system/member/12','127.0.0.1','内网IP','{}','{\"msg\":\"操作成功\",\"code\":200}',0,NULL,'2024-08-13 15:21:23',11),(273,'门店成员信息',2,'com.ruoyi.web.controller.store.MxStoreMemberController.edit()','PUT',1,'admin',NULL,'/system/member','127.0.0.1','内网IP','{\"isDelete\":0,\"optometristUserId\":1,\"params\":{},\"post\":3,\"storeId\":10,\"updateTime\":\"2024-08-13 15:22:17\",\"userId\":6}',NULL,1,'该用户已存在','2024-08-13 15:22:17',4),(274,'菜单管理',1,'com.ruoyi.web.controller.system.SysMenuController.add()','POST',1,'admin',NULL,'/system/menu','127.0.0.1','内网IP','{\"children\":[],\"component\":\"system/mxuser/optometryData\",\"createBy\":\"admin\",\"isCache\":\"0\",\"isFrame\":\"1\",\"menuName\":\"用户验光数据\",\"menuType\":\"C\",\"orderNum\":2,\"params\":{},\"parentId\":2002,\"path\":\"optometryData\",\"status\":\"1\",\"visible\":\"1\"}','{\"msg\":\"操作成功\",\"code\":200}',0,NULL,'2024-08-15 10:26:02',21),(275,'菜单管理',2,'com.ruoyi.web.controller.system.SysMenuController.edit()','PUT',1,'admin',NULL,'/system/menu','127.0.0.1','内网IP','{\"children\":[],\"component\":\"system/mxuser/optometryData/index\",\"createTime\":\"2024-08-15 10:26:02\",\"icon\":\"#\",\"isCache\":\"0\",\"isFrame\":\"1\",\"menuId\":2013,\"menuName\":\"用户验光数据\",\"menuType\":\"C\",\"orderNum\":2,\"params\":{},\"parentId\":2002,\"path\":\"optometryData\",\"perms\":\"\",\"status\":\"0\",\"updateBy\":\"admin\",\"visible\":\"1\"}','{\"msg\":\"操作成功\",\"code\":200}',0,NULL,'2024-08-15 10:29:56',20),(276,'菜单管理',2,'com.ruoyi.web.controller.system.SysMenuController.edit()','PUT',1,'admin',NULL,'/system/menu','127.0.0.1','内网IP','{\"children\":[],\"component\":\"system/mxuser/optometryData/index\",\"createTime\":\"2024-08-15 10:26:02\",\"icon\":\"#\",\"isCache\":\"0\",\"isFrame\":\"1\",\"menuId\":2013,\"menuName\":\"用户验光数据\",\"menuType\":\"C\",\"orderNum\":2,\"params\":{},\"parentId\":2002,\"path\":\"optometryData\",\"perms\":\"\",\"status\":\"0\",\"updateBy\":\"admin\",\"visible\":\"0\"}','{\"msg\":\"操作成功\",\"code\":200}',0,NULL,'2024-08-15 10:30:06',5),(277,'菜单管理',2,'com.ruoyi.web.controller.system.SysMenuController.edit()','PUT',1,'admin',NULL,'/system/menu','127.0.0.1','内网IP','{\"children\":[],\"component\":\"system/mxuser/optometryData/index\",\"createTime\":\"2024-08-15 10:26:02\",\"icon\":\"#\",\"isCache\":\"0\",\"isFrame\":\"1\",\"menuId\":2013,\"menuName\":\"用户验光数据\",\"menuType\":\"C\",\"orderNum\":2,\"params\":{},\"parentId\":2002,\"path\":\"optometryData\",\"perms\":\"\",\"status\":\"1\",\"updateBy\":\"admin\",\"visible\":\"1\"}','{\"msg\":\"操作成功\",\"code\":200}',0,NULL,'2024-08-15 10:42:55',38),(278,'菜单管理',2,'com.ruoyi.web.controller.system.SysMenuController.edit()','PUT',1,'admin',NULL,'/system/menu','127.0.0.1','内网IP','{\"children\":[],\"component\":\"system/mxuser/optometryData/index\",\"createTime\":\"2024-08-15 10:26:02\",\"icon\":\"#\",\"isCache\":\"0\",\"isFrame\":\"1\",\"menuId\":2013,\"menuName\":\"用户验光数据\",\"menuType\":\"C\",\"orderNum\":2,\"params\":{},\"parentId\":2002,\"path\":\"optometryData\",\"perms\":\"\",\"status\":\"0\",\"updateBy\":\"admin\",\"visible\":\"1\"}','{\"msg\":\"操作成功\",\"code\":200}',0,NULL,'2024-08-15 10:44:58',19),(279,'菜单管理',2,'com.ruoyi.web.controller.system.SysMenuController.edit()','PUT',1,'admin',NULL,'/system/menu','127.0.0.1','内网IP','{\"children\":[],\"component\":\"system/mxuser/optometryData/index\",\"createTime\":\"2024-08-15 10:26:02\",\"icon\":\"#\",\"isCache\":\"0\",\"isFrame\":\"1\",\"menuId\":2013,\"menuName\":\"用户验光数据折线图\",\"menuType\":\"C\",\"orderNum\":2,\"params\":{},\"parentId\":2002,\"path\":\"optometryData\",\"perms\":\"\",\"status\":\"0\",\"updateBy\":\"admin\",\"visible\":\"1\"}','{\"msg\":\"操作成功\",\"code\":200}',0,NULL,'2024-08-15 10:53:12',18),(280,'门店信息',1,'com.ruoyi.web.controller.store.MxStoreController.add()','POST',1,'admin',NULL,'/system/store','127.0.0.1','内网IP','{\"brandId\":\"dfzd\",\"createTime\":\"2024-08-15 10:55:36\",\"params\":{},\"storeId\":13,\"storeNameEnglish\":\"桂鱼得眼镜店\",\"storeNumber\":\"adasd\",\"userId\":2}','{\"msg\":\"操作成功\",\"code\":200}',0,NULL,'2024-08-15 10:55:36',29),(281,'门店成员信息',1,'com.ruoyi.web.controller.store.MxStoreMemberController.add()','POST',1,'admin',NULL,'/system/member','127.0.0.1','内网IP','{\"createTime\":\"2024-08-15 11:10:12\",\"isDelete\":0,\"params\":{},\"post\":2,\"storeId\":13,\"userId\":6}','{\"msg\":\"操作成功\",\"code\":200}',0,NULL,'2024-08-15 11:10:12',15),(282,'门店成员信息',1,'com.ruoyi.web.controller.store.MxStoreMemberController.add()','POST',1,'admin',NULL,'/system/member','127.0.0.1','内网IP','{\"createTime\":\"2024-08-15 11:10:33\",\"isDelete\":0,\"optometristUserId\":6,\"params\":{},\"post\":3,\"storeId\":13,\"userId\":5}','{\"msg\":\"操作成功\",\"code\":200}',0,NULL,'2024-08-15 11:10:33',4),(283,'门店成员信息',2,'com.ruoyi.web.controller.store.MxStoreMemberController.edit()','PUT',1,'admin',NULL,'/system/member','127.0.0.1','内网IP','{\"createTime\":\"2024-08-15 11:10:33\",\"isDelete\":0,\"optometristUserId\":2,\"params\":{},\"post\":3,\"storeId\":13,\"updateTime\":\"2024-08-15 14:27:50\",\"userId\":5}',NULL,1,'nested exception is org.apache.ibatis.exceptions.TooManyResultsException: Expected one result (or null) to be returned by selectOne(), but found: 2','2024-08-15 14:27:50',17),(284,'门店成员信息',2,'com.ruoyi.web.controller.store.MxStoreMemberController.edit()','PUT',1,'admin',NULL,'/system/member','127.0.0.1','内网IP','{\"createTime\":\"2024-08-15 11:10:33\",\"isDelete\":0,\"optometristUserId\":2,\"params\":{},\"post\":3,\"storeId\":13,\"updateTime\":\"2024-08-15 14:28:03\",\"userId\":5}',NULL,1,'nested exception is org.apache.ibatis.exceptions.TooManyResultsException: Expected one result (or null) to be returned by selectOne(), but found: 2','2024-08-15 14:28:03',7),(285,'门店成员信息',2,'com.ruoyi.web.controller.store.MxStoreMemberController.edit()','PUT',1,'admin',NULL,'/system/member','127.0.0.1','内网IP','{\"createTime\":\"2024-08-15 11:10:33\",\"isDelete\":0,\"optometristUserId\":2,\"params\":{},\"post\":3,\"storeId\":13,\"updateTime\":\"2024-08-15 14:29:11\",\"userId\":5}',NULL,1,'nested exception is org.apache.ibatis.exceptions.TooManyResultsException: Expected one result (or null) to be returned by selectOne(), but found: 2','2024-08-15 14:29:28',16594),(286,'门店成员信息',2,'com.ruoyi.web.controller.store.MxStoreMemberController.edit()','PUT',1,'admin',NULL,'/system/member','127.0.0.1','内网IP','{\"createTime\":\"2024-08-15 11:10:33\",\"isDelete\":0,\"optometristUserId\":2,\"params\":{},\"post\":3,\"storeId\":13,\"updateTime\":\"2024-08-15 14:31:34\",\"userId\":5}',NULL,1,'该用户已存在','2024-08-15 14:31:34',12),(287,'门店成员信息',2,'com.ruoyi.web.controller.store.MxStoreMemberController.edit()','PUT',1,'admin',NULL,'/system/member','127.0.0.1','内网IP','{\"createTime\":\"2024-08-15 11:10:33\",\"isDelete\":0,\"optometristUserId\":2,\"params\":{},\"post\":3,\"storeId\":13,\"updateTime\":\"2024-08-15 14:33:27\",\"userId\":5}','{\"msg\":\"操作成功\",\"code\":200}',0,NULL,'2024-08-15 14:33:27',32),(288,'门店成员信息',2,'com.ruoyi.web.controller.store.MxStoreMemberController.edit()','PUT',1,'admin',NULL,'/system/member','127.0.0.1','内网IP','{\"createTime\":\"2024-08-15 11:10:33\",\"isDelete\":0,\"optometristUserId\":6,\"params\":{},\"post\":3,\"storeId\":13,\"updateTime\":\"2024-08-15 14:33:41\",\"userId\":5}','{\"msg\":\"操作成功\",\"code\":200}',0,NULL,'2024-08-15 14:33:41',14),(289,'门店成员信息',5,'com.ruoyi.web.controller.store.MxStoreMemberController.export()','POST',1,'admin',NULL,'/system/member/export','127.0.0.1','内网IP','{\"pageSize\":\"10\",\"storeId\":\"10\",\"pageNum\":\"1\"}',NULL,0,NULL,'2024-08-15 18:21:33',1108),(290,'用户信息',3,'com.ruoyi.web.controller.user.MxUserController.remove()','DELETE',1,'admin',NULL,'/system/mxuser/5','127.0.0.1','内网IP','{}','{\"msg\":\"操作成功\",\"code\":200}',0,NULL,'2024-08-15 18:53:06',17),(291,'用户头像',2,'com.ruoyi.web.controller.system.SysProfileController.avatar()','POST',1,'admin',NULL,'/system/user/profile/avatar','121.228.86.104','XX XX','','{\"msg\":\"操作成功\",\"imgUrl\":\"/profile/avatar/2024/08/26/blob_20240826145329A001.png\",\"code\":200}',0,NULL,'2024-08-26 14:53:29',103),(292,'用户信息',1,'com.ruoyi.web.controller.user.MxUserController.add()','POST',1,'admin',NULL,'/system/mxuser','121.224.240.205','XX XX','{\"createTime\":\"2024-10-10 13:13:08\",\"gender\":1,\"isDelete\":1,\"params\":{},\"phoneNumber\":\"17751070969\",\"userId\":1}','{\"msg\":\"操作成功\",\"code\":200}',0,NULL,'2024-10-10 13:13:08',23),(293,'门店信息',1,'com.ruoyi.web.controller.store.MxStoreController.add()','POST',1,'admin',NULL,'/system/store','121.224.240.205','江苏省苏州市 电信','{\"brandId\":\"zxczx\",\"createTime\":\"2024-10-10 13:14:41\",\"isDelete\":0,\"params\":{},\"storeId\":1,\"storeNameEnglish\":\"测试\",\"storeNumber\":\"asdas\",\"userId\":1}','{\"msg\":\"操作成功\",\"code\":200}',0,NULL,'2024-10-10 13:14:42',26),(294,'用户信息',2,'com.ruoyi.web.controller.user.MxUserController.edit()','PUT',1,'admin',NULL,'/system/mxuser','121.224.240.205','XX XX','{\"city\":\"\",\"company\":\"\",\"contactAddress\":\"\",\"createTime\":\"2024-10-10 13:13:08\",\"dominantEye\":\"\",\"emailAddress\":\"\",\"gender\":1,\"glassesNeed\":\"\",\"identificationNumber\":\"\",\"isDelete\":1,\"medicalInsuranceAccount\":\"\",\"name\":\"\",\"occupation\":\"\",\"params\":{},\"phoneNumber\":\"17751070969\",\"qqNumber\":\"\",\"remarks\":\"\",\"updateTime\":\"2024-10-10 13:13:08\",\"userId\":1,\"wechat\":\"\"}','{\"msg\":\"操作成功\",\"code\":200}',0,NULL,'2024-10-10 13:15:04',10),(295,'用户信息',2,'com.ruoyi.web.controller.user.MxUserController.edit()','PUT',1,'admin',NULL,'/system/mxuser','121.224.240.205','XX XX','{\"city\":\"\",\"company\":\"\",\"contactAddress\":\"\",\"createTime\":\"2024-10-10 13:13:08\",\"dominantEye\":\"\",\"emailAddress\":\"\",\"gender\":1,\"glassesNeed\":\"\",\"identificationNumber\":\"\",\"isDelete\":1,\"medicalInsuranceAccount\":\"\",\"name\":\"\",\"occupation\":\"\",\"params\":{},\"phoneNumber\":\"17751070969\",\"qqNumber\":\"\",\"remarks\":\"\",\"updateTime\":\"2024-10-10 13:13:08\",\"userId\":1,\"wechat\":\"\"}','{\"msg\":\"操作成功\",\"code\":200}',0,NULL,'2024-10-10 13:15:12',13),(296,'用户信息',2,'com.ruoyi.web.controller.user.MxUserController.edit()','PUT',1,'admin',NULL,'/system/mxuser','121.224.240.205','江苏省苏州市 电信','{\"city\":\"\",\"company\":\"\",\"contactAddress\":\"\",\"createTime\":\"2024-10-10 13:13:08\",\"dominantEye\":\"\",\"emailAddress\":\"\",\"gender\":1,\"glassesNeed\":\"\",\"identificationNumber\":\"\",\"isDelete\":1,\"medicalInsuranceAccount\":\"\",\"name\":\"\",\"occupation\":\"\",\"params\":{},\"phoneNumber\":\"17751070969\",\"qqNumber\":\"\",\"remarks\":\"\",\"updateTime\":\"2024-10-10 13:13:08\",\"userId\":1,\"wechat\":\"\"}','{\"msg\":\"操作成功\",\"code\":200}',0,NULL,'2024-10-10 13:15:17',12),(297,'用户头像',2,'com.ruoyi.web.controller.system.SysProfileController.avatar()','POST',1,'admin',NULL,'/system/user/profile/avatar','121.224.240.205','江苏省苏州市 电信','','{\"msg\":\"操作成功\",\"imgUrl\":\"/profile/avatar/2024/10/10/blob_20241010141618A001.png\",\"code\":200}',0,NULL,'2024-10-10 14:16:18',97),(298,'用户信息',2,'com.ruoyi.web.controller.user.MxUserController.edit()','PUT',1,'admin',NULL,'/system/mxuser','121.224.240.205','XX XX','{\"city\":\"\",\"company\":\"\",\"contactAddress\":\"\",\"createTime\":\"2024-10-10 13:13:08\",\"dominantEye\":\"\",\"emailAddress\":\"\",\"gender\":1,\"glassesNeed\":\"\",\"identificationNumber\":\"\",\"isDelete\":0,\"medicalInsuranceAccount\":\"\",\"name\":\"桂花鱼\",\"occupation\":\"\",\"params\":{},\"phoneNumber\":\"17751070969\",\"qqNumber\":\"\",\"remarks\":\"\",\"updateTime\":\"2024-10-10 13:15:40\",\"userId\":1,\"wechat\":\"\"}','{\"msg\":\"操作成功\",\"code\":200}',0,NULL,'2024-10-10 15:03:48',10),(299,'角色管理',2,'com.ruoyi.web.controller.system.SysRoleController.edit()','PUT',1,'admin',NULL,'/system/role','121.224.240.205','江苏省苏州市 电信','{\"admin\":false,\"createTime\":\"2023-10-26 10:27:01\",\"dataScope\":\"2\",\"delFlag\":\"0\",\"deptCheckStrictly\":true,\"flag\":false,\"menuCheckStrictly\":true,\"menuIds\":[1,107,1035,1036,1037,1038,2002,2003,2013,2016,2017,2018,2004,2005,2006,2007,2008,2012,2010,2011,2019,2020],\"params\":{},\"remark\":\"普通角色\",\"roleId\":2,\"roleKey\":\"common\",\"roleName\":\"普通角色\",\"roleSort\":2,\"status\":\"0\",\"updateBy\":\"admin\"}','{\"msg\":\"操作成功\",\"code\":200}',0,NULL,'2024-10-10 15:04:30',88),(300,'用户信息',1,'com.ruoyi.web.controller.user.MxUserController.add()','POST',1,'admin',NULL,'/system/mxuser','49.73.107.76','XX XX','{\"age\":1,\"createTime\":\"2024-11-19 13:29:31\",\"dateOfBirth\":\"2024-11-19\",\"gender\":1,\"isDelete\":1,\"name\":\"紫菜汤\",\"params\":{},\"phoneNumber\":\"18775075395\",\"userId\":2}','{\"msg\":\"操作成功\",\"code\":200}',0,NULL,'2024-11-19 13:29:31',19),(301,'用户信息',2,'com.ruoyi.web.controller.user.MxUserController.edit()','PUT',1,'admin',NULL,'/system/mxuser','49.73.107.76','XX XX','{\"age\":1,\"city\":\"\",\"company\":\"\",\"contactAddress\":\"\",\"createTime\":\"2024-11-19 13:29:32\",\"dateOfBirth\":\"2024-11-19\",\"dominantEye\":\"\",\"emailAddress\":\"\",\"gender\":1,\"glassesNeed\":\"\",\"identificationNumber\":\"\",\"isDelete\":1,\"medicalInsuranceAccount\":\"\",\"name\":\"紫菜汤\",\"occupation\":\"\",\"params\":{},\"phoneNumber\":\"18775075395\",\"qqNumber\":\"\",\"remarks\":\"\",\"updateTime\":\"2024-11-19 13:29:31\",\"userId\":2,\"wechat\":\"\"}','{\"msg\":\"操作成功\",\"code\":200}',0,NULL,'2024-11-19 13:29:42',10),(302,'用户信息',2,'com.ruoyi.web.controller.user.MxUserController.edit()','PUT',1,'admin',NULL,'/system/mxuser','49.73.107.76','XX XX','{\"age\":1,\"city\":\"\",\"company\":\"\",\"contactAddress\":\"\",\"createTime\":\"2024-11-19 13:29:32\",\"dateOfBirth\":\"2024-11-19\",\"dominantEye\":\"\",\"emailAddress\":\"\",\"gender\":1,\"glassesNeed\":\"\",\"identificationNumber\":\"\",\"isDelete\":1,\"medicalInsuranceAccount\":\"\",\"name\":\"紫菜汤\",\"occupation\":\"\",\"params\":{},\"phoneNumber\":\"18775075395\",\"qqNumber\":\"\",\"remarks\":\"\",\"updateTime\":\"2024-11-19 13:29:31\",\"userId\":2,\"wechat\":\"\"}','{\"msg\":\"操作成功\",\"code\":200}',0,NULL,'2024-11-19 13:29:57',8),(303,'用户信息',2,'com.ruoyi.web.controller.user.MxUserController.edit()','PUT',1,'admin',NULL,'/system/mxuser','49.73.107.76','江苏省苏州市 电信','{\"age\":1,\"city\":\"\",\"company\":\"\",\"contactAddress\":\"\",\"createTime\":\"2024-11-19 13:29:32\",\"dateOfBirth\":\"2024-11-19\",\"dominantEye\":\"\",\"emailAddress\":\"\",\"gender\":1,\"glassesNeed\":\"\",\"identificationNumber\":\"\",\"isDelete\":1,\"medicalInsuranceAccount\":\"\",\"name\":\"紫菜汤\",\"occupation\":\"\",\"params\":{},\"phoneNumber\":\"18775075395\",\"qqNumber\":\"\",\"remarks\":\"\",\"updateTime\":\"2024-11-19 13:29:31\",\"userId\":2,\"wechat\":\"\"}','{\"msg\":\"操作成功\",\"code\":200}',0,NULL,'2024-11-19 13:30:05',9),(304,'用户信息',2,'com.ruoyi.web.controller.user.MxUserController.edit()','PUT',1,'admin',NULL,'/system/mxuser','49.73.107.76','江苏省苏州市 电信','{\"age\":1,\"city\":\"\",\"company\":\"\",\"contactAddress\":\"\",\"createTime\":\"2024-11-19 13:29:32\",\"dateOfBirth\":\"2024-11-19\",\"dominantEye\":\"\",\"emailAddress\":\"\",\"gender\":1,\"glassesNeed\":\"\",\"identificationNumber\":\"\",\"isDelete\":1,\"medicalInsuranceAccount\":\"\",\"name\":\"紫菜汤\",\"occupation\":\"\",\"params\":{},\"phoneNumber\":\"18775075395\",\"qqNumber\":\"\",\"remarks\":\"\",\"updateTime\":\"2024-11-19 13:29:31\",\"userId\":2,\"wechat\":\"\"}','{\"msg\":\"操作成功\",\"code\":200}',0,NULL,'2024-11-19 13:30:15',9),(305,'用户信息',2,'com.ruoyi.web.controller.user.MxUserController.edit()','PUT',1,'admin',NULL,'/system/mxuser','49.73.107.76','江苏省苏州市 电信','{\"age\":1,\"city\":\"\",\"company\":\"\",\"contactAddress\":\"\",\"createTime\":\"2024-11-19 13:29:32\",\"dateOfBirth\":\"2024-11-19\",\"dominantEye\":\"\",\"emailAddress\":\"\",\"gender\":1,\"glassesNeed\":\"\",\"identificationNumber\":\"\",\"isDelete\":1,\"medicalInsuranceAccount\":\"\",\"name\":\"紫菜汤\",\"occupation\":\"\",\"params\":{},\"phoneNumber\":\"18775075395\",\"qqNumber\":\"\",\"remarks\":\"\",\"updateTime\":\"2024-11-19 13:29:31\",\"userId\":2,\"wechat\":\"\"}','{\"msg\":\"操作成功\",\"code\":200}',0,NULL,'2024-11-19 13:30:21',8),(306,'用户信息',2,'com.ruoyi.web.controller.user.MxUserController.edit()','PUT',1,'admin',NULL,'/system/mxuser','49.73.107.76','XX XX','{\"age\":1,\"city\":\"\",\"company\":\"\",\"contactAddress\":\"\",\"createTime\":\"2024-11-19 13:29:32\",\"dateOfBirth\":\"2024-11-19\",\"dominantEye\":\"\",\"emailAddress\":\"\",\"gender\":1,\"glassesNeed\":\"\",\"identificationNumber\":\"\",\"isDelete\":1,\"medicalInsuranceAccount\":\"\",\"name\":\"紫菜汤\",\"occupation\":\"\",\"params\":{},\"phoneNumber\":\"18775075395\",\"qqNumber\":\"\",\"remarks\":\"\",\"updateTime\":\"2024-11-19 13:29:31\",\"userId\":2,\"wechat\":\"\"}','{\"msg\":\"操作成功\",\"code\":200}',0,NULL,'2024-11-19 13:30:32',8),(307,'用户信息',2,'com.ruoyi.web.controller.user.MxUserController.edit()','PUT',1,'admin',NULL,'/system/mxuser','49.73.107.76','XX XX','{\"age\":1,\"city\":\"\",\"company\":\"\",\"contactAddress\":\"\",\"createTime\":\"2024-11-19 13:29:32\",\"dateOfBirth\":\"2024-11-19\",\"dominantEye\":\"\",\"emailAddress\":\"\",\"gender\":1,\"glassesNeed\":\"\",\"identificationNumber\":\"\",\"isDelete\":1,\"medicalInsuranceAccount\":\"\",\"name\":\"紫菜汤\",\"occupation\":\"\",\"params\":{},\"phoneNumber\":\"18775075395\",\"qqNumber\":\"\",\"remarks\":\"\",\"updateTime\":\"2024-11-19 13:29:31\",\"userId\":2,\"wechat\":\"\"}','{\"msg\":\"操作成功\",\"code\":200}',0,NULL,'2024-11-19 13:31:01',8),(308,'菜单管理',2,'com.ruoyi.web.controller.system.SysMenuController.edit()','PUT',1,'admin',NULL,'/system/menu','49.73.107.76','XX XX','{\"children\":[],\"component\":\"system/picture/index\",\"createTime\":\"2024-09-05 11:28:18\",\"icon\":\"#\",\"isCache\":\"0\",\"isFrame\":\"1\",\"menuId\":2016,\"menuName\":\"图片管理\",\"menuType\":\"C\",\"orderNum\":3,\"params\":{},\"parentId\":2002,\"path\":\"picture\",\"perms\":\"\",\"status\":\"0\",\"updateBy\":\"admin\",\"visible\":\"0\"}','{\"msg\":\"操作成功\",\"code\":200}',0,NULL,'2024-11-20 10:25:47',31),(309,'视图图片',2,'com.ruoyi.web.controller.user.MxPictureController.edit()','PUT',1,'admin',NULL,'/system/picture','49.73.107.76','XX XX','{\"createTime\":\"2024-09-05 11:16:37\",\"params\":{},\"picture\":\"/profile/avatar/2024/11/20/icon_leffer_thumbnail_2_20241120103249A002.png\",\"pictureId\":2,\"updateTime\":\"2024-11-20 10:32:49\",\"xmIconid\":2}','{\"msg\":\"操作成功\",\"code\":200}',0,NULL,'2024-11-20 10:32:50',13),(310,'视图图片',2,'com.ruoyi.web.controller.user.MxPictureController.edit()','PUT',1,'admin',NULL,'/system/picture','49.73.107.76','江苏省苏州市 电信','{\"createTime\":\"2024-09-05 11:16:37\",\"params\":{},\"picture\":\"/profile/avatar/2024/11/20/icon_leffer_thumbnail_pro_1_20241120103311A003.png\",\"pictureId\":2,\"updateTime\":\"2024-11-20 10:33:11\",\"xmIconid\":1}','{\"msg\":\"操作成功\",\"code\":200}',0,NULL,'2024-11-20 10:33:11',8),(311,'视图图片',1,'com.ruoyi.web.controller.user.MxPictureController.add()','POST',1,'admin',NULL,'/system/picture','49.73.107.76','江苏省苏州市 电信','{\"createTime\":\"2024-11-20 10:33:43\",\"params\":{},\"picture\":\"/profile/avatar/2024/11/20/icon_leffer_thumbnail_pro_2_20241120103343A004.png\",\"pictureId\":3,\"xmIconid\":2}','{\"msg\":\"操作成功\",\"code\":200}',0,NULL,'2024-11-20 10:33:44',8),(312,'视图图片',1,'com.ruoyi.web.controller.user.MxPictureController.add()','POST',1,'admin',NULL,'/system/picture','49.73.107.76','江苏省苏州市 电信','{\"createTime\":\"2024-11-20 10:33:56\",\"params\":{},\"picture\":\"/profile/avatar/2024/11/20/icon_leffer_thumbnail_pro_3_20241120103355A005.png\",\"pictureId\":4,\"xmIconid\":3}','{\"msg\":\"操作成功\",\"code\":200}',0,NULL,'2024-11-20 10:33:56',8),(313,'视图图片',1,'com.ruoyi.web.controller.user.MxPictureController.add()','POST',1,'admin',NULL,'/system/picture','49.73.107.76','江苏省苏州市 电信','{\"createTime\":\"2024-11-20 10:34:11\",\"params\":{},\"picture\":\"/profile/avatar/2024/11/20/icon_leffer_thumbnail_pro_4_20241120103411A006.png\",\"pictureId\":5,\"xmIconid\":4}','{\"msg\":\"操作成功\",\"code\":200}',0,NULL,'2024-11-20 10:34:12',8),(314,'视图图片',1,'com.ruoyi.web.controller.user.MxPictureController.add()','POST',1,'admin',NULL,'/system/picture','49.73.107.76','XX XX','{\"createTime\":\"2024-11-20 10:34:27\",\"params\":{},\"picture\":\"/profile/avatar/2024/11/20/icon_digit_thumbnail_pro_4_20241120103427A007.png\",\"pictureId\":6,\"xmIconid\":5}','{\"msg\":\"操作成功\",\"code\":200}',0,NULL,'2024-11-20 10:34:28',8),(315,'视图图片',1,'com.ruoyi.web.controller.user.MxPictureController.add()','POST',1,'admin',NULL,'/system/picture','49.73.107.76','XX XX','{\"createTime\":\"2024-11-20 10:34:46\",\"params\":{},\"picture\":\"/profile/avatar/2024/11/20/icon_digit_thumbnail_pro_1_20241120103446A008.png\",\"pictureId\":7,\"xmIconid\":6}','{\"msg\":\"操作成功\",\"code\":200}',0,NULL,'2024-11-20 10:34:47',10),(316,'视图图片',1,'com.ruoyi.web.controller.user.MxPictureController.add()','POST',1,'admin',NULL,'/system/picture','49.73.107.76','江苏省苏州市 电信','{\"createTime\":\"2024-11-20 10:35:00\",\"params\":{},\"picture\":\"/profile/avatar/2024/11/20/icon_digit_thumbnail_pro_2_20241120103500A009.png\",\"pictureId\":8,\"xmIconid\":7}','{\"msg\":\"操作成功\",\"code\":200}',0,NULL,'2024-11-20 10:35:01',11),(317,'视图图片',1,'com.ruoyi.web.controller.user.MxPictureController.add()','POST',1,'admin',NULL,'/system/picture','49.73.107.76','XX XX','{\"createTime\":\"2024-11-20 10:35:13\",\"params\":{},\"picture\":\"/profile/avatar/2024/11/20/icon_digit_thumbnail_pro_3_20241120103513A010.png\",\"pictureId\":9,\"xmIconid\":8}','{\"msg\":\"操作成功\",\"code\":200}',0,NULL,'2024-11-20 10:35:14',9),(318,'视图图片',1,'com.ruoyi.web.controller.user.MxPictureController.add()','POST',1,'admin',NULL,'/system/picture','49.73.107.76','XX XX','{\"createTime\":\"2024-11-20 10:35:40\",\"params\":{},\"picture\":\"/profile/avatar/2024/11/20/icon_e_thumbnail_pro_1_20241120103540A011.png\",\"pictureId\":10,\"xmIconid\":9}','{\"msg\":\"操作成功\",\"code\":200}',0,NULL,'2024-11-20 10:35:41',9),(319,'视图图片',1,'com.ruoyi.web.controller.user.MxPictureController.add()','POST',1,'admin',NULL,'/system/picture','49.73.107.76','江苏省苏州市 电信','{\"createTime\":\"2024-11-20 10:35:52\",\"params\":{},\"picture\":\"/profile/avatar/2024/11/20/icon_e_thumbnail_pro_2_20241120103552A012.png\",\"pictureId\":11,\"xmIconid\":10}','{\"msg\":\"操作成功\",\"code\":200}',0,NULL,'2024-11-20 10:35:53',8),(320,'视图图片',1,'com.ruoyi.web.controller.user.MxPictureController.add()','POST',1,'admin',NULL,'/system/picture','49.73.107.76','XX XX','{\"createTime\":\"2024-11-20 10:36:05\",\"params\":{},\"picture\":\"/profile/avatar/2024/11/20/icon_e_thumbnail_pro_3_20241120103604A013.png\",\"pictureId\":12,\"xmIconid\":11}','{\"msg\":\"操作成功\",\"code\":200}',0,NULL,'2024-11-20 10:36:05',9),(321,'视图图片',1,'com.ruoyi.web.controller.user.MxPictureController.add()','POST',1,'admin',NULL,'/system/picture','49.73.107.76','江苏省苏州市 电信','{\"createTime\":\"2024-11-20 10:36:15\",\"params\":{},\"picture\":\"/profile/avatar/2024/11/20/icon_e_thumbnail_pro_4_20241120103615A014.png\",\"pictureId\":13,\"xmIconid\":12}','{\"msg\":\"操作成功\",\"code\":200}',0,NULL,'2024-11-20 10:36:16',10),(322,'视图图片',1,'com.ruoyi.web.controller.user.MxPictureController.add()','POST',1,'admin',NULL,'/system/picture','49.73.107.76','江苏省苏州市 电信','{\"createTime\":\"2024-11-20 10:36:38\",\"params\":{},\"picture\":\"/profile/avatar/2024/11/20/icon_number_thumbnail_pro_3_20241120103638A015.png\",\"pictureId\":14,\"xmIconid\":0}','{\"msg\":\"操作成功\",\"code\":200}',0,NULL,'2024-11-20 10:36:39',9),(323,'视图图片',1,'com.ruoyi.web.controller.user.MxPictureController.add()','POST',1,'admin',NULL,'/system/picture','49.73.107.76','XX XX','{\"createTime\":\"2024-11-20 10:36:56\",\"params\":{},\"picture\":\"/profile/avatar/2024/11/20/icon_number_thumbnail_pro_1_20241120103656A016.png\",\"pictureId\":15,\"xmIconid\":13}','{\"msg\":\"操作成功\",\"code\":200}',0,NULL,'2024-11-20 10:36:57',9),(324,'视图图片',1,'com.ruoyi.web.controller.user.MxPictureController.add()','POST',1,'admin',NULL,'/system/picture','49.73.107.76','XX XX','{\"createTime\":\"2024-11-20 10:37:08\",\"params\":{},\"picture\":\"/profile/avatar/2024/11/20/icon_number_thumbnail_pro_2_20241120103708A017.png\",\"pictureId\":16,\"xmIconid\":14}','{\"msg\":\"操作成功\",\"code\":200}',0,NULL,'2024-11-20 10:37:09',10),(325,'视图图片',1,'com.ruoyi.web.controller.user.MxPictureController.add()','POST',1,'admin',NULL,'/system/picture','49.73.107.76','江苏省苏州市 电信','{\"createTime\":\"2024-11-20 10:37:16\",\"params\":{},\"picture\":\"/profile/avatar/2024/11/20/icon_number_thumbnail_pro_2_20241120103716A018.png\",\"pictureId\":17,\"xmIconid\":15}','{\"msg\":\"操作成功\",\"code\":200}',0,NULL,'2024-11-20 10:37:16',9),(326,'视图图片',2,'com.ruoyi.web.controller.user.MxPictureController.edit()','PUT',1,'admin',NULL,'/system/picture','49.73.107.76','江苏省苏州市 电信','{\"createTime\":\"2024-11-20 10:37:16\",\"params\":{},\"picture\":\"/profile/avatar/2024/11/20/icon_number_thumbnail_pro_4_20241120103755A019.png\",\"pictureId\":17,\"updateTime\":\"2024-11-20 10:37:55\",\"xmIconid\":15}','{\"msg\":\"操作成功\",\"code\":200}',0,NULL,'2024-11-20 10:37:56',8),(327,'视图图片',1,'com.ruoyi.web.controller.user.MxPictureController.add()','POST',1,'admin',NULL,'/system/picture','49.73.107.76','江苏省苏州市 电信','{\"createTime\":\"2024-11-20 10:38:09\",\"params\":{},\"picture\":\"/profile/avatar/2024/11/20/icon_number_thumbnail_pro_5_20241120103809A020.png\",\"pictureId\":18,\"xmIconid\":16}','{\"msg\":\"操作成功\",\"code\":200}',0,NULL,'2024-11-20 10:38:10',8),(328,'视图图片',1,'com.ruoyi.web.controller.user.MxPictureController.add()','POST',1,'admin',NULL,'/system/picture','49.73.107.76','XX XX','{\"createTime\":\"2024-11-20 10:38:31\",\"params\":{},\"picture\":\"/profile/avatar/2024/11/20/icon_children_thumbnail_pro_3_20241120103831A021.png\",\"pictureId\":19,\"xmIconid\":17}','{\"msg\":\"操作成功\",\"code\":200}',0,NULL,'2024-11-20 10:38:32',8),(329,'视图图片',1,'com.ruoyi.web.controller.user.MxPictureController.add()','POST',1,'admin',NULL,'/system/picture','49.73.107.76','XX XX','{\"createTime\":\"2024-11-20 10:38:42\",\"params\":{},\"picture\":\"/profile/avatar/2024/11/20/icon_children_thumbnail_pro_1_20241120103842A022.png\",\"pictureId\":20,\"xmIconid\":18}','{\"msg\":\"操作成功\",\"code\":200}',0,NULL,'2024-11-20 10:38:43',8),(330,'视图图片',1,'com.ruoyi.web.controller.user.MxPictureController.add()','POST',1,'admin',NULL,'/system/picture','49.73.107.76','XX XX','{\"createTime\":\"2024-11-20 10:38:56\",\"params\":{},\"picture\":\"/profile/avatar/2024/11/20/icon_children_thumbnail_pro_2_20241120103856A023.png\",\"pictureId\":21,\"xmIconid\":19}','{\"msg\":\"操作成功\",\"code\":200}',0,NULL,'2024-11-20 10:38:56',9),(331,'视图图片',1,'com.ruoyi.web.controller.user.MxPictureController.add()','POST',1,'admin',NULL,'/system/picture','49.73.107.76','XX XX','{\"createTime\":\"2024-11-20 10:39:31\",\"params\":{},\"picture\":\"/profile/avatar/2024/11/20/icon_digit_thumbnail_1_20241120103931A024.png\",\"pictureId\":22,\"xmIconid\":144}','{\"msg\":\"操作成功\",\"code\":200}',0,NULL,'2024-11-20 10:39:32',9),(332,'视图图片',1,'com.ruoyi.web.controller.user.MxPictureController.add()','POST',1,'admin',NULL,'/system/picture','49.73.107.76','XX XX','{\"createTime\":\"2024-11-20 10:39:42\",\"params\":{},\"picture\":\"/profile/avatar/2024/11/20/icon_digit_thumbnail_2_20241120103942A025.png\",\"pictureId\":23,\"xmIconid\":145}','{\"msg\":\"操作成功\",\"code\":200}',0,NULL,'2024-11-20 10:39:43',8),(333,'视图图片',1,'com.ruoyi.web.controller.user.MxPictureController.add()','POST',1,'admin',NULL,'/system/picture','49.73.107.76','江苏省苏州市 电信','{\"createTime\":\"2024-11-20 10:39:54\",\"params\":{},\"picture\":\"/profile/avatar/2024/11/20/icon_digit_thumbnail_3_20241120103954A026.png\",\"pictureId\":24,\"xmIconid\":146}','{\"msg\":\"操作成功\",\"code\":200}',0,NULL,'2024-11-20 10:39:55',8),(334,'视图图片',1,'com.ruoyi.web.controller.user.MxPictureController.add()','POST',1,'admin',NULL,'/system/picture','49.73.107.76','XX XX','{\"createTime\":\"2024-11-20 10:40:11\",\"params\":{},\"picture\":\"/profile/avatar/2024/11/20/icon_digit_thumbnail_4_20241120104011A027.png\",\"pictureId\":25,\"xmIconid\":147}','{\"msg\":\"操作成功\",\"code\":200}',0,NULL,'2024-11-20 10:40:12',11),(335,'视图图片',1,'com.ruoyi.web.controller.user.MxPictureController.add()','POST',1,'admin',NULL,'/system/picture','49.73.107.76','XX XX','{\"createTime\":\"2024-11-20 10:40:36\",\"params\":{},\"picture\":\"/profile/avatar/2024/11/20/icon_leffer_thumbnail_1_20241120104036A028.png\",\"pictureId\":26,\"xmIconid\":192}','{\"msg\":\"操作成功\",\"code\":200}',0,NULL,'2024-11-20 10:40:37',9),(336,'视图图片',1,'com.ruoyi.web.controller.user.MxPictureController.add()','POST',1,'admin',NULL,'/system/picture','49.73.107.76','江苏省苏州市 电信','{\"createTime\":\"2024-11-20 10:40:48\",\"params\":{},\"picture\":\"/profile/avatar/2024/11/20/icon_leffer_thumbnail_2_20241120104048A029.png\",\"pictureId\":27,\"xmIconid\":193}','{\"msg\":\"操作成功\",\"code\":200}',0,NULL,'2024-11-20 10:40:49',9),(337,'视图图片',1,'com.ruoyi.web.controller.user.MxPictureController.add()','POST',1,'admin',NULL,'/system/picture','49.73.107.76','XX XX','{\"createTime\":\"2024-11-20 10:41:04\",\"params\":{},\"picture\":\"/profile/avatar/2024/11/20/icon_leffer_thumbnail_3_20241120104104A030.png\",\"pictureId\":28,\"xmIconid\":194}','{\"msg\":\"操作成功\",\"code\":200}',0,NULL,'2024-11-20 10:41:05',9),(338,'视图图片',1,'com.ruoyi.web.controller.user.MxPictureController.add()','POST',1,'admin',NULL,'/system/picture','49.73.107.76','江苏省苏州市 电信','{\"createTime\":\"2024-11-20 10:41:14\",\"params\":{},\"picture\":\"/profile/avatar/2024/11/20/icon_leffer_thumbnail_4_20241120104114A031.png\",\"pictureId\":29,\"xmIconid\":195}','{\"msg\":\"操作成功\",\"code\":200}',0,NULL,'2024-11-20 10:41:15',9),(339,'视图图片',1,'com.ruoyi.web.controller.user.MxPictureController.add()','POST',1,'admin',NULL,'/system/picture','49.73.107.76','XX XX','{\"createTime\":\"2024-11-20 10:41:29\",\"params\":{},\"picture\":\"/profile/avatar/2024/11/20/icon_e_thumbnail_2_20241120104129A032.png\",\"pictureId\":30,\"xmIconid\":98}','{\"msg\":\"操作成功\",\"code\":200}',0,NULL,'2024-11-20 10:41:30',8),(340,'视图图片',1,'com.ruoyi.web.controller.user.MxPictureController.add()','POST',1,'admin',NULL,'/system/picture','49.73.107.76','XX XX','{\"createTime\":\"2024-11-20 10:41:43\",\"params\":{},\"picture\":\"/profile/avatar/2024/11/20/icon_e_thumbnail_3_20241120104143A033.png\",\"pictureId\":31,\"xmIconid\":100}','{\"msg\":\"操作成功\",\"code\":200}',0,NULL,'2024-11-20 10:41:44',8),(341,'视图图片',1,'com.ruoyi.web.controller.user.MxPictureController.add()','POST',1,'admin',NULL,'/system/picture','49.73.107.76','XX XX','{\"createTime\":\"2024-11-20 10:41:54\",\"params\":{},\"picture\":\"/profile/avatar/2024/11/20/icon_e_thumbnail_4_20241120104154A034.png\",\"pictureId\":32,\"xmIconid\":101}','{\"msg\":\"操作成功\",\"code\":200}',0,NULL,'2024-11-20 10:41:55',15),(342,'视图图片',1,'com.ruoyi.web.controller.user.MxPictureController.add()','POST',1,'admin',NULL,'/system/picture','49.73.107.76','江苏省苏州市 电信','{\"createTime\":\"2024-11-20 10:42:06\",\"params\":{},\"picture\":\"/profile/avatar/2024/11/20/icon_e_thumbnail_6_20241120104206A035.png\",\"pictureId\":33,\"xmIconid\":102}','{\"msg\":\"操作成功\",\"code\":200}',0,NULL,'2024-11-20 10:42:07',8),(343,'视图图片',1,'com.ruoyi.web.controller.user.MxPictureController.add()','POST',1,'admin',NULL,'/system/picture','49.73.107.76','XX XX','{\"createTime\":\"2024-11-20 10:42:20\",\"params\":{},\"picture\":\"/profile/avatar/2024/11/20/icon_e_thumbnail_7_20241120104220A036.png\",\"pictureId\":34,\"xmIconid\":103}','{\"msg\":\"操作成功\",\"code\":200}',0,NULL,'2024-11-20 10:42:20',8),(344,'视图图片',1,'com.ruoyi.web.controller.user.MxPictureController.add()','POST',1,'admin',NULL,'/system/picture','49.73.107.76','XX XX','{\"createTime\":\"2024-11-20 10:42:39\",\"params\":{},\"picture\":\"/profile/avatar/2024/11/20/icon_e_thumbnail_5_20241120104239A037.png\",\"pictureId\":35,\"xmIconid\":104}','{\"msg\":\"操作成功\",\"code\":200}',0,NULL,'2024-11-20 10:42:40',10),(345,'视图图片',1,'com.ruoyi.web.controller.user.MxPictureController.add()','POST',1,'admin',NULL,'/system/picture','49.73.107.76','XX XX','{\"createTime\":\"2024-11-20 10:45:14\",\"params\":{},\"picture\":\"/profile/avatar/2024/11/20/icon_number_thumbnail_1_20241120104514A038.png\",\"pictureId\":36,\"xmIconid\":105}','{\"msg\":\"操作成功\",\"code\":200}',0,NULL,'2024-11-20 10:45:15',56),(346,'视图图片',1,'com.ruoyi.web.controller.user.MxPictureController.add()','POST',1,'admin',NULL,'/system/picture','49.73.107.76','XX XX','{\"createTime\":\"2024-11-20 10:45:24\",\"params\":{},\"picture\":\"/profile/avatar/2024/11/20/icon_number_thumbnail_2_20241120104524A039.png\",\"pictureId\":37,\"xmIconid\":106}','{\"msg\":\"操作成功\",\"code\":200}',0,NULL,'2024-11-20 10:45:25',10),(347,'视图图片',1,'com.ruoyi.web.controller.user.MxPictureController.add()','POST',1,'admin',NULL,'/system/picture','49.73.107.76','江苏省苏州市 电信','{\"createTime\":\"2024-11-20 10:45:42\",\"params\":{},\"picture\":\"/profile/avatar/2024/11/20/icon_number_thumbnail_3_20241120104542A040.png\",\"pictureId\":38,\"xmIconid\":107}','{\"msg\":\"操作成功\",\"code\":200}',0,NULL,'2024-11-20 10:45:43',10),(348,'视图图片',1,'com.ruoyi.web.controller.user.MxPictureController.add()','POST',1,'admin',NULL,'/system/picture','49.73.107.76','江苏省苏州市 电信','{\"createTime\":\"2024-11-20 10:46:23\",\"params\":{},\"picture\":\"/profile/avatar/2024/11/20/icon_number_thumbnail_4_20241120104623A041.png\",\"pictureId\":39,\"xmIconid\":108}','{\"msg\":\"操作成功\",\"code\":200}',0,NULL,'2024-11-20 10:46:24',8),(349,'视图图片',1,'com.ruoyi.web.controller.user.MxPictureController.add()','POST',1,'admin',NULL,'/system/picture','49.73.107.76','江苏省苏州市 电信','{\"createTime\":\"2024-11-20 10:46:53\",\"params\":{},\"picture\":\"/profile/avatar/2024/11/20/icon_children_thumbnail_1_20241120104653A042.png\",\"pictureId\":40,\"xmIconid\":203}','{\"msg\":\"操作成功\",\"code\":200}',0,NULL,'2024-11-20 10:46:54',8),(350,'视图图片',1,'com.ruoyi.web.controller.user.MxPictureController.add()','POST',1,'admin',NULL,'/system/picture','49.73.107.76','江苏省苏州市 电信','{\"createTime\":\"2024-11-20 10:53:05\",\"params\":{},\"picture\":\"/profile/avatar/2024/11/20/icon_children_thumbnail_2_20241120105305A043.png\",\"pictureId\":41,\"xmIconid\":204}','{\"msg\":\"操作成功\",\"code\":200}',0,NULL,'2024-11-20 10:53:06',12),(351,'视图图片',1,'com.ruoyi.web.controller.user.MxPictureController.add()','POST',1,'admin',NULL,'/system/picture','49.73.107.76','XX XX','{\"createTime\":\"2024-11-20 10:53:17\",\"params\":{},\"picture\":\"/profile/avatar/2024/11/20/icon_children_thumbnail_3_20241120105317A044.png\",\"pictureId\":42,\"xmIconid\":205}','{\"msg\":\"操作成功\",\"code\":200}',0,NULL,'2024-11-20 10:53:17',9),(352,'视图图片',1,'com.ruoyi.web.controller.user.MxPictureController.add()','POST',1,'admin',NULL,'/system/picture','49.73.107.76','江苏省苏州市 电信','{\"createTime\":\"2024-11-20 10:53:27\",\"params\":{},\"picture\":\"/profile/avatar/2024/11/20/icon_children_thumbnail_4_20241120105327A045.png\",\"pictureId\":43,\"xmIconid\":206}','{\"msg\":\"操作成功\",\"code\":200}',0,NULL,'2024-11-20 10:53:28',9),(353,'视图图片',1,'com.ruoyi.web.controller.user.MxPictureController.add()','POST',1,'admin',NULL,'/system/picture','49.73.107.76','XX XX','{\"createTime\":\"2024-11-20 10:57:48\",\"params\":{},\"picture\":\"/profile/avatar/2024/11/20/icon_function_2_20241120105748A046.png\",\"pictureId\":44,\"xmIconid\":113}','{\"msg\":\"操作成功\",\"code\":200}',0,NULL,'2024-11-20 10:57:49',8),(354,'视图图片',1,'com.ruoyi.web.controller.user.MxPictureController.add()','POST',1,'admin',NULL,'/system/picture','49.73.107.76','XX XX','{\"createTime\":\"2024-11-20 10:58:23\",\"params\":{},\"picture\":\"/profile/avatar/2024/11/20/icon_function_1_20241120105823A047.png\",\"pictureId\":45,\"xmIconid\":114}','{\"msg\":\"操作成功\",\"code\":200}',0,NULL,'2024-11-20 10:58:24',9),(355,'视图图片',1,'com.ruoyi.web.controller.user.MxPictureController.add()','POST',1,'admin',NULL,'/system/picture','49.73.107.76','XX XX','{\"createTime\":\"2024-11-20 10:59:45\",\"params\":{},\"picture\":\"/profile/avatar/2024/11/20/icon_function_3_20241120105945A048.png\",\"pictureId\":46,\"xmIconid\":115}','{\"msg\":\"操作成功\",\"code\":200}',0,NULL,'2024-11-20 10:59:46',9),(356,'视图图片',1,'com.ruoyi.web.controller.user.MxPictureController.add()','POST',1,'admin',NULL,'/system/picture','49.73.107.76','江苏省苏州市 电信','{\"createTime\":\"2024-11-20 11:00:06\",\"params\":{},\"picture\":\"/profile/avatar/2024/11/20/icon_function_4_20241120110006A049.png\",\"pictureId\":47,\"xmIconid\":118}','{\"msg\":\"操作成功\",\"code\":200}',0,NULL,'2024-11-20 11:00:07',10),(357,'视图图片',1,'com.ruoyi.web.controller.user.MxPictureController.add()','POST',1,'admin',NULL,'/system/picture','49.73.107.76','XX XX','{\"createTime\":\"2024-11-20 11:00:28\",\"params\":{},\"picture\":\"/profile/avatar/2024/11/20/icon_function_5_20241120110028A050.png\",\"pictureId\":48,\"xmIconid\":121}','{\"msg\":\"操作成功\",\"code\":200}',0,NULL,'2024-11-20 11:00:29',8),(358,'视图图片',1,'com.ruoyi.web.controller.user.MxPictureController.add()','POST',1,'admin',NULL,'/system/picture','49.73.107.76','XX XX','{\"createTime\":\"2024-11-20 11:01:01\",\"params\":{},\"picture\":\"/profile/avatar/2024/11/20/icon_function_6_20241120110101A051.png\",\"pictureId\":49,\"xmIconid\":123}','{\"msg\":\"操作成功\",\"code\":200}',0,NULL,'2024-11-20 11:01:02',11),(359,'视图图片',1,'com.ruoyi.web.controller.user.MxPictureController.add()','POST',1,'admin',NULL,'/system/picture','49.73.107.76','XX XX','{\"createTime\":\"2024-11-20 11:01:59\",\"params\":{},\"picture\":\"/profile/avatar/2024/11/20/icon_function_7_20241120110158A052.png\",\"pictureId\":50,\"xmIconid\":126}','{\"msg\":\"操作成功\",\"code\":200}',0,NULL,'2024-11-20 11:01:59',8),(360,'视图图片',1,'com.ruoyi.web.controller.user.MxPictureController.add()','POST',1,'admin',NULL,'/system/picture','49.73.107.76','XX XX','{\"createTime\":\"2024-11-20 11:02:32\",\"params\":{},\"picture\":\"/profile/avatar/2024/11/20/icon_function_8_20241120110232A053.png\",\"pictureId\":51,\"xmIconid\":30}','{\"msg\":\"操作成功\",\"code\":200}',0,NULL,'2024-11-20 11:02:33',8),(361,'视图图片',1,'com.ruoyi.web.controller.user.MxPictureController.add()','POST',1,'admin',NULL,'/system/picture','49.73.107.76','江苏省苏州市 电信','{\"createTime\":\"2024-11-20 11:03:01\",\"params\":{},\"picture\":\"/profile/avatar/2024/11/20/icon_function_9_20241120110301A054.png\",\"pictureId\":52,\"xmIconid\":33}','{\"msg\":\"操作成功\",\"code\":200}',0,NULL,'2024-11-20 11:03:01',8),(362,'视图图片',1,'com.ruoyi.web.controller.user.MxPictureController.add()','POST',1,'admin',NULL,'/system/picture','49.73.107.76','XX XX','{\"createTime\":\"2024-11-20 11:03:28\",\"params\":{},\"picture\":\"/profile/avatar/2024/11/20/icon_function_10_20241120110328A055.png\",\"pictureId\":53,\"xmIconid\":35}','{\"msg\":\"操作成功\",\"code\":200}',0,NULL,'2024-11-20 11:03:29',8),(363,'视图图片',1,'com.ruoyi.web.controller.user.MxPictureController.add()','POST',1,'admin',NULL,'/system/picture','49.73.107.76','XX XX','{\"createTime\":\"2024-11-20 11:03:53\",\"params\":{},\"picture\":\"/profile/avatar/2024/11/20/icon_function_11_20241120110353A056.png\",\"pictureId\":54,\"xmIconid\":32}','{\"msg\":\"操作成功\",\"code\":200}',0,NULL,'2024-11-20 11:03:54',8),(364,'视图图片',1,'com.ruoyi.web.controller.user.MxPictureController.add()','POST',1,'admin',NULL,'/system/picture','49.73.107.76','江苏省苏州市 电信','{\"createTime\":\"2024-11-20 11:04:17\",\"params\":{},\"picture\":\"/profile/avatar/2024/11/20/icon_function_12_20241120110417A057.png\",\"pictureId\":55,\"xmIconid\":116}','{\"msg\":\"操作成功\",\"code\":200}',0,NULL,'2024-11-20 11:04:18',8),(365,'视图图片',1,'com.ruoyi.web.controller.user.MxPictureController.add()','POST',1,'admin',NULL,'/system/picture','49.73.107.76','XX XX','{\"createTime\":\"2024-11-20 11:04:35\",\"params\":{},\"picture\":\"/profile/avatar/2024/11/20/icon_function_13_20241120110435A058.png\",\"pictureId\":56,\"xmIconid\":34}','{\"msg\":\"操作成功\",\"code\":200}',0,NULL,'2024-11-20 11:04:37',8),(366,'视图图片',1,'com.ruoyi.web.controller.user.MxPictureController.add()','POST',1,'admin',NULL,'/system/picture','49.73.107.76','江苏省苏州市 电信','{\"createTime\":\"2024-11-20 11:21:55\",\"params\":{},\"picture\":\"/profile/avatar/2024/11/20/icon_function_13_20241120112155A001.png\",\"pictureId\":57,\"xmIconid\":21}','{\"msg\":\"操作成功\",\"code\":200}',0,NULL,'2024-11-20 11:21:56',184),(367,'视图图片',1,'com.ruoyi.web.controller.user.MxPictureController.add()','POST',1,'admin',NULL,'/system/picture','49.73.107.76','XX XX','{\"createTime\":\"2024-11-20 11:22:09\",\"params\":{},\"picture\":\"/profile/avatar/2024/11/20/icon_function_11_20241120112208A002.png\",\"pictureId\":58,\"xmIconid\":23}','{\"msg\":\"操作成功\",\"code\":200}',0,NULL,'2024-11-20 11:22:10',10),(368,'视图图片',1,'com.ruoyi.web.controller.user.MxPictureController.add()','POST',1,'admin',NULL,'/system/picture','49.73.107.76','XX XX','{\"createTime\":\"2024-11-20 11:22:48\",\"params\":{},\"picture\":\"/profile/avatar/2024/11/20/icon_function_9_20241120112248A003.png\",\"pictureId\":59,\"xmIconid\":20}','{\"msg\":\"操作成功\",\"code\":200}',0,NULL,'2024-11-20 11:22:49',14),(369,'视图图片',1,'com.ruoyi.web.controller.user.MxPictureController.add()','POST',1,'admin',NULL,'/system/picture','49.73.107.76','XX XX','{\"createTime\":\"2024-11-20 11:23:36\",\"params\":{},\"picture\":\"/profile/avatar/2024/11/20/icon_function_5_20241120112336A004.png\",\"pictureId\":60,\"xmIconid\":31}','{\"msg\":\"操作成功\",\"code\":200}',0,NULL,'2024-11-20 11:23:38',12),(370,'视图图片',1,'com.ruoyi.web.controller.user.MxPictureController.add()','POST',1,'admin',NULL,'/system/picture','49.73.107.76','XX XX','{\"createTime\":\"2024-11-20 11:23:49\",\"params\":{},\"picture\":\"/profile/avatar/2024/11/20/icon_function_10_20241120112349A005.png\",\"pictureId\":61,\"xmIconid\":32}','{\"msg\":\"操作成功\",\"code\":200}',0,NULL,'2024-11-20 11:23:50',10),(371,'视图图片',1,'com.ruoyi.web.controller.user.MxPictureController.add()','POST',1,'admin',NULL,'/system/picture','49.73.107.76','江苏省苏州市 电信','{\"createTime\":\"2024-11-20 11:30:21\",\"params\":{},\"picture\":\"/profile/avatar/2024/11/20/双眼平衡视标_20241120113021A006.png\",\"pictureId\":62,\"xmIconid\":24}','{\"msg\":\"操作成功\",\"code\":200}',0,NULL,'2024-11-20 11:30:21',10),(372,'视图图片',1,'com.ruoyi.web.controller.user.MxPictureController.add()','POST',1,'admin',NULL,'/system/picture','49.73.107.76','XX XX','{\"createTime\":\"2024-11-20 11:30:56\",\"params\":{},\"picture\":\"/profile/avatar/2024/11/20/红绿偏振视标_20241120113056A007.png\",\"pictureId\":63,\"xmIconid\":25}','{\"msg\":\"操作成功\",\"code\":200}',0,NULL,'2024-11-20 11:30:57',12),(373,'视图图片',1,'com.ruoyi.web.controller.user.MxPictureController.add()','POST',1,'admin',NULL,'/system/picture','49.73.107.76','XX XX','{\"createTime\":\"2024-11-20 11:31:08\",\"params\":{},\"picture\":\"/profile/avatar/2024/11/20/红绿平衡视标_20241120113108A008.png\",\"pictureId\":64,\"xmIconid\":22}','{\"msg\":\"操作成功\",\"code\":200}',0,NULL,'2024-11-20 11:31:08',10),(374,'视图图片',1,'com.ruoyi.web.controller.user.MxPictureController.add()','POST',1,'admin',NULL,'/system/picture','49.73.107.76','XX XX','{\"createTime\":\"2024-11-20 11:31:22\",\"params\":{},\"picture\":\"/profile/avatar/2024/11/20/功能视标／1备份 3_20241120113122A009.png\",\"pictureId\":65,\"xmIconid\":29}','{\"msg\":\"操作成功\",\"code\":200}',0,NULL,'2024-11-20 11:31:23',9),(375,'视图图片',1,'com.ruoyi.web.controller.user.MxPictureController.add()','POST',1,'admin',NULL,'/system/picture','49.73.107.76','XX XX','{\"createTime\":\"2024-11-20 11:31:31\",\"params\":{},\"picture\":\"/profile/avatar/2024/11/20/功能视标／1备份 2_20241120113131A010.png\",\"pictureId\":66,\"xmIconid\":28}','{\"msg\":\"操作成功\",\"code\":200}',0,NULL,'2024-11-20 11:31:33',10),(376,'视图图片',1,'com.ruoyi.web.controller.user.MxPictureController.add()','POST',1,'admin',NULL,'/system/picture','49.73.107.76','XX XX','{\"createTime\":\"2024-11-20 11:31:43\",\"params\":{},\"picture\":\"/profile/avatar/2024/11/20/功能视标／1 (1)_20241120113143A011.png\",\"pictureId\":67,\"xmIconid\":26}','{\"msg\":\"操作成功\",\"code\":200}',0,NULL,'2024-11-20 11:31:44',10),(377,'视图图片',1,'com.ruoyi.web.controller.user.MxPictureController.add()','POST',1,'admin',NULL,'/system/picture','49.73.107.76','XX XX','{\"createTime\":\"2024-11-20 11:32:00\",\"params\":{},\"picture\":\"/profile/avatar/2024/11/20/功能视标／1备份_20241120113200A012.png\",\"pictureId\":68,\"xmIconid\":27}','{\"msg\":\"操作成功\",\"code\":200}',0,NULL,'2024-11-20 11:32:01',9),(378,'视图图片',1,'com.ruoyi.web.controller.user.MxPictureController.add()','POST',1,'admin',NULL,'/system/picture','49.73.107.76','XX XX','{\"createTime\":\"2024-11-20 11:32:09\",\"params\":{},\"picture\":\"/profile/avatar/2024/11/20/功能视标／1备份 5_20241120113209A013.png\",\"pictureId\":69,\"xmIconid\":30}','{\"msg\":\"操作成功\",\"code\":200}',0,NULL,'2024-11-20 11:32:10',13),(379,'视图图片',2,'com.ruoyi.web.controller.user.MxPictureController.edit()','PUT',1,'admin',NULL,'/system/picture','127.0.0.1','内网IP','{\"createTime\":\"2024-11-20 11:30:56\",\"params\":{},\"picture\":\"/profile/avatar/2024/11/20/红绿偏振视标_20241120145207A001.png\",\"pictureId\":63,\"updateTime\":\"2024-11-20 14:52:08\",\"xmIconid\":25}','{\"msg\":\"操作成功\",\"code\":200}',0,NULL,'2024-11-20 14:52:08',21),(380,'视图图片',2,'com.ruoyi.web.controller.user.MxPictureController.edit()','PUT',1,'admin',NULL,'/system/picture','127.0.0.1','内网IP','{\"createTime\":\"2024-11-20 11:30:56\",\"params\":{},\"picture\":\"/profile/avatar/2024/11/20/红绿偏振视标_20241120145231A002.png\",\"pictureId\":63,\"updateTime\":\"2024-11-20 14:52:31\",\"xmIconid\":25}','{\"msg\":\"操作成功\",\"code\":200}',0,NULL,'2024-11-20 14:52:31',11),(381,'菜单管理',2,'com.ruoyi.web.controller.system.SysMenuController.edit()','PUT',1,'admin',NULL,'/system/menu','127.0.0.1','内网IP','{\"children\":[],\"component\":\"system/picture/index\",\"createTime\":\"2024-09-05 11:28:18\",\"icon\":\"#\",\"isCache\":\"1\",\"isFrame\":\"1\",\"menuId\":2016,\"menuName\":\"图片管理\",\"menuType\":\"C\",\"orderNum\":3,\"params\":{},\"parentId\":2002,\"path\":\"picture\",\"perms\":\"\",\"status\":\"0\",\"updateBy\":\"admin\",\"visible\":\"0\"}','{\"msg\":\"操作成功\",\"code\":200}',0,NULL,'2024-11-20 15:40:14',37),(382,'视图图片',2,'com.ruoyi.web.controller.user.MxPictureController.edit()','PUT',1,'admin',NULL,'/system/picture','127.0.0.1','内网IP','{\"createTime\":\"2024-11-20 11:30:21\",\"params\":{},\"picture\":\"/profile/avatar/2024/11/20/功能视标／1备份 3_20241120160935A003.png\",\"pictureId\":62,\"updateTime\":\"2024-11-20 16:09:35\",\"xmIconid\":24}','{\"msg\":\"操作成功\",\"code\":200}',0,NULL,'2024-11-20 16:09:35',9),(383,'视图图片',2,'com.ruoyi.web.controller.user.MxPictureController.edit()','PUT',1,'admin',NULL,'/system/picture','127.0.0.1','内网IP','{\"createTime\":\"2024-11-20 11:30:21\",\"params\":{},\"picture\":\"/profile/avatar/2024/11/20/双眼平衡视标_20241120160943A004.png\",\"pictureId\":62,\"updateTime\":\"2024-11-20 16:09:43\",\"xmIconid\":24}','{\"msg\":\"操作成功\",\"code\":200}',0,NULL,'2024-11-20 16:09:43',9),(384,'用户信息',2,'com.ruoyi.web.controller.user.MxUserController.edit()','PUT',1,'admin',NULL,'/system/mxuser','117.81.149.100','江苏省苏州市 电信','{\"age\":1,\"city\":\"\",\"company\":\"\",\"contactAddress\":\"\",\"createTime\":\"2024-11-19 13:29:32\",\"dateOfBirth\":\"2024-11-19\",\"dominantEye\":\"\",\"emailAddress\":\"\",\"gender\":1,\"glassesNeed\":\"\",\"identificationNumber\":\"\",\"isDelete\":1,\"medicalInsuranceAccount\":\"\",\"name\":\"紫菜汤\",\"occupation\":\"\",\"params\":{},\"phoneNumber\":\"18775075395\",\"qqNumber\":\"\",\"remarks\":\"\",\"updateTime\":\"2024-11-19 13:29:31\",\"userId\":2,\"wechat\":\"\"}','{\"msg\":\"操作成功\",\"code\":200}',0,NULL,'2024-11-20 16:40:16',25),(385,'用户信息',2,'com.ruoyi.web.controller.user.MxUserController.edit()','PUT',1,'admin',NULL,'/system/mxuser','117.81.149.100','江苏省苏州市 电信','{\"age\":1,\"city\":\"\",\"company\":\"\",\"contactAddress\":\"\",\"createTime\":\"2024-11-19 13:29:32\",\"dateOfBirth\":\"2024-11-19\",\"dominantEye\":\"\",\"emailAddress\":\"\",\"gender\":1,\"glassesNeed\":\"\",\"identificationNumber\":\"\",\"isDelete\":1,\"medicalInsuranceAccount\":\"\",\"name\":\"紫菜汤\",\"occupation\":\"\",\"params\":{},\"phoneNumber\":\"18775075395\",\"qqNumber\":\"\",\"remarks\":\"\",\"updateTime\":\"2024-11-19 13:29:31\",\"userId\":2,\"wechat\":\"\"}','{\"msg\":\"操作成功\",\"code\":200}',0,NULL,'2024-11-20 16:41:32',10),(386,'用户信息',2,'com.ruoyi.web.controller.user.MxUserController.edit()','PUT',1,'admin',NULL,'/system/mxuser','127.0.0.1','内网IP','{\"age\":1,\"city\":\"\",\"company\":\"\",\"contactAddress\":\"\",\"createTime\":\"2024-11-19 13:29:32\",\"dateOfBirth\":\"2024-11-19\",\"dominantEye\":\"\",\"emailAddress\":\"\",\"gender\":1,\"glassesNeed\":\"\",\"identificationNumber\":\"\",\"isDelete\":0,\"medicalInsuranceAccount\":\"\",\"name\":\"紫菜汤\",\"occupation\":\"\",\"params\":{},\"phoneNumber\":\"18775075395\",\"qqNumber\":\"\",\"remarks\":\"\",\"updateTime\":\"2024-11-19 13:29:31\",\"userId\":2,\"wechat\":\"\"}','{\"msg\":\"操作成功\",\"code\":200}',0,NULL,'2024-11-20 16:42:27',10),(387,'用户信息',2,'com.ruoyi.web.controller.user.MxUserController.edit()','PUT',1,'admin',NULL,'/system/mxuser','127.0.0.1','内网IP','{\"age\":1,\"city\":\"\",\"company\":\"\",\"contactAddress\":\"\",\"createTime\":\"2024-11-19 13:29:32\",\"dateOfBirth\":\"2024-11-19\",\"dominantEye\":\"\",\"emailAddress\":\"\",\"gender\":0,\"glassesNeed\":\"\",\"identificationNumber\":\"\",\"isDelete\":0,\"medicalInsuranceAccount\":\"\",\"name\":\"紫菜汤\",\"occupation\":\"\",\"params\":{},\"phoneNumber\":\"18775075395\",\"qqNumber\":\"\",\"remarks\":\"\",\"updateTime\":\"2024-11-19 13:29:31\",\"userId\":2,\"wechat\":\"\"}','{\"msg\":\"操作成功\",\"code\":200}',0,NULL,'2024-11-20 16:42:40',9),(388,'用户信息',2,'com.ruoyi.web.controller.user.MxUserController.edit()','PUT',1,'admin',NULL,'/system/mxuser','127.0.0.1','内网IP','{\"age\":1,\"city\":\"\",\"company\":\"\",\"contactAddress\":\"\",\"createTime\":\"2024-11-19 13:29:32\",\"dateOfBirth\":\"2024-11-19\",\"dominantEye\":\"\",\"emailAddress\":\"\",\"gender\":1,\"glassesNeed\":\"\",\"identificationNumber\":\"\",\"isDelete\":0,\"medicalInsuranceAccount\":\"\",\"name\":\"紫菜汤\",\"occupation\":\"\",\"params\":{},\"phoneNumber\":\"18775075395\",\"qqNumber\":\"\",\"remarks\":\"\",\"updateTime\":\"2024-11-19 13:29:31\",\"userId\":2,\"wechat\":\"\"}','{\"msg\":\"操作成功\",\"code\":200}',0,NULL,'2024-11-20 16:42:45',11),(389,'门店成员信息',1,'com.ruoyi.web.controller.store.MxStoreMemberController.add()','POST',1,'admin',NULL,'/system/member','127.0.0.1','内网IP','{\"createTime\":\"2024-11-20 16:48:04\",\"isDelete\":0,\"params\":{},\"post\":2,\"storeId\":1,\"userId\":2}','{\"msg\":\"操作成功\",\"code\":200}',0,NULL,'2024-11-20 16:48:04',16),(390,'门店成员信息',2,'com.ruoyi.web.controller.store.MxStoreMemberController.edit()','PUT',1,'admin',NULL,'/system/member','127.0.0.1','内网IP','{\"createBy\":\"null\",\"createTime\":\"2024-11-20 16:48:04\",\"isDelete\":0,\"optometristUserId\":1,\"params\":{},\"post\":3,\"remark\":\"null\",\"storeId\":1,\"updateBy\":\"null\",\"updateTime\":\"2024-11-20 16:52:17\",\"userId\":2,\"username\":\"null\"}','{\"msg\":\"操作成功\",\"code\":200}',0,NULL,'2024-11-20 16:52:17',8),(391,'门店成员信息',1,'com.ruoyi.web.controller.store.MxStoreMemberController.add()','POST',1,'admin',NULL,'/system/member','127.0.0.1','内网IP','{\"createTime\":\"2024-11-20 16:52:51\",\"isDelete\":0,\"params\":{},\"post\":2,\"storeId\":1,\"userId\":2}','{\"msg\":\"操作成功\",\"code\":200}',0,NULL,'2024-11-20 16:52:51',9),(392,'门店成员信息',1,'com.ruoyi.web.controller.store.MxStoreMemberController.add()','POST',1,'admin',NULL,'/system/member','127.0.0.1','内网IP','{\"createTime\":\"2024-11-20 16:54:51\",\"isDelete\":0,\"optometristUserId\":2,\"params\":{},\"post\":3,\"storeId\":1,\"userId\":1}','{\"msg\":\"操作成功\",\"code\":200}',0,NULL,'2024-11-20 16:54:51',11),(393,'门店成员信息',1,'com.ruoyi.web.controller.store.MxStoreMemberController.add()','POST',1,'admin',NULL,'/system/member','127.0.0.1','内网IP','{\"createTime\":\"2024-11-20 16:55:36\",\"isDelete\":0,\"optometristUserId\":2,\"params\":{},\"post\":3,\"storeId\":1,\"userId\":1}','{\"msg\":\"操作成功\",\"code\":200}',0,NULL,'2024-11-20 16:55:37',8),(394,'门店成员信息',1,'com.ruoyi.web.controller.store.MxStoreMemberController.add()','POST',1,'admin',NULL,'/system/member','127.0.0.1','内网IP','{\"createTime\":\"2024-11-20 17:10:14\",\"isDelete\":0,\"optometristUserId\":1,\"params\":{},\"post\":3,\"storeId\":1,\"userId\":2}',NULL,1,'\n### Error updating database.  Cause: java.sql.SQLIntegrityConstraintViolationException: Duplicate entry \'1-2-1\' for key \'idx_store_user_optometrist\'\n### The error may exist in URL [jar:file:/home/jar/ruoyi-admin.jar!/BOOT-INF/lib/ruoyi-system-3.8.6.jar!/mapper/system/store/MxStoreMemberMapper.xml]\n### The error may involve com.ruoyi.system.mapper.store.MxStoreMemberMapper.insertMxStoreMember-Inline\n### The error occurred while setting parameters\n### SQL: insert into mx_store_member          ( create_time,                          store_id,             user_id,             post,             optometrist_user_id,             is_delete )           values ( ?,                          ?,             ?,             ?,             ?,             ? )\n### Cause: java.sql.SQLIntegrityConstraintViolationException: Duplicate entry \'1-2-1\' for key \'idx_store_user_optometrist\'\n; Duplicate entry \'1-2-1\' for key \'idx_store_user_optometrist\'; nested exception is java.sql.SQLIntegrityConstraintViolationException: Duplicate entry \'1-2-1\' for key \'idx_store_user_optometrist\'','2024-11-20 17:10:14',72),(395,'门店成员信息',1,'com.ruoyi.web.controller.store.MxStoreMemberController.add()','POST',1,'admin',NULL,'/system/member','127.0.0.1','内网IP','{\"createTime\":\"2024-11-20 17:11:58\",\"isDelete\":0,\"optometristUserId\":2,\"params\":{},\"post\":3,\"storeId\":1,\"userId\":1}',NULL,1,'\n### Error updating database.  Cause: java.sql.SQLIntegrityConstraintViolationException: Duplicate entry \'1-1-2\' for key \'idx_store_user_optometrist\'\n### The error may exist in URL [jar:file:/home/jar/ruoyi-admin.jar!/BOOT-INF/lib/ruoyi-system-3.8.6.jar!/mapper/system/store/MxStoreMemberMapper.xml]\n### The error may involve com.ruoyi.system.mapper.store.MxStoreMemberMapper.insertMxStoreMember-Inline\n### The error occurred while setting parameters\n### SQL: insert into mx_store_member          ( create_time,                          store_id,             user_id,             post,             optometrist_user_id,             is_delete )           values ( ?,                          ?,             ?,             ?,             ?,             ? )\n### Cause: java.sql.SQLIntegrityConstraintViolationException: Duplicate entry \'1-1-2\' for key \'idx_store_user_optometrist\'\n; Duplicate entry \'1-1-2\' for key \'idx_store_user_optometrist\'; nested exception is java.sql.SQLIntegrityConstraintViolationException: Duplicate entry \'1-1-2\' for key \'idx_store_user_optometrist\'','2024-11-20 17:11:58',8),(396,'门店成员信息',1,'com.ruoyi.web.controller.store.MxStoreMemberController.add()','POST',1,'admin',NULL,'/system/member','127.0.0.1','内网IP','{\"createTime\":\"2024-11-20 17:15:14\",\"isDelete\":0,\"optometristUserId\":2,\"params\":{},\"post\":3,\"storeId\":1,\"userId\":1}',NULL,1,'\n### Error updating database.  Cause: java.sql.SQLIntegrityConstraintViolationException: Duplicate entry \'1-1-2\' for key \'idx_store_user_optometrist\'\n### The error may exist in URL [jar:file:/home/jar/ruoyi-admin.jar!/BOOT-INF/lib/ruoyi-system-3.8.6.jar!/mapper/system/store/MxStoreMemberMapper.xml]\n### The error may involve com.ruoyi.system.mapper.store.MxStoreMemberMapper.insertMxStoreMember-Inline\n### The error occurred while setting parameters\n### SQL: insert into mx_store_member          ( create_time,                          store_id,             user_id,             post,             optometrist_user_id,             is_delete )           values ( ?,                          ?,             ?,             ?,             ?,             ? )\n### Cause: java.sql.SQLIntegrityConstraintViolationException: Duplicate entry \'1-1-2\' for key \'idx_store_user_optometrist\'\n; Duplicate entry \'1-1-2\' for key \'idx_store_user_optometrist\'; nested exception is java.sql.SQLIntegrityConstraintViolationException: Duplicate entry \'1-1-2\' for key \'idx_store_user_optometrist\'','2024-11-20 17:15:14',7),(397,'门店成员信息',1,'com.ruoyi.web.controller.store.MxStoreMemberController.add()','POST',1,'admin',NULL,'/system/member','127.0.0.1','内网IP','{\"createTime\":\"2024-11-20 17:17:03\",\"isDelete\":0,\"optometristUserId\":2,\"params\":{},\"post\":3,\"storeId\":1,\"userId\":1}',NULL,1,'\n### Error updating database.  Cause: java.sql.SQLIntegrityConstraintViolationException: Duplicate entry \'1-1-2\' for key \'idx_store_user_optometrist\'\n### The error may exist in URL [jar:file:/home/jar/ruoyi-admin.jar!/BOOT-INF/lib/ruoyi-system-3.8.6.jar!/mapper/system/store/MxStoreMemberMapper.xml]\n### The error may involve com.ruoyi.system.mapper.store.MxStoreMemberMapper.insertMxStoreMember-Inline\n### The error occurred while setting parameters\n### SQL: insert into mx_store_member          ( create_time,                          store_id,             user_id,             post,             optometrist_user_id,             is_delete )           values ( ?,                          ?,             ?,             ?,             ?,             ? )\n### Cause: java.sql.SQLIntegrityConstraintViolationException: Duplicate entry \'1-1-2\' for key \'idx_store_user_optometrist\'\n; Duplicate entry \'1-1-2\' for key \'idx_store_user_optometrist\'; nested exception is java.sql.SQLIntegrityConstraintViolationException: Duplicate entry \'1-1-2\' for key \'idx_store_user_optometrist\'','2024-11-20 17:17:03',6),(398,'菜单管理',2,'com.ruoyi.web.controller.system.SysMenuController.edit()','PUT',1,'admin',NULL,'/system/menu','117.81.149.100','XX XX','{\"children\":[],\"component\":\"system/picture/index\",\"createTime\":\"2024-09-05 11:28:18\",\"icon\":\"#\",\"isCache\":\"1\",\"isFrame\":\"1\",\"menuId\":2016,\"menuName\":\"图片管理\",\"menuType\":\"C\",\"orderNum\":3,\"params\":{},\"parentId\":2002,\"path\":\"picture\",\"perms\":\"\",\"status\":\"0\",\"updateBy\":\"admin\",\"visible\":\"1\"}','{\"msg\":\"操作成功\",\"code\":200}',0,NULL,'2024-11-21 08:51:41',13),(399,'用户管理',2,'com.ruoyi.web.controller.system.SysUserController.edit()','PUT',1,'admin',NULL,'/system/user','117.81.149.100','XX XX','{\"admin\":false,\"avatar\":\"\",\"createBy\":\"admin\",\"createTime\":\"2024-05-17 14:09:27\",\"delFlag\":\"0\",\"dept\":{\"ancestors\":\"0\",\"children\":[],\"deptId\":100,\"deptName\":\"希铭光学\",\"leader\":\"若依\",\"orderNum\":0,\"params\":{},\"parentId\":0,\"status\":\"0\"},\"deptId\":100,\"email\":\"\",\"loginIp\":\"\",\"nickName\":\"测试\",\"params\":{},\"phonenumber\":\"17751070969\",\"postIds\":[],\"remark\":\"测试账号\",\"roleIds\":[],\"roles\":[],\"sex\":\"2\",\"status\":\"0\",\"updateBy\":\"admin\",\"userId\":100,\"userName\":\"test\"}','{\"msg\":\"操作成功\",\"code\":200}',0,NULL,'2024-11-25 09:10:01',41),(400,'用户管理',2,'com.ruoyi.web.controller.system.SysUserController.edit()','PUT',1,'admin',NULL,'/system/user','117.81.149.100','XX XX','{\"admin\":false,\"avatar\":\"\",\"createBy\":\"admin\",\"createTime\":\"2024-05-17 14:09:27\",\"delFlag\":\"0\",\"dept\":{\"ancestors\":\"0\",\"children\":[],\"deptId\":100,\"deptName\":\"希铭光学\",\"leader\":\"若依\",\"orderNum\":0,\"params\":{},\"parentId\":0,\"status\":\"0\"},\"deptId\":100,\"email\":\"\",\"loginIp\":\"\",\"nickName\":\"桂花鱼的店面后台\",\"params\":{},\"phonenumber\":\"17751070969\",\"postIds\":[],\"remark\":\"测试账号\",\"roleIds\":[],\"roles\":[],\"sex\":\"2\",\"status\":\"0\",\"updateBy\":\"admin\",\"userId\":100,\"userName\":\"test\"}','{\"msg\":\"操作成功\",\"code\":200}',0,NULL,'2024-11-25 09:10:28',20),(401,'用户管理',2,'com.ruoyi.web.controller.system.SysUserController.edit()','PUT',1,'admin',NULL,'/system/user','117.81.149.100','江苏省苏州市 电信','{\"admin\":false,\"avatar\":\"\",\"createBy\":\"admin\",\"createTime\":\"2024-05-17 14:09:27\",\"delFlag\":\"0\",\"dept\":{\"ancestors\":\"0\",\"children\":[],\"deptId\":100,\"deptName\":\"希铭光学\",\"leader\":\"若依\",\"orderNum\":0,\"params\":{},\"parentId\":0,\"status\":\"0\"},\"deptId\":100,\"email\":\"\",\"loginIp\":\"\",\"nickName\":\"桂花鱼的后台\",\"params\":{},\"phonenumber\":\"17751070969\",\"postIds\":[],\"remark\":\"测试账号\",\"roleIds\":[],\"roles\":[],\"sex\":\"2\",\"status\":\"0\",\"updateBy\":\"admin\",\"userId\":100,\"userName\":\"test\"}','{\"msg\":\"操作成功\",\"code\":200}',0,NULL,'2024-11-25 09:10:42',19),(402,'用户管理',2,'com.ruoyi.web.controller.system.SysUserController.edit()','PUT',1,'admin',NULL,'/system/user','117.81.149.100','XX XX','{\"admin\":false,\"avatar\":\"\",\"createBy\":\"admin\",\"createTime\":\"2024-05-17 14:09:27\",\"delFlag\":\"0\",\"dept\":{\"ancestors\":\"0\",\"children\":[],\"deptId\":100,\"deptName\":\"希铭光学\",\"leader\":\"若依\",\"orderNum\":0,\"params\":{},\"parentId\":0,\"status\":\"0\"},\"deptId\":104,\"email\":\"\",\"loginIp\":\"\",\"nickName\":\"桂花鱼的后台\",\"params\":{},\"phonenumber\":\"17751070969\",\"postIds\":[4],\"remark\":\"测试账号\",\"roleIds\":[2],\"roles\":[],\"sex\":\"2\",\"status\":\"0\",\"updateBy\":\"admin\",\"userId\":100,\"userName\":\"test\"}','{\"msg\":\"操作成功\",\"code\":200}',0,NULL,'2024-11-25 09:11:25',35),(403,'角色管理',2,'com.ruoyi.web.controller.system.SysRoleController.edit()','PUT',1,'admin',NULL,'/system/role','117.81.149.100','江苏省苏州市 电信','{\"admin\":false,\"createTime\":\"2023-10-26 10:27:01\",\"dataScope\":\"2\",\"delFlag\":\"0\",\"deptCheckStrictly\":true,\"flag\":false,\"menuCheckStrictly\":true,\"menuIds\":[1,107,1035,1036,1037,1038,2002,2003,2013,2016,2017,2018,2004,2005,2006,2007,2008,2012,2010,2011],\"params\":{},\"remark\":\"普通角色\",\"roleId\":2,\"roleKey\":\"common\",\"roleName\":\"普通角色\",\"roleSort\":2,\"status\":\"0\",\"updateBy\":\"admin\"}','{\"msg\":\"操作成功\",\"code\":200}',0,NULL,'2024-11-25 09:11:58',25),(404,'角色管理',2,'com.ruoyi.web.controller.system.SysRoleController.edit()','PUT',1,'admin',NULL,'/system/role','117.81.149.100','XX XX','{\"admin\":false,\"createTime\":\"2023-10-26 10:27:01\",\"dataScope\":\"2\",\"delFlag\":\"0\",\"deptCheckStrictly\":true,\"flag\":false,\"menuCheckStrictly\":true,\"menuIds\":[1,107,1035,1036,1037,1038,2002,2003,2013,2016,2017,2018,2004,2005,2006,2007,2008,2012,2010,2011],\"params\":{},\"remark\":\"普通角色\",\"roleId\":2,\"roleKey\":\"common\",\"roleName\":\"普通角色\",\"roleSort\":2,\"status\":\"0\",\"updateBy\":\"admin\"}','{\"msg\":\"操作成功\",\"code\":200}',0,NULL,'2024-11-25 09:13:42',25),(405,'菜单管理',2,'com.ruoyi.web.controller.system.SysMenuController.edit()','PUT',1,'admin',NULL,'/system/menu','117.81.149.100','江苏省苏州市 电信','{\"children\":[],\"component\":\"system/code/index\",\"createTime\":\"2024-09-19 16:00:49\",\"icon\":\"password\",\"isCache\":\"0\",\"isFrame\":\"1\",\"menuId\":2018,\"menuName\":\"设备激活\",\"menuType\":\"C\",\"orderNum\":5,\"params\":{},\"parentId\":2002,\"path\":\"code\",\"perms\":\"system:flow:list\",\"status\":\"0\",\"updateBy\":\"admin\",\"visible\":\"0\"}','{\"msg\":\"操作成功\",\"code\":200}',0,NULL,'2024-11-25 09:15:23',19),(406,'菜单管理',2,'com.ruoyi.web.controller.system.SysMenuController.edit()','PUT',1,'admin',NULL,'/system/menu','117.81.149.100','XX XX','{\"children\":[],\"component\":\"system/code/index\",\"createTime\":\"2024-09-19 16:00:49\",\"icon\":\"password\",\"isCache\":\"0\",\"isFrame\":\"1\",\"menuId\":2018,\"menuName\":\"设备激活\",\"menuType\":\"C\",\"orderNum\":5,\"params\":{},\"parentId\":2002,\"path\":\"code\",\"perms\":\"\",\"status\":\"0\",\"updateBy\":\"admin\",\"visible\":\"0\"}','{\"msg\":\"操作成功\",\"code\":200}',0,NULL,'2024-11-25 09:15:34',12),(407,'菜单管理',2,'com.ruoyi.web.controller.system.SysMenuController.edit()','PUT',1,'admin',NULL,'/system/menu','117.81.149.100','XX XX','{\"children\":[],\"component\":\"system/mxuser/flow/index\",\"createTime\":\"2024-09-05 13:48:51\",\"icon\":\"druid\",\"isCache\":\"0\",\"isFrame\":\"1\",\"menuId\":2017,\"menuName\":\"用户流程\",\"menuType\":\"C\",\"orderNum\":4,\"params\":{},\"parentId\":2002,\"path\":\"flow\",\"perms\":\"system:flow:list\",\"status\":\"0\",\"updateBy\":\"admin\",\"visible\":\"0\"}','{\"msg\":\"操作成功\",\"code\":200}',0,NULL,'2024-11-25 09:15:39',11),(408,'角色管理',2,'com.ruoyi.web.controller.system.SysRoleController.edit()','PUT',1,'admin',NULL,'/system/role','117.81.149.100','江苏省苏州市 电信','{\"admin\":false,\"createTime\":\"2023-10-26 10:27:01\",\"dataScope\":\"2\",\"delFlag\":\"0\",\"deptCheckStrictly\":true,\"flag\":false,\"menuCheckStrictly\":true,\"menuIds\":[1,2002,107,1035,1036,1037,1038,2003,2013,2017,2004,2005,2006,2007,2008,2012,2010,2011],\"params\":{},\"remark\":\"普通角色\",\"roleId\":2,\"roleKey\":\"common\",\"roleName\":\"普通角色\",\"roleSort\":2,\"status\":\"0\",\"updateBy\":\"admin\"}','{\"msg\":\"操作成功\",\"code\":200}',0,NULL,'2024-11-25 09:16:12',23),(409,'角色管理',2,'com.ruoyi.web.controller.system.SysRoleController.edit()','PUT',1,'admin',NULL,'/system/role','117.81.149.100','江苏省苏州市 电信','{\"admin\":false,\"createTime\":\"2023-10-26 10:27:01\",\"dataScope\":\"2\",\"delFlag\":\"0\",\"deptCheckStrictly\":true,\"flag\":false,\"menuCheckStrictly\":true,\"menuIds\":[1,2002,107,1035,1036,1037,1038,2013,2017,2004,2005,2006,2007,2008,2012,2010,2011],\"params\":{},\"remark\":\"普通角色\",\"roleId\":2,\"roleKey\":\"common\",\"roleName\":\"普通角色\",\"roleSort\":2,\"status\":\"0\",\"updateBy\":\"admin\"}','{\"msg\":\"操作成功\",\"code\":200}',0,NULL,'2024-11-25 10:55:37',22),(410,'角色管理',2,'com.ruoyi.web.controller.system.SysRoleController.edit()','PUT',1,'admin',NULL,'/system/role','117.81.149.100','XX XX','{\"admin\":false,\"createTime\":\"2023-10-26 10:27:01\",\"dataScope\":\"2\",\"delFlag\":\"0\",\"deptCheckStrictly\":true,\"flag\":false,\"menuCheckStrictly\":true,\"menuIds\":[1,2002,107,1035,1036,1037,1038,2013,2017,2004,2005,2006,2007,2008,2012,2010,2011],\"params\":{},\"remark\":\"普通角色\",\"roleId\":2,\"roleKey\":\"common\",\"roleName\":\"店长\",\"roleSort\":2,\"status\":\"0\",\"updateBy\":\"admin\"}','{\"msg\":\"操作成功\",\"code\":200}',0,NULL,'2024-11-25 10:56:00',21),(411,'菜单管理',2,'com.ruoyi.web.controller.system.SysMenuController.edit()','PUT',1,'admin',NULL,'/system/menu','117.81.149.100','XX XX','{\"children\":[],\"createTime\":\"2023-10-26 10:27:02\",\"icon\":\"tool\",\"isCache\":\"0\",\"isFrame\":\"1\",\"menuId\":3,\"menuName\":\"系统工具\",\"menuType\":\"M\",\"orderNum\":3,\"params\":{},\"parentId\":0,\"path\":\"tool\",\"perms\":\"\",\"query\":\"\",\"status\":\"0\",\"updateBy\":\"admin\",\"visible\":\"0\"}','{\"msg\":\"操作成功\",\"code\":200}',0,NULL,'2024-11-25 17:01:23',20),(412,'设备激活码',2,'com.ruoyi.web.controller.user.MxActivationCodeController.edit()','PUT',1,'admin',NULL,'/system/code','121.238.176.231','XX XX','{\"activationCode\":\"6a496dd6\",\"activationId\":22,\"equipment\":\"601e2a6ba1679c99\",\"params\":{},\"updateTime\":\"2024-12-16 15:43:12\"}','{\"msg\":\"操作成功\",\"code\":200}',0,NULL,'2024-12-16 15:43:13',26),(413,'设备激活码',3,'com.ruoyi.web.controller.user.MxActivationCodeController.remove()','DELETE',1,'admin',NULL,'/system/code/22','121.238.176.231','江苏省苏州市 电信','{}','{\"msg\":\"操作成功\",\"code\":200}',0,NULL,'2024-12-16 15:44:38',12),(414,'用户信息',5,'com.ruoyi.web.controller.user.MxUserController.export()','POST',1,'admin',NULL,'/system/mxuser/export','39.144.153.72','江苏省苏州市 ','{\"pageSize\":\"10\",\"pageNum\":\"1\"}',NULL,0,NULL,'2025-02-21 16:36:23',1020),(415,'用户信息',5,'com.ruoyi.web.controller.user.MxUserController.export()','POST',1,'admin',NULL,'/system/mxuser/export','39.144.153.72','江苏省苏州市 ','{\"pageSize\":\"10\",\"pageNum\":\"1\"}',NULL,0,NULL,'2025-02-21 16:36:34',80),(416,'用户管理',1,'com.ruoyi.web.controller.system.SysUserController.add()','POST',1,'admin',NULL,'/system/user','127.0.0.1','内网IP','{\"admin\":false,\"deptId\":104,\"nickName\":\"李店主\",\"params\":{},\"phonenumber\":\"17751070969\",\"postIds\":[4],\"remark\":\"测试\",\"roleIds\":[2],\"sex\":\"0\",\"status\":\"0\",\"userName\":\"lidianzhang\"}','{\"msg\":\"新增用户\'lidianzhang\'失败，手机号码已存在\",\"code\":500}',0,NULL,'2025-02-25 15:04:23',8),(417,'用户管理',1,'com.ruoyi.web.controller.system.SysUserController.add()','POST',1,'admin',NULL,'/system/user','127.0.0.1','内网IP','{\"admin\":false,\"createBy\":\"admin\",\"deptId\":104,\"nickName\":\"李店主\",\"params\":{},\"phonenumber\":\"\",\"postIds\":[4],\"remark\":\"测试\",\"roleIds\":[2],\"sex\":\"0\",\"status\":\"0\",\"userId\":101,\"userName\":\"lidianzhang\"}','{\"msg\":\"操作成功\",\"code\":200}',0,NULL,'2025-02-25 15:04:46',136),(418,'用户管理',2,'com.ruoyi.web.controller.system.SysUserController.edit()','PUT',1,'admin',NULL,'/system/user','127.0.0.1','内网IP','{\"admin\":false,\"avatar\":\"\",\"createBy\":\"admin\",\"createTime\":\"2025-02-25 15:04:46\",\"delFlag\":\"0\",\"dept\":{\"ancestors\":\"0,100,101\",\"children\":[],\"deptId\":104,\"deptName\":\"市场部门\",\"leader\":\"若依\",\"orderNum\":2,\"params\":{},\"parentId\":101,\"status\":\"0\"},\"deptId\":104,\"email\":\"\",\"loginIp\":\"\",\"nickName\":\"李店主\",\"params\":{},\"phonenumber\":\"18812332121\",\"postIds\":[4],\"remark\":\"测试\",\"roleIds\":[2],\"roles\":[{\"admin\":false,\"dataScope\":\"2\",\"deptCheckStrictly\":false,\"flag\":false,\"menuCheckStrictly\":false,\"params\":{},\"roleId\":2,\"roleKey\":\"common\",\"roleName\":\"店长\",\"roleSort\":2,\"status\":\"0\"}],\"sex\":\"0\",\"status\":\"0\",\"updateBy\":\"admin\",\"userId\":101,\"userName\":\"lidianzhang\"}','{\"msg\":\"操作成功\",\"code\":200}',0,NULL,'2025-02-25 15:05:36',24),(419,'门店信息',2,'com.ruoyi.web.controller.store.MxStoreController.edit()','PUT',1,'admin',NULL,'/system/store','127.0.0.1','内网IP','{\"address\":\"江苏省苏州市昆山市玉山镇微盟电子(昆山)有限公司\",\"brandId\":\"zxczx\",\"createTime\":\"2024-10-10 13:14:42\",\"isDelete\":0,\"latitude\":\"31.381847\",\"longitude\":\"121.020637\",\"params\":{},\"storeId\":1,\"storeNameEnglish\":\"测试\",\"storeNumber\":\"asdas\",\"storePhone\":\"18812332121\",\"updateTime\":\"2025-02-25 15:05:55\",\"userId\":1}','{\"msg\":\"操作成功\",\"code\":200}',0,NULL,'2025-02-25 15:05:55',20),(420,'菜单管理',1,'com.ruoyi.web.controller.system.SysMenuController.add()','POST',1,'admin',NULL,'/system/menu','127.0.0.1','内网IP','{\"children\":[],\"createBy\":\"admin\",\"icon\":\"404\",\"isCache\":\"0\",\"isFrame\":\"1\",\"menuName\":\"测试\",\"menuType\":\"C\",\"orderNum\":1000,\"params\":{},\"parentId\":0,\"path\":\"test\",\"status\":\"0\",\"visible\":\"0\"}','{\"msg\":\"操作成功\",\"code\":200}',0,NULL,'2025-03-31 19:09:01',22),(421,'菜单管理',2,'com.ruoyi.web.controller.system.SysMenuController.edit()','PUT',1,'admin',NULL,'/system/menu','127.0.0.1','内网IP','{\"children\":[],\"createTime\":\"2025-03-31 19:09:01\",\"icon\":\"404\",\"isCache\":\"0\",\"isFrame\":\"1\",\"menuId\":2021,\"menuName\":\"测试\",\"menuType\":\"M\",\"orderNum\":1000,\"params\":{},\"parentId\":0,\"path\":\"test\",\"perms\":\"\",\"status\":\"0\",\"updateBy\":\"admin\",\"visible\":\"0\"}','{\"msg\":\"操作成功\",\"code\":200}',0,NULL,'2025-03-31 19:09:19',24),(422,'菜单管理',1,'com.ruoyi.web.controller.system.SysMenuController.add()','POST',1,'admin',NULL,'/system/menu','127.0.0.1','内网IP','{\"children\":[],\"createBy\":\"admin\",\"isCache\":\"0\",\"isFrame\":\"1\",\"menuName\":\"测试1\",\"menuType\":\"C\",\"orderNum\":1,\"params\":{},\"parentId\":2021,\"path\":\"system/test/test1\",\"status\":\"0\",\"visible\":\"0\"}','{\"msg\":\"操作成功\",\"code\":200}',0,NULL,'2025-03-31 19:10:04',10),(423,'菜单管理',2,'com.ruoyi.web.controller.system.SysMenuController.edit()','PUT',1,'admin',NULL,'/system/menu','127.0.0.1','内网IP','{\"children\":[],\"component\":\"system/test/test1\",\"createTime\":\"2025-03-31 19:10:04\",\"icon\":\"#\",\"isCache\":\"0\",\"isFrame\":\"1\",\"menuId\":2022,\"menuName\":\"测试1\",\"menuType\":\"C\",\"orderNum\":1,\"params\":{},\"parentId\":2021,\"path\":\"test1\",\"perms\":\"\",\"status\":\"0\",\"updateBy\":\"admin\",\"visible\":\"0\"}','{\"msg\":\"操作成功\",\"code\":200}',0,NULL,'2025-03-31 19:10:57',23),(424,'菜单管理',2,'com.ruoyi.web.controller.system.SysMenuController.edit()','PUT',1,'admin',NULL,'/system/menu','127.0.0.1','内网IP','{\"children\":[],\"component\":\"system/test/test1\",\"createTime\":\"2025-03-31 19:10:04\",\"icon\":\"#\",\"isCache\":\"0\",\"isFrame\":\"1\",\"menuId\":2022,\"menuName\":\"狗头介绍banner\",\"menuType\":\"C\",\"orderNum\":1,\"params\":{},\"parentId\":2021,\"path\":\"test1\",\"perms\":\"\",\"status\":\"0\",\"updateBy\":\"admin\",\"visible\":\"0\"}','{\"msg\":\"操作成功\",\"code\":200}',0,NULL,'2025-03-31 19:12:10',10),(425,'菜单管理',1,'com.ruoyi.web.controller.system.SysMenuController.add()','POST',1,'admin',NULL,'/system/menu','127.0.0.1','内网IP','{\"children\":[],\"component\":\"system/test/index\",\"createBy\":\"admin\",\"isCache\":\"0\",\"isFrame\":\"1\",\"menuName\":\"主\",\"menuType\":\"C\",\"orderNum\":1,\"params\":{},\"parentId\":2021,\"path\":\"index\",\"status\":\"0\",\"visible\":\"0\"}','{\"msg\":\"操作成功\",\"code\":200}',0,NULL,'2025-03-31 19:12:31',12),(426,'菜单管理',2,'com.ruoyi.web.controller.system.SysMenuController.edit()','PUT',1,'admin',NULL,'/system/menu','127.0.0.1','内网IP','{\"children\":[],\"component\":\"system/test/test1\",\"createTime\":\"2025-03-31 19:10:04\",\"icon\":\"#\",\"isCache\":\"0\",\"isFrame\":\"1\",\"menuId\":2022,\"menuName\":\"狗头介绍banner\",\"menuType\":\"C\",\"orderNum\":2,\"params\":{},\"parentId\":2021,\"path\":\"test1\",\"perms\":\"\",\"status\":\"0\",\"updateBy\":\"admin\",\"visible\":\"0\"}','{\"msg\":\"操作成功\",\"code\":200}',0,NULL,'2025-03-31 19:12:38',10),(427,'菜单管理',2,'com.ruoyi.web.controller.system.SysMenuController.edit()','PUT',1,'admin',NULL,'/system/menu','127.0.0.1','内网IP','{\"children\":[],\"component\":\"system/test/index\",\"createTime\":\"2025-03-31 19:12:31\",\"icon\":\"#\",\"isCache\":\"0\",\"isFrame\":\"1\",\"menuId\":2023,\"menuName\":\"金刚狼按钮\",\"menuType\":\"C\",\"orderNum\":1,\"params\":{},\"parentId\":2021,\"path\":\"index\",\"perms\":\"\",\"status\":\"0\",\"updateBy\":\"admin\",\"visible\":\"0\"}','{\"msg\":\"操作成功\",\"code\":200}',0,NULL,'2025-03-31 19:13:38',11),(428,'菜单管理',1,'com.ruoyi.web.controller.system.SysMenuController.add()','POST',1,'admin',NULL,'/system/menu','127.0.0.1','内网IP','{\"children\":[],\"component\":\"system/test/card\",\"createBy\":\"admin\",\"isCache\":\"0\",\"isFrame\":\"1\",\"menuName\":\"卡片\",\"menuType\":\"C\",\"orderNum\":3,\"params\":{},\"parentId\":2021,\"path\":\"card\",\"status\":\"0\",\"visible\":\"0\"}','{\"msg\":\"操作成功\",\"code\":200}',0,NULL,'2025-03-31 19:14:00',12),(429,'菜单管理',2,'com.ruoyi.web.controller.system.SysMenuController.edit()','PUT',1,'admin',NULL,'/system/menu','127.0.0.1','内网IP','{\"children\":[],\"component\":\"system/test/card\",\"createTime\":\"2025-03-31 19:14:00\",\"icon\":\"#\",\"isCache\":\"0\",\"isFrame\":\"1\",\"menuId\":2024,\"menuName\":\"翻转卡片\",\"menuType\":\"C\",\"orderNum\":3,\"params\":{},\"parentId\":2021,\"path\":\"card\",\"perms\":\"\",\"status\":\"0\",\"updateBy\":\"admin\",\"visible\":\"0\"}','{\"msg\":\"操作成功\",\"code\":200}',0,NULL,'2025-03-31 19:14:43',22),(430,'菜单管理',1,'com.ruoyi.web.controller.system.SysMenuController.add()','POST',1,'admin',NULL,'/system/menu','127.0.0.1','内网IP','{\"children\":[],\"component\":\"system/test/carousel\",\"createBy\":\"admin\",\"isCache\":\"0\",\"isFrame\":\"1\",\"menuName\":\"手风琴banner\",\"menuType\":\"C\",\"orderNum\":4,\"params\":{},\"parentId\":2021,\"path\":\"carousel\",\"status\":\"0\",\"visible\":\"0\"}','{\"msg\":\"操作成功\",\"code\":200}',0,NULL,'2025-03-31 19:15:12',20),(431,'菜单管理',1,'com.ruoyi.web.controller.system.SysMenuController.add()','POST',1,'admin',NULL,'/system/menu','127.0.0.1','内网IP','{\"children\":[],\"component\":\"system/test/loaders\",\"createBy\":\"admin\",\"isCache\":\"0\",\"isFrame\":\"1\",\"menuName\":\"6\",\"menuType\":\"C\",\"orderNum\":6,\"params\":{},\"parentId\":2021,\"path\":\"loaders\",\"status\":\"0\",\"visible\":\"0\"}','{\"msg\":\"操作成功\",\"code\":200}',0,NULL,'2025-03-31 19:17:07',14),(432,'菜单管理',2,'com.ruoyi.web.controller.system.SysMenuController.edit()','PUT',1,'admin',NULL,'/system/menu','127.0.0.1','内网IP','{\"children\":[],\"component\":\"system/test/loaders\",\"createTime\":\"2025-03-31 19:17:07\",\"icon\":\"#\",\"isCache\":\"0\",\"isFrame\":\"1\",\"menuId\":2026,\"menuName\":\"loading(等待-熊)\",\"menuType\":\"C\",\"orderNum\":6,\"params\":{},\"parentId\":2021,\"path\":\"loaders\",\"perms\":\"\",\"status\":\"0\",\"updateBy\":\"admin\",\"visible\":\"0\"}','{\"msg\":\"操作成功\",\"code\":200}',0,NULL,'2025-03-31 19:17:45',8),(433,'菜单管理',1,'com.ruoyi.web.controller.system.SysMenuController.add()','POST',1,'admin',NULL,'/system/menu','127.0.0.1','内网IP','{\"children\":[],\"component\":\"system/test/WordCloud\",\"createBy\":\"admin\",\"isCache\":\"0\",\"isFrame\":\"1\",\"menuName\":\"词云图\",\"menuType\":\"C\",\"orderNum\":7,\"params\":{},\"parentId\":2021,\"path\":\"WordCloud\",\"status\":\"0\",\"visible\":\"0\"}','{\"msg\":\"操作成功\",\"code\":200}',0,NULL,'2025-03-31 19:19:47',9),(434,'菜单管理',2,'com.ruoyi.web.controller.system.SysMenuController.edit()','PUT',1,'admin',NULL,'/system/menu','117.83.114.37','XX XX','{\"children\":[],\"createTime\":\"2025-03-31 19:09:01\",\"icon\":\"404\",\"isCache\":\"0\",\"isFrame\":\"1\",\"menuId\":2021,\"menuName\":\"测试\",\"menuType\":\"M\",\"orderNum\":1000,\"params\":{},\"parentId\":0,\"path\":\"test\",\"perms\":\"\",\"status\":\"1\",\"updateBy\":\"admin\",\"visible\":\"1\"}','{\"msg\":\"操作成功\",\"code\":200}',0,NULL,'2026-03-20 11:00:13',61),(435,'用户信息',1,'com.ruoyi.web.controller.user.MxUserController.add()','POST',1,'admin',NULL,'/system/mxuser','117.83.114.37','XX XX','{\"createTime\":\"2026-03-20 11:03:53\",\"isDelete\":0,\"name\":\"静音仓店长（被控）\",\"params\":{},\"phoneNumber\":\"18111111111\",\"userId\":4}','{\"msg\":\"操作成功\",\"code\":200}',0,NULL,'2026-03-20 11:03:53',45),(436,'用户信息',1,'com.ruoyi.web.controller.user.MxUserController.add()','POST',1,'admin',NULL,'/system/mxuser','117.83.114.37','XX XX','{\"createTime\":\"2026-03-20 11:04:28\",\"isDelete\":0,\"name\":\"静音仓主控\",\"params\":{},\"phoneNumber\":\"18222222222\",\"userId\":5}','{\"msg\":\"操作成功\",\"code\":200}',0,NULL,'2026-03-20 11:04:29',17),(437,'门店信息',1,'com.ruoyi.web.controller.store.MxStoreController.add()','POST',1,'admin',NULL,'/system/store','117.83.114.37','XX XX','{\"createTime\":\"2026-03-20 11:04:50\",\"params\":{},\"storeId\":2,\"storePhone\":\"18111111111\",\"userId\":5}','{\"msg\":\"操作成功\",\"code\":200}',0,NULL,'2026-03-20 11:04:50',68),(438,'门店信息',2,'com.ruoyi.web.controller.store.MxStoreController.edit()','PUT',1,'admin',NULL,'/system/store','117.83.114.37','XX XX','{\"brandId\":\"\",\"createTime\":\"2026-03-20 11:04:51\",\"isDelete\":0,\"params\":{},\"storeId\":2,\"storeNameEnglish\":\"\",\"storeNumber\":\"5068416139942690838\",\"storePhone\":\"18111111111\",\"updateTime\":\"2026-03-20 11:04:50\",\"userId\":5}',NULL,1,'该用户已存在门店','2026-03-20 11:05:10',8),(439,'门店成员信息',1,'com.ruoyi.web.controller.store.MxStoreMemberController.add()','POST',1,'admin',NULL,'/system/member','117.83.114.37','XX XX','{\"params\":{},\"post\":2,\"storeId\":2,\"userId\":5}',NULL,1,'该用户已存在门店','2026-03-20 11:05:48',17),(440,'门店成员信息',1,'com.ruoyi.web.controller.store.MxStoreMemberController.add()','POST',1,'admin',NULL,'/system/member','117.83.114.37','XX XX','{\"createTime\":\"2026-03-20 11:07:00\",\"params\":{},\"post\":2,\"storeId\":2,\"userId\":5}','{\"msg\":\"操作成功\",\"code\":200}',0,NULL,'2026-03-20 11:07:00',21),(441,'用户头像',2,'com.ruoyi.web.controller.system.SysProfileController.avatar()','POST',1,'admin',NULL,'/system/user/profile/avatar','117.83.114.37','XX XX','','{\"msg\":\"操作成功\",\"imgUrl\":\"/profile/avatar/2026/03/20/blob_20260320132931A001.png\",\"code\":200}',0,NULL,'2026-03-20 13:29:32',152),(442,'安装包',2,'com.ruoyi.web.controller.user.InstallingPackagesController.edit()','PUT',1,'admin',NULL,'/system/packages','117.82.128.95','XX XX','{\"forcedUpdating\":0,\"installingId\":3,\"packageName\":\"验光仪安装包\",\"params\":{},\"updateTime\":\"2026-03-31 13:14:05\",\"url\":\"http://admin.ximingtech.com:81/profile/upload/apk/2026/03/31/xm_ark_sys_1.0.0_20260331131402A001.apk\",\"versionCode\":32}','{\"msg\":\"操作成功\",\"code\":200}',0,NULL,'2026-03-31 13:14:05',42),(443,'用户头像',2,'com.ruoyi.web.controller.system.SysProfileController.avatar()','POST',1,'admin',NULL,'/system/user/profile/avatar','111.208.43.9','XX XX','','{\"msg\":\"操作成功\",\"imgUrl\":\"/profile/avatar/2026/03/31/blob_20260331132246A002.png\",\"code\":200}',0,NULL,'2026-03-31 13:22:46',20),(444,'用户信息',1,'com.ruoyi.web.controller.user.MxUserController.add()','POST',1,'admin',NULL,'/system/mxuser','111.208.81.4','XX XX','{\"createTime\":\"2026-03-31 14:04:55\",\"isDelete\":0,\"name\":\"测试被控（店长）\",\"params\":{},\"phoneNumber\":\"123456789\",\"userId\":16}','{\"msg\":\"操作成功\",\"code\":200}',0,NULL,'2026-03-31 14:04:55',28),(445,'用户信息',1,'com.ruoyi.web.controller.user.MxUserController.add()','POST',1,'admin',NULL,'/system/mxuser','111.208.81.4','XX XX','{\"createTime\":\"2026-03-31 14:05:21\",\"isDelete\":0,\"name\":\"测试主控（店员）\",\"params\":{},\"phoneNumber\":\"121212\",\"userId\":17}','{\"msg\":\"操作成功\",\"code\":200}',0,NULL,'2026-03-31 14:05:21',15),(446,'门店信息',1,'com.ruoyi.web.controller.store.MxStoreController.add()','POST',1,'admin',NULL,'/system/store','111.208.81.4','XX XX','{\"brandId\":\"123\",\"createTime\":\"2026-03-31 14:05:48\",\"params\":{},\"storeId\":3,\"storeNameEnglish\":\"12312\",\"storeNumber\":\"123\",\"storePhone\":\"123456789\",\"userId\":16}','{\"msg\":\"操作成功\",\"code\":200}',0,NULL,'2026-03-31 14:05:48',33),(447,'门店成员信息',1,'com.ruoyi.web.controller.store.MxStoreMemberController.add()','POST',1,'admin',NULL,'/system/member','111.208.43.9','XX XX','{\"createTime\":\"2026-03-31 14:06:09\",\"params\":{},\"post\":2,\"storeId\":3,\"userId\":17}','{\"msg\":\"操作成功\",\"code\":200}',0,NULL,'2026-03-31 14:06:09',25),(448,'菜单管理',1,'com.ruoyi.web.controller.system.SysMenuController.add()','POST',1,'admin',NULL,'/system/menu','127.0.0.1','内网IP','{\"children\":[],\"createBy\":\"admin\",\"isCache\":\"0\",\"isFrame\":\"1\",\"menuName\":\"app用户\",\"menuType\":\"C\",\"orderNum\":0,\"params\":{},\"parentId\":2,\"path\":\"monitor/userOnline/index\",\"status\":\"0\",\"visible\":\"0\"}','{\"msg\":\"操作成功\",\"code\":200}',0,NULL,'2026-04-02 11:10:20',139),(449,'菜单管理',2,'com.ruoyi.web.controller.system.SysMenuController.edit()','PUT',1,'admin',NULL,'/system/menu','127.0.0.1','内网IP','{\"children\":[],\"component\":\"monitor/userOnline/index\",\"createTime\":\"2026-04-02 11:10:20\",\"icon\":\"#\",\"isCache\":\"0\",\"isFrame\":\"1\",\"menuId\":2028,\"menuName\":\"app用户\",\"menuType\":\"C\",\"orderNum\":0,\"params\":{},\"parentId\":2,\"path\":\"userOnline\",\"perms\":\"\",\"status\":\"0\",\"updateBy\":\"admin\",\"visible\":\"0\"}','{\"msg\":\"操作成功\",\"code\":200}',0,NULL,'2026-04-02 11:11:25',125),(450,'菜单管理',2,'com.ruoyi.web.controller.system.SysMenuController.edit()','PUT',1,'admin',NULL,'/system/menu','127.0.0.1','内网IP','{\"children\":[],\"component\":\"monitor/userOnline/index\",\"createTime\":\"2026-04-02 11:10:20\",\"icon\":\"peoples\",\"isCache\":\"0\",\"isFrame\":\"1\",\"menuId\":2028,\"menuName\":\"app用户\",\"menuType\":\"C\",\"orderNum\":0,\"params\":{},\"parentId\":2,\"path\":\"userOnline\",\"perms\":\"\",\"status\":\"0\",\"updateBy\":\"admin\",\"visible\":\"0\"}','{\"msg\":\"操作成功\",\"code\":200}',0,NULL,'2026-04-02 13:04:14',118),(451,'用户管理',1,'com.ruoyi.web.controller.system.SysUserController.add()','POST',1,'admin',NULL,'/system/user','111.208.81.4','XX XX','{\"admin\":false,\"createBy\":\"admin\",\"deptId\":110,\"nickName\":\"静音仓店长\",\"params\":{},\"phonenumber\":\"18111111111\",\"postIds\":[],\"roleIds\":[],\"status\":\"0\",\"userId\":102,\"userName\":\"静音仓店长\"}','{\"msg\":\"操作成功\",\"code\":200}',0,NULL,'2026-04-02 13:22:48',152),(452,'用户管理',1,'com.ruoyi.web.controller.system.SysUserController.add()','POST',1,'admin',NULL,'/system/user','111.208.81.4','XX XX','{\"admin\":false,\"createBy\":\"admin\",\"deptId\":110,\"nickName\":\"测试被控店长\",\"params\":{},\"phonenumber\":\"17751071111\",\"postIds\":[],\"roleIds\":[],\"status\":\"0\",\"userId\":103,\"userName\":\"测试被控店长\"}','{\"msg\":\"操作成功\",\"code\":200}',0,NULL,'2026-04-02 13:23:33',125),(453,'菜单管理',1,'com.ruoyi.web.controller.system.SysMenuController.add()','POST',1,'admin',NULL,'/system/menu','111.208.81.4','XX XX','{\"children\":[],\"component\":\"system/errorlog/index\",\"createBy\":\"admin\",\"isCache\":\"0\",\"isFrame\":\"1\",\"menuName\":\"错误日志报告\",\"menuType\":\"C\",\"orderNum\":5,\"params\":{},\"parentId\":2007,\"path\":\"errorlog\",\"status\":\"0\",\"visible\":\"0\"}','{\"msg\":\"操作成功\",\"code\":200}',0,NULL,'2026-04-10 09:07:57',29),(454,'菜单管理',2,'com.ruoyi.web.controller.system.SysMenuController.edit()','PUT',1,'admin',NULL,'/system/menu','111.208.43.9','XX XX','{\"children\":[],\"component\":\"system/errorLog/index\",\"createTime\":\"2026-04-10 09:07:57\",\"icon\":\"#\",\"isCache\":\"0\",\"isFrame\":\"1\",\"menuId\":2029,\"menuName\":\"错误日志报告\",\"menuType\":\"C\",\"orderNum\":5,\"params\":{},\"parentId\":2007,\"path\":\"errorLog\",\"perms\":\"\",\"status\":\"0\",\"updateBy\":\"admin\",\"visible\":\"0\"}','{\"msg\":\"操作成功\",\"code\":200}',0,NULL,'2026-04-10 09:08:43',14),(455,'用户信息',1,'com.ruoyi.web.controller.user.MxUserController.add()','POST',1,'admin',NULL,'/system/mxuser','117.82.128.95','XX XX','{\"createTime\":\"2026-04-13 14:45:13\",\"name\":\"18344444444\",\"params\":{},\"phoneNumber\":\"18344444444\",\"userId\":22}','{\"msg\":\"操作成功\",\"code\":200}',0,NULL,'2026-04-13 14:45:13',10),(456,'用户信息',1,'com.ruoyi.web.controller.user.MxUserController.add()','POST',1,'admin',NULL,'/system/mxuser','117.82.128.95','XX XX','{\"createTime\":\"2026-04-13 14:45:31\",\"gender\":1,\"name\":\"18355555555\",\"params\":{},\"phoneNumber\":\"18355555555\",\"userId\":23}','{\"msg\":\"操作成功\",\"code\":200}',0,NULL,'2026-04-13 14:45:32',11),(457,'门店信息',1,'com.ruoyi.web.controller.store.MxStoreController.add()','POST',1,'admin',NULL,'/system/store','117.82.128.95','XX XX','{\"createTime\":\"2026-04-13 14:46:19\",\"params\":{},\"storeId\":4,\"storeNameEnglish\":\"18344444444\",\"storePhone\":\"18344444444\",\"userId\":22}','{\"msg\":\"操作成功\",\"code\":200}',0,NULL,'2026-04-13 14:46:19',23),(458,'门店成员信息',1,'com.ruoyi.web.controller.store.MxStoreMemberController.add()','POST',1,'admin',NULL,'/system/member','117.82.128.95','XX XX','{\"params\":{},\"post\":2,\"storeId\":4,\"userId\":5}',NULL,1,'该用户已存在门店','2026-04-13 14:46:49',4),(459,'门店成员信息',1,'com.ruoyi.web.controller.store.MxStoreMemberController.add()','POST',1,'admin',NULL,'/system/member','117.82.128.95','XX XX','{\"createTime\":\"2026-04-13 14:47:00\",\"params\":{},\"post\":2,\"storeId\":4,\"userId\":23}','{\"msg\":\"操作成功\",\"code\":200}',0,NULL,'2026-04-13 14:47:00',15),(460,'安装包',2,'com.ruoyi.web.controller.user.InstallingPackagesController.edit()','PUT',1,'admin',NULL,'/system/packages','117.82.128.95','XX XX','{\"forcedUpdating\":0,\"installingId\":3,\"note\":\"修复已知问题\",\"packageName\":\"验光仪安装包\",\"params\":{},\"updateTime\":\"2026-04-13 15:15:33\",\"url\":\"http://admin.ximingtech.com:81/profile/upload/apk/2026/04/13/xm_ark_sys_1.0.0_20260413151531A005.apk\",\"versionCode\":33,\"versionName\":\"\"}','{\"msg\":\"操作成功\",\"code\":200}',0,NULL,'2026-04-13 15:15:33',12),(461,'安装包',2,'com.ruoyi.web.controller.user.InstallingPackagesController.edit()','PUT',1,'admin',NULL,'/system/packages','127.0.0.1','内网IP','{\"createTime\":\"2024-09-27 13:12:06\",\"forcedUpdating\":0,\"installingId\":1,\"note\":\"修复已知问题\",\"packageName\":\"平板安装包\",\"params\":{},\"updateTime\":\"2026-04-13 16:00:58\",\"url\":\"http://localhost:8082/profile/upload/apk/2026/04/13/app-debug_20260413160055A003.apk\",\"versionCode\":2}','{\"msg\":\"操作成功\",\"code\":200}',0,NULL,'2026-04-13 16:00:58',42),(462,'安装包',2,'com.ruoyi.web.controller.user.InstallingPackagesController.edit()','PUT',1,'admin',NULL,'/system/packages','127.0.0.1','内网IP','{\"createTime\":\"2024-09-27 13:12:06\",\"forcedUpdating\":0,\"installingId\":1,\"note\":\"修复已知问题\",\"packageName\":\"平板安装包\",\"params\":{},\"updateTime\":\"2026-04-13 16:27:56\",\"url\":\"http://admin.ximingtech.com:81/profile/upload/apk/2026/04/13/app-debug_20260413162745A001.apk\",\"versionCode\":2}','{\"msg\":\"操作成功\",\"code\":200}',0,NULL,'2026-04-13 16:27:57',49),(463,'安装包',2,'com.ruoyi.web.controller.user.InstallingPackagesController.edit()','PUT',1,'admin',NULL,'/system/packages','127.0.0.1','内网IP','{\"forcedUpdating\":0,\"installingId\":3,\"note\":\"修复已知问题\",\"packageName\":\"验光仪安装包\",\"params\":{},\"updateTime\":\"2026-04-14 15:10:35\",\"url\":\"http://admin.ximingtech.com:81/profile/upload/apk/2026/04/14/xm_ark_sys_1.0.0_20260414150848A002.apk\",\"versionCode\":34,\"versionName\":\"\"}','{\"msg\":\"操作成功\",\"code\":200}',0,NULL,'2026-04-14 15:10:35',17);
/*!40000 ALTER TABLE `sys_oper_log` ENABLE KEYS */;
UNLOCK TABLES;

--
-- Table structure for table `sys_operation_records`
--

DROP TABLE IF EXISTS `sys_operation_records`;
/*!40101 SET @saved_cs_client     = @@character_set_client */;
/*!50503 SET character_set_client = utf8mb4 */;
CREATE TABLE `sys_operation_records` (
  `id` bigint unsigned NOT NULL AUTO_INCREMENT,
  `created_at` datetime(3) DEFAULT NULL,
  `updated_at` datetime(3) DEFAULT NULL,
  `deleted_at` datetime(3) DEFAULT NULL,
  `ip` varchar(191) COLLATE utf8mb4_general_ci DEFAULT NULL COMMENT '请求ip',
  `method` varchar(191) COLLATE utf8mb4_general_ci DEFAULT NULL COMMENT '请求方法',
  `path` varchar(191) COLLATE utf8mb4_general_ci DEFAULT NULL COMMENT '请求路径',
  `status` bigint DEFAULT NULL COMMENT '请求状态',
  `latency` bigint DEFAULT NULL COMMENT '延迟',
  `agent` text COLLATE utf8mb4_general_ci COMMENT '代理',
  `error_message` varchar(191) COLLATE utf8mb4_general_ci DEFAULT NULL COMMENT '错误信息',
  `body` text COLLATE utf8mb4_general_ci COMMENT '请求Body',
  `resp` text COLLATE utf8mb4_general_ci COMMENT '响应Body',
  `user_id` bigint unsigned DEFAULT NULL COMMENT '用户id',
  PRIMARY KEY (`id`),
  KEY `idx_sys_operation_records_deleted_at` (`deleted_at`)
) ENGINE=InnoDB AUTO_INCREMENT=106 DEFAULT CHARSET=utf8mb4 COLLATE=utf8mb4_general_ci;
/*!40101 SET character_set_client = @saved_cs_client */;

--
-- Dumping data for table `sys_operation_records`
--

LOCK TABLES `sys_operation_records` WRITE;
/*!40000 ALTER TABLE `sys_operation_records` DISABLE KEYS */;
INSERT INTO `sys_operation_records` VALUES (1,'2026-04-15 11:38:02.524','2026-04-15 11:38:02.524',NULL,'127.0.0.1','POST','/sysApiToken/getApiTokenList',200,4053125,'Mozilla/5.0 (Macintosh; Intel Mac OS X 10_15_7) AppleWebKit/537.36 (KHTML, like Gecko) Chrome/146.0.0.0 Safari/537.36','','{\"page\":1,\"pageSize\":10}','{\"code\":0,\"data\":{\"list\":[],\"total\":0,\"page\":1,\"pageSize\":10},\"msg\":\"获取成功\"}',1),(2,'2026-04-15 13:01:47.480','2026-04-15 13:01:47.480',NULL,'127.0.0.1','POST','/store/mxUser',200,2894250,'Mozilla/5.0 (Macintosh; Intel Mac OS X 10_15_7) AppleWebKit/537.36 (KHTML, like Gecko) Chrome/146.0.0.0 Safari/537.36','','{\"name\":\"lll\",\"password\":\"111111\",\"phoneNumber\":\"12111111111\"}','{\"code\":0,\"data\":{},\"msg\":\"创建成功\"}',1),(3,'2026-04-15 13:02:26.925','2026-04-15 13:02:26.925',NULL,'127.0.0.1','POST','/store/mxUser',200,2307167,'Mozilla/5.0 (Macintosh; Intel Mac OS X 10_15_7) AppleWebKit/537.36 (KHTML, like Gecko) Chrome/146.0.0.0 Safari/537.36','','{\"name\":\"lll_2\",\"phoneNumber\":\"12333333333\",\"password\":\"111111\"}','{\"code\":0,\"data\":{},\"msg\":\"创建成功\"}',1),(4,'2026-04-15 13:02:53.270','2026-04-15 13:02:53.270',NULL,'127.0.0.1','POST','/store/mxStore',200,7015000,'Mozilla/5.0 (Macintosh; Intel Mac OS X 10_15_7) AppleWebKit/537.36 (KHTML, like Gecko) Chrome/146.0.0.0 Safari/537.36','','{\"store\":{\"userId\":1,\"brandId\":\"1\",\"storeNumber\":\"1\",\"storeNameEnglish\":\"静音仓1\"},\"member\":{\"userId\":1,\"post\":1}}','{\"code\":0,\"data\":{},\"msg\":\"创建成功\"}',1),(5,'2026-04-15 13:03:59.246','2026-04-15 13:03:59.246',NULL,'127.0.0.1','GET','/api/getApiGroups',200,2037833,'Mozilla/5.0 (Macintosh; Intel Mac OS X 10_15_7) AppleWebKit/537.36 (KHTML, like Gecko) Chrome/146.0.0.0 Safari/537.36','','{}','{\"code\":0,\"data\":{\"apiGroupMap\":{\"api\":\"api\",\"attachmentCategory\":\"媒体库分类\",\"authority\":\"角色\",\"authorityBtn\":\"按钮权限\",\"autoCode\":\"代码生成器历史\",\"casbin\":\"casbin\",\"customer\":\"客户\",\"email\":\"email\",\"fileUploadAndDownload\":\"文件上传与下载\",\"info\":\"公告\",\"jwt\":\"jwt\",\"menu\":\"菜单\",\"simpleUploader\":\"断点续传(插件版)\",\"skills\":\"skills\",\"sysApiToken\":\"API Token\",\"sysDictionary\":\"系统字典\",\"sysDictionaryDetail\":\"系统字典详情\",\"sysError\":\"错误日志\",\"sysExportTemplate\":\"导出模板\",\"sysLoginLog\":\"登录日志\",\"sysOperationRecord\":\"操作记录\",\"sysParams\":\"参数管理\",\"sysVersion\":\"版本控制\",\"system\":\"系统服务\",\"user\":\"系统用户\"},\"groups\":[\"jwt\",\"登录日志\",\"API Token\",\"系统用户\",\"api\",\"角色\",\"casbin\",\"菜单\",\"分片上传\",\"文件上传与下载\",\"系统服务\",\"skills\",\"客户\",\"代码生成器\",\"模板配置\",\"代码生成器历史\",\"系统字典详情\",\"系统字典\",\"操作记录\",\"断点续传(插件版)\",\"email\",\"按钮权限\",\"导出模板\",\"错误日志\",\"公告\",\"参数管理\",\"媒体库分类\",\"版本控制\"]},\"msg\":\"成功\"}',1),(6,'2026-04-15 13:10:41.463','2026-04-15 13:10:41.463',NULL,'127.0.0.1','PUT','/store/mxUser',200,5207791,'Mozilla/5.0 (Macintosh; Intel Mac OS X 10_15_7) AppleWebKit/537.36 (KHTML, like Gecko) Chrome/146.0.0.0 Safari/537.36','','{\"userId\":1,\"CreateTime\":{\"createTime\":\"2026-04-15T13:01:47.477+08:00\",\"updateTime\":\"2026-04-15T13:01:47.477+08:00\"},\"latestCheckupDateTime\":null,\"name\":\"lll\",\"gender\":1,\"dateOfBirth\":null,\"age\":null,\"phoneNumber\":\"12111111111\",\"password\":\"111111\",\"qqNumber\":\"\",\"emailAddress\":\"\",\"identificationNumber\":\"\",\"wechat\":\"\",\"medicalInsuranceAccount\":\"\",\"city\":\"\",\"contactAddress\":\"\",\"occupation\":\"\",\"company\":\"\",\"remarks\":\"\",\"glassesNeed\":\"\",\"dominantEye\":\"\",\"isDelete\":0}','{\"code\":0,\"data\":{},\"msg\":\"更新成功\"}',1),(7,'2026-04-15 13:14:50.298','2026-04-15 13:14:50.298',NULL,'127.0.0.1','POST','/store/mxStoreMember',200,28667,'Mozilla/5.0 (Macintosh; Intel Mac OS X 10_15_7) AppleWebKit/537.36 (KHTML, like Gecko) Chrome/146.0.0.0 Safari/537.36','','{\"storeId\":1,\"userId\":\"2\",\"post\":2}','{\"code\":7,\"data\":{},\"msg\":\"json: cannot unmarshal string into Go struct field MxStoreMember.userId of type int64\"}',1),(8,'2026-04-15 13:15:56.889','2026-04-15 13:15:56.889',NULL,'127.0.0.1','POST','/store/mxStoreMember',200,38500,'Mozilla/5.0 (Macintosh; Intel Mac OS X 10_15_7) AppleWebKit/537.36 (KHTML, like Gecko) Chrome/146.0.0.0 Safari/537.36','','{\"storeId\":1,\"userId\":\"2\",\"post\":2}','{\"code\":7,\"data\":{},\"msg\":\"json: cannot unmarshal string into Go struct field MxStoreMember.userId of type int64\"}',1),(9,'2026-04-15 13:16:04.802','2026-04-15 13:16:04.802',NULL,'127.0.0.1','POST','/store/mxStoreMember',200,44750,'Mozilla/5.0 (Macintosh; Intel Mac OS X 10_15_7) AppleWebKit/537.36 (KHTML, like Gecko) Chrome/146.0.0.0 Safari/537.36','','{\"storeId\":1,\"userId\":\"2\",\"post\":2}','{\"code\":7,\"data\":{},\"msg\":\"json: cannot unmarshal string into Go struct field MxStoreMember.userId of type int64\"}',1),(10,'2026-04-15 13:18:10.083','2026-04-15 13:18:10.083',NULL,'127.0.0.1','POST','/store/mxStoreMember',200,6052292,'Mozilla/5.0 (Macintosh; Intel Mac OS X 10_15_7) AppleWebKit/537.36 (KHTML, like Gecko) Chrome/146.0.0.0 Safari/537.36','','{\"storeId\":1,\"userId\":2,\"post\":2}','{\"code\":0,\"data\":{},\"msg\":\"添加成功\"}',1),(11,'2026-04-15 13:18:51.196','2026-04-15 13:18:51.196',NULL,'127.0.0.1','POST','/store/installingPackage',200,1892417,'Mozilla/5.0 (Macintosh; Intel Mac OS X 10_15_7) AppleWebKit/537.36 (KHTML, like Gecko) Chrome/146.0.0.0 Safari/537.36','','{\"forceUpdate\":0,\"version\":\"33\",\"packageName\":\"com.xm.yanguang\"}','{\"code\":0,\"data\":{},\"msg\":\"创建成功\"}',1),(12,'2026-04-15 13:27:41.779','2026-04-15 13:27:41.779',NULL,'127.0.0.1','POST','/store/mxActivationCode/generate',200,42360792,'Mozilla/5.0 (Macintosh; Intel Mac OS X 10_15_7) AppleWebKit/537.36 (KHTML, like Gecko) Chrome/146.0.0.0 Safari/537.36','','','{\"code\":0,\"data\":\"7d63e4a8\",\"msg\":\"生成成功\"}',1),(13,'2026-04-15 13:27:58.156','2026-04-15 13:27:58.156',NULL,'127.0.0.1','PUT','/store/installingPackage',200,10998584,'Mozilla/5.0 (Macintosh; Intel Mac OS X 10_15_7) AppleWebKit/537.36 (KHTML, like Gecko) Chrome/146.0.0.0 Safari/537.36','','{\"installingId\":1,\"CreateTime\":{\"createTime\":\"2026-04-15T13:18:51.195+08:00\",\"updateTime\":\"2026-04-15T13:18:51.195+08:00\"},\"packageName\":\"com.xm.yanguang\",\"url\":\"\",\"versionCode\":null,\"versionName\":\"\",\"note\":\"\",\"forcedUpdating\":0,\"forceUpdate\":0,\"version\":\"33\"}','{\"code\":0,\"data\":{},\"msg\":\"更新成功\"}',1),(14,'2026-04-15 13:28:05.851','2026-04-15 13:28:05.851',NULL,'127.0.0.1','PUT','/store/installingPackage',200,1937625,'Mozilla/5.0 (Macintosh; Intel Mac OS X 10_15_7) AppleWebKit/537.36 (KHTML, like Gecko) Chrome/146.0.0.0 Safari/537.36','','{\"installingId\":1,\"CreateTime\":{\"createTime\":\"2026-04-15T13:18:51.195+08:00\",\"updateTime\":\"2026-04-15T13:27:58.148+08:00\"},\"packageName\":\"com.xm.yanguang\",\"url\":\"\",\"versionCode\":null,\"versionName\":\"\",\"note\":\"\",\"forcedUpdating\":0,\"forceUpdate\":0,\"version\":\"2\"}','{\"code\":0,\"data\":{},\"msg\":\"更新成功\"}',1),(15,'2026-04-15 13:40:26.375','2026-04-15 13:40:26.375',NULL,'127.0.0.1','PUT','/store/installingPackage',200,29055917,'Mozilla/5.0 (Macintosh; Intel Mac OS X 10_15_7) AppleWebKit/537.36 (KHTML, like Gecko) Chrome/146.0.0.0 Safari/537.36','','{\"installingId\":1,\"packageName\":\"index\",\"url\":\"uploads/file/6a992d5529f459a44fee58c733255e86_20260415134007.apk\",\"versionName\":\"1\",\"note\":\"\",\"forcedUpdating\":0}','{\"code\":7,\"data\":{},\"msg\":\"更新失败:Error 1292 (22007): Incorrect datetime value: \'0000-00-00\' for column \'create_time\' at row 1\"}',1),(16,'2026-04-15 13:52:57.518','2026-04-15 13:52:57.518',NULL,'127.0.0.1','PUT','/store/installingPackage',200,7074584,'Mozilla/5.0 (Macintosh; Intel Mac OS X 10_15_7) AppleWebKit/537.36 (KHTML, like Gecko) Chrome/146.0.0.0 Safari/537.36','','{\"installingId\":1,\"packageName\":\"index\",\"url\":\"uploads/file/6a992d5529f459a44fee58c733255e86_20260415135254.apk\",\"versionName\":\"1\",\"note\":\"\",\"forcedUpdating\":0}','{\"code\":0,\"data\":{},\"msg\":\"更新成功\"}',1),(17,'2026-04-15 13:53:06.837','2026-04-15 13:53:06.837',NULL,'127.0.0.1','POST','/store/installingPackage',200,2157667,'Mozilla/5.0 (Macintosh; Intel Mac OS X 10_15_7) AppleWebKit/537.36 (KHTML, like Gecko) Chrome/146.0.0.0 Safari/537.36','','{\"packageName\":\"index\",\"url\":\"uploads/file/6a992d5529f459a44fee58c733255e86_20260415135305.apk\",\"versionName\":\"2\",\"note\":\"\",\"forcedUpdating\":0}','{\"code\":0,\"data\":{},\"msg\":\"创建成功\"}',1),(18,'2026-04-15 13:53:57.418','2026-04-15 13:53:57.418',NULL,'127.0.0.1','DELETE','/store/installingPackage',200,3483500,'Mozilla/5.0 (Macintosh; Intel Mac OS X 10_15_7) AppleWebKit/537.36 (KHTML, like Gecko) Chrome/146.0.0.0 Safari/537.36','','{\"installingId\":2}','{\"code\":0,\"data\":{},\"msg\":\"删除成功\"}',1),(19,'2026-04-15 13:53:58.990','2026-04-15 13:53:58.990',NULL,'127.0.0.1','DELETE','/store/installingPackage',200,2114042,'Mozilla/5.0 (Macintosh; Intel Mac OS X 10_15_7) AppleWebKit/537.36 (KHTML, like Gecko) Chrome/146.0.0.0 Safari/537.36','','{\"installingId\":1}','{\"code\":0,\"data\":{},\"msg\":\"删除成功\"}',1),(20,'2026-04-15 14:04:06.681','2026-04-15 14:04:06.681',NULL,'127.0.0.1','POST','/store/installingPackage',200,2520625,'Mozilla/5.0 (Macintosh; Intel Mac OS X 10_15_7) AppleWebKit/537.36 (KHTML, like Gecko) Chrome/146.0.0.0 Safari/537.36','','{\"packageName\":\"index\",\"app\":\"验光仪\",\"url\":\"uploads/file/6a992d5529f459a44fee58c733255e86_20260415140405.apk\",\"versionName\":\"1\",\"note\":\"\",\"forcedUpdating\":0}','{\"code\":0,\"data\":{},\"msg\":\"创建成功\"}',1),(21,'2026-04-15 14:04:25.830','2026-04-15 14:04:25.830',NULL,'127.0.0.1','POST','/store/installingPackage',200,2889208,'Mozilla/5.0 (Macintosh; Intel Mac OS X 10_15_7) AppleWebKit/537.36 (KHTML, like Gecko) Chrome/146.0.0.0 Safari/537.36','','{\"packageName\":\"index\",\"app\":\"牛头control\",\"url\":\"uploads/file/6a992d5529f459a44fee58c733255e86_20260415140425.apk\",\"versionName\":\"1\",\"note\":\"\",\"forcedUpdating\":0}','{\"code\":0,\"data\":{},\"msg\":\"创建成功\"}',1),(22,'2026-04-15 14:04:40.649','2026-04-15 14:04:40.649',NULL,'127.0.0.1','POST','/store/mxActivationCode/generate',200,1239459,'Mozilla/5.0 (Macintosh; Intel Mac OS X 10_15_7) AppleWebKit/537.36 (KHTML, like Gecko) Chrome/146.0.0.0 Safari/537.36','','','{\"code\":0,\"data\":\"88cdf952\",\"msg\":\"生成成功\"}',1),(23,'2026-04-15 14:05:16.948','2026-04-15 14:05:16.948',NULL,'127.0.0.1','POST','/store/mxActivationCode/generate',200,974833,'Mozilla/5.0 (Macintosh; Intel Mac OS X 10_15_7) AppleWebKit/537.36 (KHTML, like Gecko) Chrome/146.0.0.0 Safari/537.36','','','{\"code\":0,\"data\":\"88cdf952\",\"msg\":\"生成成功\"}',1),(24,'2026-04-15 14:09:37.230','2026-04-15 14:09:37.230',NULL,'127.0.0.1','POST','/store/mxActivationCode/generate',200,3460250,'Mozilla/5.0 (Macintosh; Intel Mac OS X 10_15_7) AppleWebKit/537.36 (KHTML, like Gecko) Chrome/146.0.0.0 Safari/537.36','','','{\"code\":0,\"data\":\"7d63e4a8\",\"msg\":\"生成成功\"}',1),(25,'2026-04-15 14:23:31.220','2026-04-15 14:23:31.220',NULL,'127.0.0.1','POST','/store/mxActivationCode/generate',200,4707500,'Mozilla/5.0 (Macintosh; Intel Mac OS X 10_15_7) AppleWebKit/537.36 (KHTML, like Gecko) Chrome/146.0.0.0 Safari/537.36','','','{\"code\":0,\"data\":\"574575b5\",\"msg\":\"生成成功\"}',1),(26,'2026-04-15 14:33:23.450','2026-04-15 14:33:23.450',NULL,'127.0.0.1','DELETE','/store/mxActivationCode',200,3207083,'Mozilla/5.0 (Macintosh; Intel Mac OS X 10_15_7) AppleWebKit/537.36 (KHTML, like Gecko) Chrome/146.0.0.0 Safari/537.36','','{\"activationId\":1}','{\"code\":0,\"data\":{},\"msg\":\"删除成功\"}',1),(27,'2026-04-15 14:33:36.256','2026-04-15 14:33:36.256',NULL,'127.0.0.1','POST','/store/mxActivationCode/generate',200,3399792,'Mozilla/5.0 (Macintosh; Intel Mac OS X 10_15_7) AppleWebKit/537.36 (KHTML, like Gecko) Chrome/146.0.0.0 Safari/537.36','','','{\"code\":0,\"data\":\"d453540e\",\"msg\":\"生成成功\"}',1),(28,'2026-04-15 14:46:51.803','2026-04-15 14:46:51.803',NULL,'127.0.0.1','POST','/mall/goodsCategory',200,3512708,'Mozilla/5.0 (Macintosh; Intel Mac OS X 10_15_7) AppleWebKit/537.36 (KHTML, like Gecko) Chrome/146.0.0.0 Safari/537.36','','{\"status\":1,\"sort\":0,\"parentId\":\"0\",\"name\":\"镜框\"}','{\"code\":0,\"data\":{},\"msg\":\"创建成功\"}',1),(29,'2026-04-15 14:47:41.790','2026-04-15 14:47:41.790',NULL,'127.0.0.1','POST','/mall/goodsCategory',200,7584625,'Mozilla/5.0 (Macintosh; Intel Mac OS X 10_15_7) AppleWebKit/537.36 (KHTML, like Gecko) Chrome/146.0.0.0 Safari/537.36','','{\"status\":1,\"sort\":0,\"parentId\":\"0\",\"name\":\"镜框\"}','{\"code\":7,\"data\":{},\"msg\":\"创建失败:Error 1062 (23000): Duplicate entry \'\' for key \'goods_category.PRIMARY\'\"}',1),(30,'2026-04-15 15:14:22.611','2026-04-15 15:14:22.611',NULL,'127.0.0.1','POST','/mall/goodsCategory',200,5556459,'Mozilla/5.0 (Macintosh; Intel Mac OS X 10_15_7) AppleWebKit/537.36 (KHTML, like Gecko) Chrome/146.0.0.0 Safari/537.36','','{\"status\":1,\"sort\":0,\"parentId\":\"0\",\"name\":\"镜框\"}','{\"code\":7,\"data\":{},\"msg\":\"创建失败:Error 1406 (22001): Data too long for column \'id\' at row 1\"}',1),(31,'2026-04-15 15:14:50.184','2026-04-15 15:14:50.184',NULL,'127.0.0.1','POST','/mall/goodsCategory',200,4984333,'Mozilla/5.0 (Macintosh; Intel Mac OS X 10_15_7) AppleWebKit/537.36 (KHTML, like Gecko) Chrome/146.0.0.0 Safari/537.36','','{\"status\":1,\"sort\":0,\"parentId\":\"0\",\"name\":\"jk\"}','{\"code\":7,\"data\":{},\"msg\":\"创建失败:Error 1406 (22001): Data too long for column \'id\' at row 1\"}',1),(32,'2026-04-15 15:34:47.070','2026-04-15 15:34:47.070',NULL,'127.0.0.1','POST','/mall/goodsCategory',200,10159875,'Mozilla/5.0 (Macintosh; Intel Mac OS X 10_15_7) AppleWebKit/537.36 (KHTML, like Gecko) Chrome/146.0.0.0 Safari/537.36','','{\"status\":1,\"sort\":0,\"parentId\":\"0\",\"name\":\"jk\"}','{\"code\":7,\"data\":{},\"msg\":\"创建失败:Error 1406 (22001): Data too long for column \'id\' at row 1\"}',1),(33,'2026-04-15 15:35:08.493','2026-04-15 15:35:08.493',NULL,'127.0.0.1','POST','/mall/goodsCategory',200,2639250,'Mozilla/5.0 (Macintosh; Intel Mac OS X 10_15_7) AppleWebKit/537.36 (KHTML, like Gecko) Chrome/146.0.0.0 Safari/537.36','','{\"status\":1,\"sort\":0,\"parentId\":\"0\",\"name\":\"镜框\"}','{\"code\":0,\"data\":{},\"msg\":\"创建成功\"}',1),(34,'2026-04-15 15:36:02.409','2026-04-15 15:36:02.409',NULL,'127.0.0.1','POST','/mall/goodsCategory',200,3286208,'Mozilla/5.0 (Macintosh; Intel Mac OS X 10_15_7) AppleWebKit/537.36 (KHTML, like Gecko) Chrome/146.0.0.0 Safari/537.36','','{\"status\":1,\"sort\":0,\"parentId\":\"0\",\"name\":\"镜框\"}','{\"code\":0,\"data\":{},\"msg\":\"创建成功\"}',1),(35,'2026-04-15 16:41:01.088','2026-04-15 16:41:01.088',NULL,'127.0.0.1','POST','/mall/goodsCategory',200,6732875,'Mozilla/5.0 (Macintosh; Intel Mac OS X 10_15_7) AppleWebKit/537.36 (KHTML, like Gecko) Chrome/146.0.0.0 Safari/537.36','','{\"status\":1,\"sort\":0,\"parentId\":\"0\",\"name\":\"镜框\"}','{\"code\":0,\"data\":{},\"msg\":\"创建成功\"}',1),(36,'2026-04-15 16:41:05.512','2026-04-15 16:41:05.512',NULL,'127.0.0.1','POST','/mall/goodsCategory',200,2949792,'Mozilla/5.0 (Macintosh; Intel Mac OS X 10_15_7) AppleWebKit/537.36 (KHTML, like Gecko) Chrome/146.0.0.0 Safari/537.36','','{\"status\":1,\"sort\":0,\"parentId\":\"0\",\"name\":\"jk\"}','{\"code\":0,\"data\":{},\"msg\":\"创建成功\"}',1),(37,'2026-04-15 16:43:10.748','2026-04-15 16:43:10.748',NULL,'127.0.0.1','PUT','/mall/goodsCategory',200,2391416,'Mozilla/5.0 (Macintosh; Intel Mac OS X 10_15_7) AppleWebKit/537.36 (KHTML, like Gecko) Chrome/146.0.0.0 Safari/537.36','','{\"id\":\"dc35cf98bf934027ae45b09c3e5b390b\",\"enable\":\"\",\"parentId\":\"0\",\"name\":\"镜框\",\"description\":null,\"picUrl\":null,\"sort\":0,\"createTime\":\"2026-04-15T16:41:01.082+08:00\",\"updateTime\":\"2026-04-15T16:41:01.082+08:00\",\"delFlag\":\"0\",\"status\":1}','{\"code\":0,\"data\":{},\"msg\":\"更新成功\"}',1),(38,'2026-04-15 16:43:13.439','2026-04-15 16:43:13.439',NULL,'127.0.0.1','PUT','/mall/goodsCategory',200,2511375,'Mozilla/5.0 (Macintosh; Intel Mac OS X 10_15_7) AppleWebKit/537.36 (KHTML, like Gecko) Chrome/146.0.0.0 Safari/537.36','','{\"id\":\"ed0189f8de854471a59547cba00e394b\",\"enable\":\"\",\"parentId\":\"0\",\"name\":\"jk\",\"description\":null,\"picUrl\":null,\"sort\":0,\"createTime\":\"2026-04-15T16:41:05.509+08:00\",\"updateTime\":\"2026-04-15T16:41:05.509+08:00\",\"delFlag\":\"0\",\"status\":1}','{\"code\":0,\"data\":{},\"msg\":\"更新成功\"}',1),(39,'2026-04-15 16:43:18.798','2026-04-15 16:43:18.798',NULL,'127.0.0.1','PUT','/mall/goodsCategory',200,1981584,'Mozilla/5.0 (Macintosh; Intel Mac OS X 10_15_7) AppleWebKit/537.36 (KHTML, like Gecko) Chrome/146.0.0.0 Safari/537.36','','{\"id\":\"dc35cf98bf934027ae45b09c3e5b390b\",\"enable\":\"\",\"parentId\":\"0\",\"name\":\"镜框\",\"description\":null,\"picUrl\":null,\"sort\":0,\"createTime\":\"2026-04-15T16:41:01.082+08:00\",\"updateTime\":\"2026-04-15T16:43:10.746+08:00\",\"delFlag\":\"0\",\"status\":1}','{\"code\":0,\"data\":{},\"msg\":\"更新成功\"}',1),(40,'2026-04-15 16:46:37.121','2026-04-15 16:46:37.121',NULL,'127.0.0.1','PUT','/mall/goodsCategory',200,48625,'Mozilla/5.0 (Macintosh; Intel Mac OS X 10_15_7) AppleWebKit/537.36 (KHTML, like Gecko) Chrome/146.0.0.0 Safari/537.36','','{\"id\":\"dc35cf98bf934027ae45b09c3e5b390b\",\"enable\":1,\"parentId\":\"0\",\"name\":\"镜框\",\"description\":null,\"picUrl\":null,\"sort\":0,\"createTime\":\"2026-04-15T16:41:01.082+08:00\",\"updateTime\":\"2026-04-15T16:43:18.796+08:00\",\"delFlag\":\"0\"}','{\"code\":7,\"data\":{},\"msg\":\"json: cannot unmarshal number into Go struct field GoodsCategory.enable of type string\"}',1),(41,'2026-04-15 17:40:04.169','2026-04-15 17:40:04.169',NULL,'127.0.0.1','PUT','/mall/goodsCategory',200,4037459,'Mozilla/5.0 (Macintosh; Intel Mac OS X 10_15_7) AppleWebKit/537.36 (KHTML, like Gecko) Chrome/146.0.0.0 Safari/537.36','','{\"id\":\"dc35cf98bf934027ae45b09c3e5b390b\",\"enable\":0,\"parentId\":\"0\",\"name\":\"镜框\",\"description\":null,\"picUrl\":null,\"sort\":0,\"createTime\":\"2026-04-15 16:41:01\",\"updateTime\":\"2026-04-15 16:43:18\",\"delFlag\":\"0\"}','{\"code\":0,\"data\":{},\"msg\":\"更新成功\"}',1),(42,'2026-04-15 17:40:09.458','2026-04-15 17:40:09.458',NULL,'127.0.0.1','PUT','/mall/goodsCategory',200,1570500,'Mozilla/5.0 (Macintosh; Intel Mac OS X 10_15_7) AppleWebKit/537.36 (KHTML, like Gecko) Chrome/146.0.0.0 Safari/537.36','','{\"id\":\"dc35cf98bf934027ae45b09c3e5b390b\",\"enable\":0,\"parentId\":\"0\",\"name\":\"镜框\",\"description\":null,\"picUrl\":null,\"sort\":0,\"createTime\":\"2026-04-16 00:41:01\",\"updateTime\":\"2026-04-15 17:40:04\",\"delFlag\":\"0\"}','{\"code\":0,\"data\":{},\"msg\":\"更新成功\"}',1),(43,'2026-04-15 18:44:37.904','2026-04-15 18:44:37.904',NULL,'127.0.0.1','PUT','/mall/goodsCategory',200,10923417,'Mozilla/5.0 (Macintosh; Intel Mac OS X 10_15_7) AppleWebKit/537.36 (KHTML, like Gecko) Chrome/146.0.0.0 Safari/537.36','','{\"id\":\"ed0189f8de854471a59547cba00e394b\",\"enable\":0,\"parentId\":\"0\",\"name\":\"jk\",\"description\":null,\"picUrl\":null,\"sort\":0,\"createTime\":\"2026-04-15 16:41:05\",\"updateTime\":\"2026-04-15 16:43:13\",\"delFlag\":\"0\"}','{\"code\":0,\"data\":{},\"msg\":\"更新成功\"}',1),(44,'2026-04-15 18:48:11.760','2026-04-15 18:48:11.760',NULL,'127.0.0.1','PUT','/mall/goodsCategory',200,3639250,'Mozilla/5.0 (Macintosh; Intel Mac OS X 10_15_7) AppleWebKit/537.36 (KHTML, like Gecko) Chrome/146.0.0.0 Safari/537.36','','{\"id\":\"dc35cf98bf934027ae45b09c3e5b390b\",\"enable\":0,\"parentId\":\"0\",\"name\":\"镜框\",\"description\":null,\"picUrl\":null,\"sort\":0,\"createTime\":\"2026-04-16 08:41:01\",\"updateTime\":\"2026-04-15 17:40:09\",\"delFlag\":\"0\"}','{\"code\":0,\"data\":{},\"msg\":\"更新成功\"}',1),(45,'2026-04-15 18:48:14.765','2026-04-15 18:48:14.765',NULL,'127.0.0.1','PUT','/mall/goodsCategory',200,1059959,'Mozilla/5.0 (Macintosh; Intel Mac OS X 10_15_7) AppleWebKit/537.36 (KHTML, like Gecko) Chrome/146.0.0.0 Safari/537.36','','{\"id\":\"ed0189f8de854471a59547cba00e394b\",\"enable\":0,\"parentId\":\"0\",\"name\":\"jk\",\"description\":null,\"picUrl\":null,\"sort\":0,\"createTime\":\"2026-04-16 00:41:05\",\"updateTime\":\"2026-04-15 18:44:37\",\"delFlag\":\"0\"}','{\"code\":0,\"data\":{},\"msg\":\"更新成功\"}',1),(46,'2026-04-15 18:49:16.890','2026-04-15 18:49:16.890',NULL,'127.0.0.1','POST','/mall/goodsSpu',200,3340583,'Mozilla/5.0 (Macintosh; Intel Mac OS X 10_15_7) AppleWebKit/537.36 (KHTML, like Gecko) Chrome/146.0.0.0 Safari/537.36','','{\"status\":1,\"price\":0,\"stock\":1,\"spuName\":\"123\",\"categoryId\":\"0\"}','{\"code\":0,\"data\":{},\"msg\":\"创建成功\"}',1),(47,'2026-04-15 19:13:09.009','2026-04-15 19:13:09.009',NULL,'127.0.0.1','POST','/mall/goodsSpu',200,7333916,'Mozilla/5.0 (Macintosh; Intel Mac OS X 10_15_7) AppleWebKit/537.36 (KHTML, like Gecko) Chrome/146.0.0.0 Safari/537.36','','{\"id\":\"\",\"spuCode\":null,\"name\":\"123\",\"sellPoint\":\"\",\"description\":\"\",\"categoryFirst\":\"dc35cf98bf934027ae45b09c3e5b390b\",\"categorySecond\":null,\"picUrls\":\"\",\"shelf\":1,\"sort\":0,\"salesPrice\":null,\"marketPrice\":null,\"costPrice\":null,\"stock\":1,\"salesNum\":0,\"delFlag\":\"0\",\"version\":0,\"createTime\":\"2026-04-15 18:49:16\",\"updateTime\":\"2026-04-15 18:49:16\"}','{\"code\":7,\"data\":{},\"msg\":\"创建失败:Error 1062 (23000): Duplicate entry \'\' for key \'goods_spu.PRIMARY\'\"}',1),(48,'2026-04-15 19:14:39.605','2026-04-15 19:14:39.605',NULL,'127.0.0.1','POST','/mall/goodsSpu',200,3484750,'Mozilla/5.0 (Macintosh; Intel Mac OS X 10_15_7) AppleWebKit/537.36 (KHTML, like Gecko) Chrome/146.0.0.0 Safari/537.36','','{\"id\":\"\",\"spuCode\":null,\"name\":\"123\",\"sellPoint\":\"\",\"description\":\"\",\"categoryFirst\":\"dc35cf98bf934027ae45b09c3e5b390b\",\"categorySecond\":null,\"picUrls\":\"\",\"shelf\":1,\"sort\":0,\"salesPrice\":null,\"marketPrice\":null,\"costPrice\":null,\"stock\":1,\"salesNum\":0,\"delFlag\":\"0\",\"version\":0,\"createTime\":\"2026-04-15 18:49:16\",\"updateTime\":\"2026-04-15 18:49:16\"}','{\"code\":0,\"data\":{},\"msg\":\"创建成功\"}',1),(49,'2026-04-15 19:14:50.348','2026-04-15 19:14:50.348',NULL,'127.0.0.1','DELETE','/mall/goodsSpu',200,34292,'Mozilla/5.0 (Macintosh; Intel Mac OS X 10_15_7) AppleWebKit/537.36 (KHTML, like Gecko) Chrome/146.0.0.0 Safari/537.36','','{\"id\":\"\"}','{\"code\":7,\"data\":{},\"msg\":\"缺少参数id\"}',1),(50,'2026-04-15 19:14:53.627','2026-04-15 19:14:53.627',NULL,'127.0.0.1','DELETE','/mall/goodsSpu',200,30042,'Mozilla/5.0 (Macintosh; Intel Mac OS X 10_15_7) AppleWebKit/537.36 (KHTML, like Gecko) Chrome/146.0.0.0 Safari/537.36','','{\"id\":\"\"}','{\"code\":7,\"data\":{},\"msg\":\"缺少参数id\"}',1),(51,'2026-04-15 19:14:58.423','2026-04-15 19:14:58.423',NULL,'127.0.0.1','PUT','/mall/goodsSpu',200,3290625,'Mozilla/5.0 (Macintosh; Intel Mac OS X 10_15_7) AppleWebKit/537.36 (KHTML, like Gecko) Chrome/146.0.0.0 Safari/537.36','','{\"id\":\"d027315488e84a499aa7980e69e5103a\",\"spuCode\":null,\"name\":\"123\",\"sellPoint\":\"\",\"description\":\"\",\"categoryFirst\":\"dc35cf98bf934027ae45b09c3e5b390b\",\"categorySecond\":null,\"picUrls\":\"\",\"shelf\":0,\"sort\":0,\"salesPrice\":null,\"marketPrice\":null,\"costPrice\":null,\"stock\":1,\"salesNum\":0,\"delFlag\":\"0\",\"version\":0,\"createTime\":\"2026-04-16 02:49:16\",\"updateTime\":\"2026-04-16 02:49:16\"}','{\"code\":0,\"data\":{},\"msg\":\"更新成功\"}',1),(52,'2026-04-15 19:15:06.703','2026-04-15 19:15:06.703',NULL,'127.0.0.1','PUT','/mall/goodsSpu',200,1917500,'Mozilla/5.0 (Macintosh; Intel Mac OS X 10_15_7) AppleWebKit/537.36 (KHTML, like Gecko) Chrome/146.0.0.0 Safari/537.36','','{\"id\":\"d027315488e84a499aa7980e69e5103a\",\"spuCode\":null,\"name\":\"123\",\"sellPoint\":\"\",\"description\":\"\",\"categoryFirst\":\"dc35cf98bf934027ae45b09c3e5b390b\",\"categorySecond\":null,\"picUrls\":\"\",\"shelf\":1,\"sort\":0,\"salesPrice\":null,\"marketPrice\":null,\"costPrice\":null,\"stock\":4,\"salesNum\":0,\"delFlag\":\"0\",\"version\":0,\"createTime\":\"2026-04-16 10:49:16\",\"updateTime\":\"2026-04-15 19:14:58\"}','{\"code\":0,\"data\":{},\"msg\":\"更新成功\"}',1),(53,'2026-04-15 19:21:57.430','2026-04-15 19:21:57.430',NULL,'127.0.0.1','PUT','/mall/goodsSpu',200,4657583,'Mozilla/5.0 (Macintosh; Intel Mac OS X 10_15_7) AppleWebKit/537.36 (KHTML, like Gecko) Chrome/146.0.0.0 Safari/537.36','','{\"id\":\"d027315488e84a499aa7980e69e5103a\",\"spuCode\":null,\"name\":\"123\",\"sellPoint\":\"\",\"description\":\"\",\"categoryFirst\":\"dc35cf98bf934027ae45b09c3e5b390b\",\"categorySecond\":null,\"picUrls\":\"\",\"shelf\":0,\"sort\":0,\"salesPrice\":null,\"marketPrice\":null,\"costPrice\":null,\"stock\":4,\"salesNum\":0,\"delFlag\":\"0\",\"version\":0,\"createTime\":\"2026-04-16 18:49:16\",\"updateTime\":\"2026-04-15 19:15:06\"}','{\"code\":0,\"data\":{},\"msg\":\"更新成功\"}',1),(54,'2026-04-15 19:30:03.843','2026-04-15 19:30:03.843',NULL,'127.0.0.1','PUT','/mall/goodsSpu',200,12940167,'Mozilla/5.0 (Macintosh; Intel Mac OS X 10_15_7) AppleWebKit/537.36 (KHTML, like Gecko) Chrome/146.0.0.0 Safari/537.36','','{\"id\":\"d027315488e84a499aa7980e69e5103a\",\"spuCode\":null,\"name\":\"123\",\"sellPoint\":\"\",\"description\":\"\",\"categoryFirst\":\"dc35cf98bf934027ae45b09c3e5b390b\",\"categorySecond\":null,\"picUrls\":\"\",\"shelf\":0,\"sort\":0,\"salesPrice\":null,\"marketPrice\":null,\"costPrice\":null,\"stock\":4,\"salesNum\":0,\"delFlag\":\"0\",\"version\":0,\"createTime\":\"2026-04-17 02:49:16\",\"updateTime\":\"2026-04-15 19:21:57\"}','{\"code\":0,\"data\":{},\"msg\":\"更新成功\"}',1),(55,'2026-04-15 19:30:06.981','2026-04-15 19:30:06.981',NULL,'127.0.0.1','PUT','/mall/goodsSpu',200,3329125,'Mozilla/5.0 (Macintosh; Intel Mac OS X 10_15_7) AppleWebKit/537.36 (KHTML, like Gecko) Chrome/146.0.0.0 Safari/537.36','','{\"id\":\"d027315488e84a499aa7980e69e5103a\",\"spuCode\":null,\"name\":\"123\",\"sellPoint\":\"\",\"description\":\"\",\"categoryFirst\":\"dc35cf98bf934027ae45b09c3e5b390b\",\"categorySecond\":null,\"picUrls\":\"\",\"shelf\":1,\"sort\":0,\"salesPrice\":null,\"marketPrice\":null,\"costPrice\":null,\"stock\":4,\"salesNum\":0,\"delFlag\":\"0\",\"version\":0,\"createTime\":\"2026-04-17 02:49:16\",\"updateTime\":\"2026-04-15 19:30:03\"}','{\"code\":0,\"data\":{},\"msg\":\"更新成功\"}',1),(56,'2026-04-15 19:33:08.117','2026-04-15 19:33:08.117',NULL,'127.0.0.1','PUT','/store/installingPackage',200,5812875,'Mozilla/5.0 (Macintosh; Intel Mac OS X 10_15_7) AppleWebKit/537.36 (KHTML, like Gecko) Chrome/146.0.0.0 Safari/537.36','','{\"installingId\":4,\"packageName\":\"index\",\"app\":\"\",\"url\":\"uploads/file/6a992d5529f459a44fee58c733255e86_20260415140425.apk\",\"versionName\":\"1\",\"note\":\"\",\"forcedUpdating\":1}','{\"code\":0,\"data\":{},\"msg\":\"更新成功\"}',1),(57,'2026-04-15 19:33:11.405','2026-04-15 19:33:11.405',NULL,'127.0.0.1','PUT','/store/installingPackage',200,2241834,'Mozilla/5.0 (Macintosh; Intel Mac OS X 10_15_7) AppleWebKit/537.36 (KHTML, like Gecko) Chrome/146.0.0.0 Safari/537.36','','{\"installingId\":4,\"packageName\":\"index\",\"app\":\"\",\"url\":\"uploads/file/6a992d5529f459a44fee58c733255e86_20260415140425.apk\",\"versionName\":\"1\",\"note\":\"\",\"forcedUpdating\":0}','{\"code\":0,\"data\":{},\"msg\":\"更新成功\"}',1),(58,'2026-04-15 19:33:18.400','2026-04-15 19:33:18.400',NULL,'127.0.0.1','PUT','/store/installingPackage',200,1771666,'Mozilla/5.0 (Macintosh; Intel Mac OS X 10_15_7) AppleWebKit/537.36 (KHTML, like Gecko) Chrome/146.0.0.0 Safari/537.36','','{\"installingId\":4,\"packageName\":\"index\",\"app\":\"验光仪\",\"url\":\"uploads/file/6a992d5529f459a44fee58c733255e86_20260415140425.apk\",\"versionName\":\"1\",\"note\":\"\",\"forcedUpdating\":0}','{\"code\":0,\"data\":{},\"msg\":\"更新成功\"}',1),(59,'2026-04-15 19:33:22.907','2026-04-15 19:33:22.907',NULL,'127.0.0.1','PUT','/store/installingPackage',200,1726500,'Mozilla/5.0 (Macintosh; Intel Mac OS X 10_15_7) AppleWebKit/537.36 (KHTML, like Gecko) Chrome/146.0.0.0 Safari/537.36','','{\"installingId\":3,\"packageName\":\"index\",\"app\":\"牛头\",\"url\":\"uploads/file/6a992d5529f459a44fee58c733255e86_20260415140405.apk\",\"versionName\":\"1\",\"note\":\"\",\"forcedUpdating\":0}','{\"code\":0,\"data\":{},\"msg\":\"更新成功\"}',1),(60,'2026-04-16 09:26:50.383','2026-04-16 09:26:50.383',NULL,'127.0.0.1','PUT','/mall/doorLock',200,4259959,'Mozilla/5.0 (Macintosh; Intel Mac OS X 10_15_7) AppleWebKit/537.36 (KHTML, like Gecko) Chrome/146.0.0.0 Safari/537.36','','{\"id\":1,\"yardSn\":\"786537017627385856\",\"doorGuid\":\"5068416139942690838\",\"doorName\":\"静音仓\",\"delFlag\":\"0\",\"provinceName\":null,\"cityName\":null,\"countyName\":null,\"detailInfo\":null,\"createTime\":\"2025-05-29T10:47:46+08:00\",\"updateTime\":\"2025-05-29T14:03:18+08:00\"}','{\"code\":0,\"data\":{},\"msg\":\"更新成功\"}',1),(61,'2026-04-16 09:29:54.217','2026-04-16 09:29:54.217',NULL,'127.0.0.1','POST','/mall/doorLock',200,3747000,'Mozilla/5.0 (Macintosh; Intel Mac OS X 10_15_7) AppleWebKit/537.36 (KHTML, like Gecko) Chrome/146.0.0.0 Safari/537.36','','{\"yardSn\":\"13\",\"doorGuid\":\"13\",\"doorName\":\"123\"}','{\"code\":0,\"data\":{},\"msg\":\"创建成功\"}',1),(62,'2026-04-16 09:30:00.657','2026-04-16 09:30:00.657',NULL,'127.0.0.1','PUT','/mall/doorLock',200,2266625,'Mozilla/5.0 (Macintosh; Intel Mac OS X 10_15_7) AppleWebKit/537.36 (KHTML, like Gecko) Chrome/146.0.0.0 Safari/537.36','','{\"id\":4,\"yardSn\":\"33\",\"doorGuid\":\"33\",\"doorName\":\"33\",\"delFlag\":\"0\",\"provinceName\":null,\"cityName\":null,\"countyName\":null,\"detailInfo\":null,\"createTime\":\"2026-04-16T09:29:54.214+08:00\",\"updateTime\":\"2026-04-16T09:29:54.214+08:00\"}','{\"code\":0,\"data\":{},\"msg\":\"更新成功\"}',1),(63,'2026-04-16 09:30:02.720','2026-04-16 09:30:02.720',NULL,'127.0.0.1','DELETE','/mall/doorLock',200,2240042,'Mozilla/5.0 (Macintosh; Intel Mac OS X 10_15_7) AppleWebKit/537.36 (KHTML, like Gecko) Chrome/146.0.0.0 Safari/537.36','','{\"id\":4}','{\"code\":0,\"data\":{},\"msg\":\"删除成功\"}',1),(64,'2026-04-16 09:59:42.676','2026-04-16 09:59:42.676',NULL,'127.0.0.1','PUT','/mall/goodsSpu',200,19856792,'Mozilla/5.0 (Macintosh; Intel Mac OS X 10_15_7) AppleWebKit/537.36 (KHTML, like Gecko) Chrome/146.0.0.0 Safari/537.36','','{\"id\":\"1900363838747389953\",\"spuCode\":\"\",\"name\":\"军达-冰蓝色镜框\",\"sellPoint\":\"好看\",\"description\":\"噶安徽就卡死爱迪生\\n\",\"categoryFirst\":\"1900362375073705986\",\"categorySecond\":\"1900364456392208385\",\"picUrls\":\"[\\\"/profile/upload/2025/04/16/bls_20250416185945A029.jpg\\\"]\",\"shelf\":0,\"sort\":0,\"salesPrice\":0.01,\"marketPrice\":0.01,\"costPrice\":9,\"stock\":946,\"salesNum\":0,\"delFlag\":\"0\",\"version\":131,\"createTime\":\"2025-03-14 09:50:20\",\"updateTime\":\"2025-03-19 09:41:26\"}','{\"code\":7,\"data\":{},\"msg\":\"更新失败:Error 1054 (42S22): Unknown column \'sales_num\' in \'field list\'\"}',1),(65,'2026-04-16 09:59:52.656','2026-04-16 09:59:52.656',NULL,'127.0.0.1','PUT','/mall/goodsCategory',200,3780583,'Mozilla/5.0 (Macintosh; Intel Mac OS X 10_15_7) AppleWebKit/537.36 (KHTML, like Gecko) Chrome/146.0.0.0 Safari/537.36','','{\"id\":\"1900362375073705986\",\"enable\":0,\"parentId\":\"0\",\"name\":\"镜框\",\"description\":\"\",\"picUrl\":\"/profile/upload/2025/04/02/O1CN01kFoUtK27ezMftJV2n_!!2213854717823-0-cib_20250402160607A001.jpg\",\"sort\":1,\"createTime\":\"2025-03-14 09:44:31\",\"updateTime\":\"2025-03-14 09:44:31\",\"delFlag\":\"0\"}','{\"code\":0,\"data\":{},\"msg\":\"更新成功\"}',1),(66,'2026-04-16 09:59:55.660','2026-04-16 09:59:55.660',NULL,'127.0.0.1','PUT','/mall/goodsCategory',200,2225208,'Mozilla/5.0 (Macintosh; Intel Mac OS X 10_15_7) AppleWebKit/537.36 (KHTML, like Gecko) Chrome/146.0.0.0 Safari/537.36','','{\"id\":\"1900362375073705986\",\"enable\":1,\"parentId\":\"0\",\"name\":\"镜框\",\"description\":\"\",\"picUrl\":\"/profile/upload/2025/04/02/O1CN01kFoUtK27ezMftJV2n_!!2213854717823-0-cib_20250402160607A001.jpg\",\"sort\":1,\"createTime\":\"2025-03-14 09:44:31\",\"updateTime\":\"2026-04-16 09:59:53\",\"delFlag\":\"0\"}','{\"code\":0,\"data\":{},\"msg\":\"更新成功\"}',1),(67,'2026-04-16 10:00:08.980','2026-04-16 10:00:08.980',NULL,'127.0.0.1','PUT','/mall/goodsCategory',200,2207875,'Mozilla/5.0 (Macintosh; Intel Mac OS X 10_15_7) AppleWebKit/537.36 (KHTML, like Gecko) Chrome/146.0.0.0 Safari/537.36','','{\"id\":\"1900364456392208385\",\"enable\":0,\"parentId\":\"1900362375073705986\",\"name\":\"军达\",\"description\":\"军达，显白，放大你的眼\",\"picUrl\":\"/profile/upload/2025/04/02/O1CN01a248j423ffZy7Wy5R_!!2212057487283-0-cib_20250402160623A002.jpg\",\"sort\":1,\"createTime\":\"2025-03-14 09:52:48\",\"updateTime\":\"2025-03-19 09:00:55\",\"delFlag\":\"0\"}','{\"code\":0,\"data\":{},\"msg\":\"更新成功\"}',1),(68,'2026-04-16 10:00:11.828','2026-04-16 10:00:11.828',NULL,'127.0.0.1','PUT','/mall/goodsCategory',200,2750625,'Mozilla/5.0 (Macintosh; Intel Mac OS X 10_15_7) AppleWebKit/537.36 (KHTML, like Gecko) Chrome/146.0.0.0 Safari/537.36','','{\"id\":\"1900364456392208385\",\"enable\":1,\"parentId\":\"1900362375073705986\",\"name\":\"军达\",\"description\":\"军达，显白，放大你的眼\",\"picUrl\":\"/profile/upload/2025/04/02/O1CN01a248j423ffZy7Wy5R_!!2212057487283-0-cib_20250402160623A002.jpg\",\"sort\":1,\"createTime\":\"2025-03-14 09:52:48\",\"updateTime\":\"2026-04-16 10:00:09\",\"delFlag\":\"0\"}','{\"code\":0,\"data\":{},\"msg\":\"更新成功\"}',1),(69,'2026-04-16 10:00:33.574','2026-04-16 10:00:33.574',NULL,'127.0.0.1','PUT','/mall/doorLock',200,4339417,'Mozilla/5.0 (Macintosh; Intel Mac OS X 10_15_7) AppleWebKit/537.36 (KHTML, like Gecko) Chrome/146.0.0.0 Safari/537.36','','{\"id\":1,\"yardSn\":\"786537017627385856\",\"doorGuid\":\"5068416139942690838\",\"doorName\":\"xm静音仓\",\"delFlag\":\"0\",\"provinceName\":null,\"cityName\":null,\"countyName\":null,\"detailInfo\":null,\"createTime\":\"2025-05-29T10:47:46+08:00\",\"updateTime\":\"2025-05-29T14:03:18+08:00\"}','{\"code\":0,\"data\":{},\"msg\":\"更新成功\"}',1),(70,'2026-04-16 10:01:23.500','2026-04-16 10:01:23.500',NULL,'127.0.0.1','PUT','/store/installingPackage',200,9419541,'Mozilla/5.0 (Macintosh; Intel Mac OS X 10_15_7) AppleWebKit/537.36 (KHTML, like Gecko) Chrome/146.0.0.0 Safari/537.36','','{\"installingId\":1,\"packageName\":\"平板安装包\",\"app\":\"牛头app\",\"url\":\"http://admin.ximingtech.com:81/profile/upload/apk/2026/04/13/app-debug_20260413162745A001.apk\",\"versionName\":\"1\",\"note\":\"修复已知问题\",\"forcedUpdating\":0}','{\"code\":7,\"data\":{},\"msg\":\"更新失败:Error 1054 (42S22): Unknown column \'app\' in \'field list\'\"}',1),(71,'2026-04-16 10:01:41.807','2026-04-16 10:01:41.807',NULL,'127.0.0.1','DELETE','/store/mxStore',200,3467459,'Mozilla/5.0 (Macintosh; Intel Mac OS X 10_15_7) AppleWebKit/537.36 (KHTML, like Gecko) Chrome/146.0.0.0 Safari/537.36','','{\"storeId\":1}','{\"code\":0,\"data\":{},\"msg\":\"删除成功\"}',1),(72,'2026-04-16 10:04:44.568','2026-04-16 10:04:44.568',NULL,'127.0.0.1','PUT','/store/installingPackage',200,5050334,'Mozilla/5.0 (Macintosh; Intel Mac OS X 10_15_7) AppleWebKit/537.36 (KHTML, like Gecko) Chrome/146.0.0.0 Safari/537.36','','{\"installingId\":1,\"packageName\":\"平板安装包\",\"app\":\"\",\"url\":\"http://admin.ximingtech.com:81/profile/upload/apk/2026/04/13/app-debug_20260413162745A001.apk\",\"versionName\":\"1\",\"note\":\"修复已知问题\",\"forcedUpdating\":0}','{\"code\":7,\"data\":{},\"msg\":\"更新失败:Error 1054 (42S22): Unknown column \'app\' in \'field list\'\"}',1),(73,'2026-04-16 10:10:26.641','2026-04-16 10:10:26.641',NULL,'127.0.0.1','POST','/menu/updateBaseMenu',200,4334375,'Mozilla/5.0 (Macintosh; Intel Mac OS X 10_15_7) AppleWebKit/537.36 (KHTML, like Gecko) Chrome/146.0.0.0 Safari/537.36','','{\"ID\":48,\"CreatedAt\":\"2026-04-15T11:36:52.158+08:00\",\"UpdatedAt\":\"2026-04-15T11:36:52.158+08:00\",\"parentId\":10,\"path\":\"activation\",\"name\":\"activation\",\"hidden\":false,\"component\":\"view/store/activation.vue\",\"sort\":4,\"meta\":{\"activeName\":\"\",\"keepAlive\":false,\"defaultMenu\":false,\"title\":\"设备管理\",\"icon\":\"key\",\"closeTab\":false,\"transitionType\":\"\"},\"authoritys\":null,\"children\":null,\"parameters\":[],\"menuBtn\":[]}','{\"code\":0,\"data\":{},\"msg\":\"更新成功\"}',1),(74,'2026-04-16 10:11:13.944','2026-04-16 10:11:13.944',NULL,'127.0.0.1','POST','/menu/updateBaseMenu',200,3338917,'Mozilla/5.0 (Macintosh; Intel Mac OS X 10_15_7) AppleWebKit/537.36 (KHTML, like Gecko) Chrome/146.0.0.0 Safari/537.36','','{\"ID\":49,\"CreatedAt\":\"2026-04-15T11:36:52.158+08:00\",\"UpdatedAt\":\"2026-04-15T11:36:52.158+08:00\",\"parentId\":10,\"path\":\"packages\",\"name\":\"packages\",\"hidden\":false,\"component\":\"view/store/packages.vue\",\"sort\":5,\"meta\":{\"activeName\":\"\",\"keepAlive\":false,\"defaultMenu\":false,\"title\":\"安装包管理\",\"icon\":\"goods\",\"closeTab\":false,\"transitionType\":\"\"},\"authoritys\":null,\"children\":null,\"parameters\":[],\"menuBtn\":[]}','{\"code\":0,\"data\":{},\"msg\":\"更新成功\"}',1),(75,'2026-04-16 10:11:41.820','2026-04-16 10:11:41.820',NULL,'127.0.0.1','PUT','/store/installingPackage',200,2729084,'Mozilla/5.0 (Macintosh; Intel Mac OS X 10_15_7) AppleWebKit/537.36 (KHTML, like Gecko) Chrome/146.0.0.0 Safari/537.36','','{\"installingId\":1,\"packageName\":\"平板安装包\",\"app\":\"\",\"url\":\"http://admin.ximingtech.com:81/profile/upload/apk/2026/04/13/app-debug_20260413162745A001.apk\",\"versionName\":\"1\",\"note\":\"修复已知问题\",\"forcedUpdating\":0}','{\"code\":0,\"data\":{},\"msg\":\"更新成功\"}',1),(76,'2026-04-16 10:11:48.249','2026-04-16 10:11:48.249',NULL,'127.0.0.1','PUT','/store/installingPackage',200,2364417,'Mozilla/5.0 (Macintosh; Intel Mac OS X 10_15_7) AppleWebKit/537.36 (KHTML, like Gecko) Chrome/146.0.0.0 Safari/537.36','','{\"installingId\":3,\"packageName\":\"验光仪安装包\",\"app\":\"\",\"url\":\"http://admin.ximingtech.com:81/profile/upload/apk/2026/04/14/xm_ark_sys_1.0.0_20260414150848A002.apk\",\"versionName\":\"32\",\"note\":\"修复已知问题\",\"forcedUpdating\":0}','{\"code\":0,\"data\":{},\"msg\":\"更新成功\"}',1),(77,'2026-04-16 10:12:02.834','2026-04-16 10:12:02.834',NULL,'127.0.0.1','PUT','/store/installingPackage',200,2911083,'Mozilla/5.0 (Macintosh; Intel Mac OS X 10_15_7) AppleWebKit/537.36 (KHTML, like Gecko) Chrome/146.0.0.0 Safari/537.36','','{\"installingId\":3,\"packageName\":\"验光仪安装包\",\"app\":\"验光仪\",\"url\":\"http://admin.ximingtech.com:81/profile/upload/apk/2026/04/14/xm_ark_sys_1.0.0_20260414150848A002.apk\",\"versionName\":\"32\",\"note\":\"修复已知问题\",\"forcedUpdating\":0}','{\"code\":0,\"data\":{},\"msg\":\"更新成功\"}',1),(78,'2026-04-16 10:12:09.457','2026-04-16 10:12:09.457',NULL,'127.0.0.1','PUT','/store/installingPackage',200,1569167,'Mozilla/5.0 (Macintosh; Intel Mac OS X 10_15_7) AppleWebKit/537.36 (KHTML, like Gecko) Chrome/146.0.0.0 Safari/537.36','','{\"installingId\":1,\"packageName\":\"平板安装包\",\"app\":\"牛头APP\",\"url\":\"http://admin.ximingtech.com:81/profile/upload/apk/2026/04/13/app-debug_20260413162745A001.apk\",\"versionName\":\"1\",\"note\":\"修复已知问题\",\"forcedUpdating\":0}','{\"code\":0,\"data\":{},\"msg\":\"更新成功\"}',1),(79,'2026-04-16 12:55:34.120','2026-04-16 12:55:34.120',NULL,'127.0.0.1','PUT','/store/mxStore',200,3506583,'Mozilla/5.0 (Macintosh; Intel Mac OS X 10_15_7) AppleWebKit/537.36 (KHTML, like Gecko) Chrome/146.0.0.0 Safari/537.36','','{\"storeId\":3,\"CreateTime\":{\"createTime\":\"2026-03-31 14:05:49\",\"updateTime\":\"2026-04-02 13:24:10\"},\"userId\":16,\"brandId\":\"1\",\"storeNumber\":\"1\",\"storeNameEnglish\":\"1\",\"isDelete\":0}','{\"code\":0,\"data\":{},\"msg\":\"更新成功\"}',1),(80,'2026-04-16 13:04:13.021','2026-04-16 13:04:13.021',NULL,'127.0.0.1','PUT','/store/mxActivationCode',200,4369958,'Mozilla/5.0 (Macintosh; Intel Mac OS X 10_15_7) AppleWebKit/537.36 (KHTML, like Gecko) Chrome/146.0.0.0 Safari/537.36','','{\"activationId\":28,\"CreateTime\":{\"createTime\":\"2026-04-13 11:22:37\",\"updateTime\":\"2026-04-13 12:33:48\"},\"app\":\"验光仪\",\"equipment\":\"a78f37f86e3beabc\",\"activationCode\":\"XM验光仪\",\"deviceName\":\"扬明世界\"}','{\"code\":0,\"data\":{},\"msg\":\"更新成功\"}',1),(81,'2026-04-16 13:08:12.111','2026-04-16 13:08:12.111',NULL,'127.0.0.1','PUT','/store/mxActivationCode',200,5674834,'Mozilla/5.0 (Macintosh; Intel Mac OS X 10_15_7) AppleWebKit/537.36 (KHTML, like Gecko) Chrome/146.0.0.0 Safari/537.36','','{\"activationId\":28,\"CreateTime\":{\"createTime\":\"2026-04-13 19:22:37\",\"updateTime\":\"2026-04-16 13:04:13\"},\"app\":\"验光仪\",\"equipment\":\"a78f37f86e3beabc\",\"activationCode\":\"XM验光仪\",\"onlineStatus\":0,\"lastOnlineTime\":null,\"deviceName\":\"扬明世界\",\"deviceLocation\":\"\",\"remark\":\"\"}','{\"code\":0,\"data\":{},\"msg\":\"更新成功\"}',1),(82,'2026-04-16 13:09:51.068','2026-04-16 13:09:51.068',NULL,'127.0.0.1','PUT','/mall/goodsSpu',200,5779167,'Mozilla/5.0 (Macintosh; Intel Mac OS X 10_15_7) AppleWebKit/537.36 (KHTML, like Gecko) Chrome/146.0.0.0 Safari/537.36','','{\"id\":\"1910148048591532034\",\"spuCode\":\"\",\"name\":\"明月\",\"sellPoint\":\"超亮高清超薄非球面防蓝光定制近视高度配眼镜片\",\"description\":\"耐磨，易清洁\",\"categoryFirst\":\"1910138691179040769\",\"categorySecond\":\"1910147834342289410\",\"picUrls\":\"[\\\"/profile/upload/2025/04/10/明月_20250410102247A003.jpg\\\"]\",\"shelf\":0,\"sort\":0,\"salesPrice\":0.01,\"marketPrice\":9,\"costPrice\":6,\"stock\":9998,\"salesNum\":0,\"delFlag\":\"0\",\"version\":5,\"createTime\":\"2025-04-10 09:49:18\",\"updateTime\":\"2025-04-16 18:10:11\"}','{\"code\":0,\"data\":{},\"msg\":\"更新成功\"}',1),(83,'2026-04-16 13:09:54.393','2026-04-16 13:09:54.393',NULL,'127.0.0.1','PUT','/mall/goodsSpu',200,1605459,'Mozilla/5.0 (Macintosh; Intel Mac OS X 10_15_7) AppleWebKit/537.36 (KHTML, like Gecko) Chrome/146.0.0.0 Safari/537.36','','{\"id\":\"1910148048591532034\",\"spuCode\":\"\",\"name\":\"明月\",\"sellPoint\":\"超亮高清超薄非球面防蓝光定制近视高度配眼镜片\",\"description\":\"耐磨，易清洁\",\"categoryFirst\":\"1910138691179040769\",\"categorySecond\":\"1910147834342289410\",\"picUrls\":\"[\\\"/profile/upload/2025/04/10/明月_20250410102247A003.jpg\\\"]\",\"shelf\":1,\"sort\":0,\"salesPrice\":0.01,\"marketPrice\":9,\"costPrice\":6,\"stock\":9998,\"salesNum\":0,\"delFlag\":\"0\",\"version\":5,\"createTime\":\"2025-04-10 09:49:18\",\"updateTime\":\"2026-04-16 13:09:51\"}','{\"code\":0,\"data\":{},\"msg\":\"更新成功\"}',1),(84,'2026-04-16 13:10:34.029','2026-04-16 13:10:34.029',NULL,'127.0.0.1','PUT','/store/mxUser',200,5331208,'Mozilla/5.0 (Macintosh; Intel Mac OS X 10_15_7) AppleWebKit/537.36 (KHTML, like Gecko) Chrome/146.0.0.0 Safari/537.36','','{\"userId\":1,\"CreateTime\":{\"createTime\":\"2024-10-10 13:13:08\",\"updateTime\":\"2026-04-14 15:47:22\"},\"latestCheckupDateTime\":\"2026-04-14 00:00:00\",\"name\":\"桂花鱼\",\"gender\":1,\"dateOfBirth\":null,\"age\":null,\"phoneNumber\":\"17751070969\",\"password\":\"1234567\",\"qqNumber\":\"2222\",\"emailAddress\":\"\",\"identificationNumber\":\"\",\"wechat\":\"oKmXP65p7Sg98Kz_PcLNy9I-oBIE\",\"openid\":\"\",\"unionid\":\"\",\"avatarUrl\":\"\",\"wxNickName\":\"\",\"wxPhone\":\"\",\"subscribeTime\":null,\"userRole\":0,\"medicalInsuranceAccount\":\"\",\"city\":\"123123\",\"contactAddress\":\"\",\"occupation\":\"\",\"company\":\"\",\"remarks\":\"\",\"glassesNeed\":\"123213\",\"dominantEye\":\"左眼\",\"isDelete\":0}','{\"code\":0,\"data\":{},\"msg\":\"更新成功\"}',1),(85,'2026-04-16 13:18:08.556','2026-04-16 13:18:08.556',NULL,'127.0.0.1','DELETE','/store/mxUser',200,5250833,'Mozilla/5.0 (Macintosh; Intel Mac OS X 10_15_7) AppleWebKit/537.36 (KHTML, like Gecko) Chrome/146.0.0.0 Safari/537.36','','{\"userId\":22}','{\"code\":0,\"data\":{},\"msg\":\"删除成功\"}',1),(86,'2026-04-16 13:18:10.703','2026-04-16 13:18:10.703',NULL,'127.0.0.1','DELETE','/store/mxUser',200,2480250,'Mozilla/5.0 (Macintosh; Intel Mac OS X 10_15_7) AppleWebKit/537.36 (KHTML, like Gecko) Chrome/146.0.0.0 Safari/537.36','','{\"userId\":23}','{\"code\":0,\"data\":{},\"msg\":\"删除成功\"}',1),(87,'2026-04-16 13:42:01.129','2026-04-16 13:42:01.129',NULL,'127.0.0.1','PUT','/mall/goodsSpu',200,4304583,'Mozilla/5.0 (Macintosh; Intel Mac OS X 10_15_7) AppleWebKit/537.36 (KHTML, like Gecko) Chrome/146.0.0.0 Safari/537.36','','{\"id\":\"1900363838747389953\",\"spuCode\":\"\",\"name\":\"军达-冰蓝色镜框\",\"sellPoint\":\"好看\",\"description\":\"噶安徽就卡死爱迪生\\n\",\"categoryFirst\":\"1900362375073705986\",\"categorySecond\":\"1900364456392208385\",\"picUrls\":\"[\\\"/profile/upload/2025/04/16/bls_20250416185945A029.jpg\\\"]\",\"shelf\":0,\"sort\":0,\"salesPrice\":0.01,\"marketPrice\":0.01,\"costPrice\":9,\"stock\":946,\"salesNum\":0,\"delFlag\":\"0\",\"version\":131,\"createTime\":\"2025-03-14 09:50:20\",\"updateTime\":\"2025-03-19 09:41:26\"}','{\"code\":0,\"data\":{},\"msg\":\"更新成功\"}',1),(88,'2026-04-16 13:45:44.879','2026-04-16 13:45:44.879',NULL,'127.0.0.1','POST','/sysApiToken/getApiTokenList',200,6686958,'Mozilla/5.0 (Macintosh; Intel Mac OS X 10_15_7) AppleWebKit/537.36 (KHTML, like Gecko) Chrome/146.0.0.0 Safari/537.36','','{\"page\":1,\"pageSize\":10}','{\"code\":0,\"data\":{\"list\":[],\"total\":0,\"page\":1,\"pageSize\":10},\"msg\":\"获取成功\"}',1),(89,'2026-04-16 13:46:21.646','2026-04-16 13:46:21.646',NULL,'127.0.0.1','PUT','/mall/goodsSpu',200,5671208,'Mozilla/5.0 (Macintosh; Intel Mac OS X 10_15_7) AppleWebKit/537.36 (KHTML, like Gecko) Chrome/146.0.0.0 Safari/537.36','','{\"id\":\"1900363838747389953\",\"spuCode\":\"\",\"name\":\"军达-冰蓝色镜框\",\"sellPoint\":\"好看\",\"description\":\"噶安徽就卡死爱迪生\\n\",\"categoryFirst\":\"1900362375073705986\",\"categorySecond\":\"1900364456392208385\",\"picUrls\":\"[\\\"/profile/upload/2025/04/16/bls_20250416185945A029.jpg\\\"]\",\"shelf\":1,\"sort\":0,\"salesPrice\":0.01,\"marketPrice\":0.01,\"costPrice\":9,\"stock\":946,\"salesNum\":0,\"delFlag\":\"0\",\"version\":131,\"createTime\":\"2025-03-14 09:50:20\",\"updateTime\":\"2026-04-16 13:42:01\"}','{\"code\":0,\"data\":{},\"msg\":\"更新成功\"}',1),(90,'2026-04-16 17:54:41.297','2026-04-16 17:54:41.297',NULL,'127.0.0.1','PUT','/store/installingPackage',200,955875,'Mozilla/5.0 (Macintosh; Intel Mac OS X 10_15_7) AppleWebKit/537.36 (KHTML, like Gecko) Chrome/146.0.0.0 Safari/537.36','','{\"installingId\":1,\"packageName\":\"index\",\"app\":\"test\",\"url\":\"uploads/file/6a992d5529f459a44fee58c733255e86_20260416175436.apk\",\"versionName\":\"1\",\"note\":\"\",\"forcedUpdating\":0}','{\"code\":0,\"data\":{},\"msg\":\"更新成功\"}',1),(91,'2026-04-16 17:55:33.670','2026-04-16 17:55:33.670',NULL,'127.0.0.1','POST','/system/setSystemConfig',200,12171000,'Mozilla/5.0 (Macintosh; Intel Mac OS X 10_15_7) AppleWebKit/537.36 (KHTML, like Gecko) Chrome/146.0.0.0 Safari/537.36','','[超出记录长度]','{\"code\":0,\"data\":{},\"msg\":\"设置成功\"}',1),(92,'2026-04-16 17:55:43.999','2026-04-16 17:55:43.999',NULL,'127.0.0.1','POST','/system/reloadSystem',200,197739000,'Mozilla/5.0 (Macintosh; Intel Mac OS X 10_15_7) AppleWebKit/537.36 (KHTML, like Gecko) Chrome/146.0.0.0 Safari/537.36','','','{\"code\":0,\"data\":{},\"msg\":\"重载系统成功\"}',1),(93,'2026-04-16 17:55:45.257','2026-04-16 17:55:45.257',NULL,'127.0.0.1','POST','/system/setSystemConfig',200,7270208,'Mozilla/5.0 (Macintosh; Intel Mac OS X 10_15_7) AppleWebKit/537.36 (KHTML, like Gecko) Chrome/146.0.0.0 Safari/537.36','','[超出记录长度]','{\"code\":0,\"data\":{},\"msg\":\"设置成功\"}',1),(94,'2026-04-16 17:55:47.909','2026-04-16 17:55:47.909',NULL,'127.0.0.1','POST','/system/reloadSystem',200,208434292,'Mozilla/5.0 (Macintosh; Intel Mac OS X 10_15_7) AppleWebKit/537.36 (KHTML, like Gecko) Chrome/146.0.0.0 Safari/537.36','','','{\"code\":0,\"data\":{},\"msg\":\"重载系统成功\"}',1),(95,'2026-04-16 18:01:26.088','2026-04-16 18:01:26.088',NULL,'127.0.0.1','POST','/sysApiToken/getApiTokenList',200,10361542,'Mozilla/5.0 (Macintosh; Intel Mac OS X 10_15_7) AppleWebKit/537.36 (KHTML, like Gecko) Chrome/146.0.0.0 Safari/537.36','','{\"page\":1,\"pageSize\":10}','{\"code\":0,\"data\":{\"list\":[],\"total\":0,\"page\":1,\"pageSize\":10},\"msg\":\"获取成功\"}',1),(96,'2026-04-16 18:01:28.303','2026-04-16 18:01:28.303',NULL,'127.0.0.1','GET','/api/getApiGroups',200,5522333,'Mozilla/5.0 (Macintosh; Intel Mac OS X 10_15_7) AppleWebKit/537.36 (KHTML, like Gecko) Chrome/146.0.0.0 Safari/537.36','','{}','{\"code\":0,\"data\":{\"apiGroupMap\":{\"api\":\"api\",\"attachmentCategory\":\"媒体库分类\",\"authority\":\"角色\",\"authorityBtn\":\"按钮权限\",\"autoCode\":\"代码生成器历史\",\"casbin\":\"casbin\",\"customer\":\"客户\",\"email\":\"email\",\"fileUploadAndDownload\":\"文件上传与下载\",\"info\":\"公告\",\"jwt\":\"jwt\",\"menu\":\"菜单\",\"simpleUploader\":\"断点续传(插件版)\",\"skills\":\"skills\",\"sysApiToken\":\"API Token\",\"sysDictionary\":\"系统字典\",\"sysDictionaryDetail\":\"系统字典详情\",\"sysError\":\"错误日志\",\"sysExportTemplate\":\"导出模板\",\"sysLoginLog\":\"登录日志\",\"sysOperationRecord\":\"操作记录\",\"sysParams\":\"参数管理\",\"sysVersion\":\"版本控制\",\"system\":\"系统服务\",\"user\":\"系统用户\"},\"groups\":[\"jwt\",\"登录日志\",\"API Token\",\"系统用户\",\"api\",\"角色\",\"casbin\",\"菜单\",\"分片上传\",\"文件上传与下载\",\"系统服务\",\"skills\",\"客户\",\"代码生成器\",\"模板配置\",\"代码生成器历史\",\"系统字典详情\",\"系统字典\",\"操作记录\",\"断点续传(插件版)\",\"email\",\"按钮权限\",\"导出模板\",\"错误日志\",\"公告\",\"参数管理\",\"媒体库分类\",\"版本控制\"]},\"msg\":\"成功\"}',1),(97,'2026-04-16 18:01:38.100','2026-04-16 18:01:38.100',NULL,'127.0.0.1','POST','/user/setUserAuthorities',200,14271166,'Mozilla/5.0 (Macintosh; Intel Mac OS X 10_15_7) AppleWebKit/537.36 (KHTML, like Gecko) Chrome/146.0.0.0 Safari/537.36','','{\"ID\":1,\"authorityIds\":[888,8881,9528]}','{\"code\":7,\"data\":{},\"msg\":\"修改失败\"}',1),(98,'2026-04-16 18:01:42.898','2026-04-16 18:01:42.898',NULL,'127.0.0.1','POST','/user/setUserAuthorities',200,10037125,'Mozilla/5.0 (Macintosh; Intel Mac OS X 10_15_7) AppleWebKit/537.36 (KHTML, like Gecko) Chrome/146.0.0.0 Safari/537.36','','{\"ID\":1,\"authorityIds\":[888,8881,9528]}','{\"code\":7,\"data\":{},\"msg\":\"修改失败\"}',1),(99,'2026-04-16 18:03:49.814','2026-04-16 18:03:49.814',NULL,'127.0.0.1','PUT','/mall/goodsSpu',200,3980334,'Mozilla/5.0 (Macintosh; Intel Mac OS X 10_15_7) AppleWebKit/537.36 (KHTML, like Gecko) Chrome/146.0.0.0 Safari/537.36','','{\"id\":\"1900363838747389953\",\"spuCode\":\"\",\"name\":\"军达-冰蓝色镜框\",\"sellPoint\":\"好看\",\"description\":\"噶安徽就卡死爱迪生\\n\",\"categoryFirst\":\"1900362375073705986\",\"categorySecond\":\"1900364456392208385\",\"picUrls\":\"[\\\"/profile/upload/2025/04/16/bls_20250416185945A029.jpg\\\"]\",\"shelf\":0,\"sort\":0,\"salesPrice\":0.01,\"marketPrice\":0.01,\"costPrice\":9,\"stock\":946,\"salesNum\":0,\"delFlag\":\"0\",\"version\":131,\"createTime\":\"2025-03-14 09:50:20\",\"updateTime\":\"2026-04-16 13:46:21\",\"banners\":null}','{\"code\":0,\"data\":{},\"msg\":\"更新成功\"}',1),(100,'2026-04-16 18:03:54.039','2026-04-16 18:03:54.039',NULL,'127.0.0.1','PUT','/mall/goodsSpu',200,3499541,'Mozilla/5.0 (Macintosh; Intel Mac OS X 10_15_7) AppleWebKit/537.36 (KHTML, like Gecko) Chrome/146.0.0.0 Safari/537.36','','{\"id\":\"1900363838747389953\",\"spuCode\":\"\",\"name\":\"军达-冰蓝色镜框\",\"sellPoint\":\"好看\",\"description\":\"噶安徽就卡死爱迪生\\n\",\"categoryFirst\":\"1900362375073705986\",\"categorySecond\":\"1900364456392208385\",\"picUrls\":\"[\\\"/profile/upload/2025/04/16/bls_20250416185945A029.jpg\\\"]\",\"shelf\":1,\"sort\":0,\"salesPrice\":0.01,\"marketPrice\":0.01,\"costPrice\":9,\"stock\":946,\"salesNum\":0,\"delFlag\":\"0\",\"version\":131,\"createTime\":\"2025-03-14 09:50:20\",\"updateTime\":\"2026-04-16 18:03:49\",\"banners\":null}','{\"code\":0,\"data\":{},\"msg\":\"更新成功\"}',1),(101,'2026-04-16 20:50:12.867','2026-04-16 20:50:12.867',NULL,'127.0.0.1','PUT','/mall/goodsSpu',200,4126042,'Mozilla/5.0 (Macintosh; Intel Mac OS X 10_15_7) AppleWebKit/537.36 (KHTML, like Gecko) Chrome/146.0.0.0 Safari/537.36','','{\"id\":\"1900363838747389953\",\"spuCode\":\"\",\"name\":\"军达-冰蓝色镜框\",\"sellPoint\":\"好看\",\"description\":\"噶安徽就卡死爱迪生\\n\",\"categoryFirst\":\"1900362375073705986\",\"categorySecond\":\"1900364456392208385\",\"picUrls\":\"[\\\"/profile/upload/2025/04/16/bls_20250416185945A029.jpg\\\",\\\"uploads/file/ce126449a7e8860dcac8bf787ef4c790_20260416205008.png\\\"]\",\"shelf\":1,\"sort\":0,\"salesPrice\":0.01,\"marketPrice\":0.01,\"costPrice\":9,\"stock\":946,\"salesNum\":0,\"delFlag\":\"0\",\"version\":131,\"createTime\":\"2025-03-14 09:50:20\",\"updateTime\":\"2026-04-16 18:03:54\",\"banners\":null}','{\"code\":0,\"data\":{},\"msg\":\"更新成功\"}',1),(102,'2026-04-16 21:30:31.764','2026-04-16 21:30:31.764',NULL,'127.0.0.1','PUT','/store/installingPackage',200,3253000,'Mozilla/5.0 (Macintosh; Intel Mac OS X 10_15_7) AppleWebKit/537.36 (KHTML, like Gecko) Chrome/146.0.0.0 Safari/537.36','','{\"installingId\":2,\"packageName\":\"键盘安装包\",\"app\":\"牛头APP\",\"url\":\"xxx\",\"versionName\":\"1\",\"note\":\"\",\"forcedUpdating\":0}','{\"code\":0,\"data\":{},\"msg\":\"更新成功\"}',1),(103,'2026-04-16 21:30:36.609','2026-04-16 21:30:36.609',NULL,'127.0.0.1','PUT','/store/installingPackage',200,1075292,'Mozilla/5.0 (Macintosh; Intel Mac OS X 10_15_7) AppleWebKit/537.36 (KHTML, like Gecko) Chrome/146.0.0.0 Safari/537.36','','{\"installingId\":2,\"packageName\":\"键盘安装包\",\"app\":\"牛头APP\",\"url\":\"xxx\",\"versionName\":\"1\",\"note\":\"\",\"forcedUpdating\":0}','{\"code\":0,\"data\":{},\"msg\":\"更新成功\"}',1),(104,'2026-04-17 09:01:19.313','2026-04-17 09:01:19.313',NULL,'127.0.0.1','PUT','/sysParams/updateSysParams',200,29739208,'Mozilla/5.0 (Macintosh; Intel Mac OS X 10_15_7) AppleWebKit/537.36 (KHTML, like Gecko) Chrome/146.0.0.0 Safari/537.36','','{\"ID\":7,\"CreatedAt\":\"2026-04-16T13:42:07+08:00\",\"UpdatedAt\":\"2026-04-16T13:42:07+08:00\",\"name\":\"微信支付p12证书路径\",\"key\":\"wx.pay.keyPath\",\"value\":\"/home/wxPay/apiclient_cert.p12\",\"desc\":\"p12证书绝对路径\"}','{\"code\":0,\"data\":{},\"msg\":\"更新成功\"}',1),(105,'2026-04-17 09:01:25.464','2026-04-17 09:01:25.464',NULL,'127.0.0.1','PUT','/sysParams/updateSysParams',200,3092416,'Mozilla/5.0 (Macintosh; Intel Mac OS X 10_15_7) AppleWebKit/537.36 (KHTML, like Gecko) Chrome/146.0.0.0 Safari/537.36','','{\"ID\":8,\"CreatedAt\":\"2026-04-16T13:42:07+08:00\",\"UpdatedAt\":\"2026-04-16T13:42:07+08:00\",\"name\":\"微信支付私钥路径\",\"key\":\"wx.pay.privateKeyPath\",\"value\":\"/home/wxPay/apiclient_key.pem\",\"desc\":\"商户私钥绝对路径\"}','{\"code\":0,\"data\":{},\"msg\":\"更新成功\"}',1);
/*!40000 ALTER TABLE `sys_operation_records` ENABLE KEYS */;
UNLOCK TABLES;

--
-- Table structure for table `sys_params`
--

DROP TABLE IF EXISTS `sys_params`;
/*!40101 SET @saved_cs_client     = @@character_set_client */;
/*!50503 SET character_set_client = utf8mb4 */;
CREATE TABLE `sys_params` (
  `id` bigint unsigned NOT NULL AUTO_INCREMENT,
  `created_at` datetime(3) DEFAULT NULL,
  `updated_at` datetime(3) DEFAULT NULL,
  `deleted_at` datetime(3) DEFAULT NULL,
  `name` varchar(191) COLLATE utf8mb4_general_ci DEFAULT NULL COMMENT '参数名称',
  `key` varchar(191) COLLATE utf8mb4_general_ci DEFAULT NULL COMMENT '参数键',
  `value` varchar(191) COLLATE utf8mb4_general_ci DEFAULT NULL COMMENT '参数值',
  `desc` varchar(191) COLLATE utf8mb4_general_ci DEFAULT NULL COMMENT '参数说明',
  PRIMARY KEY (`id`),
  KEY `idx_sys_params_deleted_at` (`deleted_at`)
) ENGINE=InnoDB AUTO_INCREMENT=18 DEFAULT CHARSET=utf8mb4 COLLATE=utf8mb4_general_ci;
/*!40101 SET character_set_client = @saved_cs_client */;

--
-- Dumping data for table `sys_params`
--

LOCK TABLES `sys_params` WRITE;
/*!40000 ALTER TABLE `sys_params` DISABLE KEYS */;
INSERT INTO `sys_params` VALUES (1,'2026-04-16 13:42:07.000','2026-04-16 13:42:07.000',NULL,'微信小程序AppID','wx.miniapp.appId','wx457a99d69770774d','微信小程序AppID'),(2,'2026-04-16 13:42:07.000','2026-04-16 13:42:07.000',NULL,'微信小程序密钥','wx.miniapp.secret','86b1d5a3dea580856ed3b5a735b4168a','微信小程序Secret密钥'),(3,'2026-04-16 13:42:07.000','2026-04-16 13:42:07.000',NULL,'微信支付商户号','wx.pay.mchId','1712186848','微信支付商户号'),(4,'2026-04-16 13:42:07.000','2026-04-16 13:42:07.000',NULL,'微信支付APIv2密钥','wx.pay.mchKey','3eafd7767e5243488e79b0f68e7da100','微信支付商户APIv2密钥'),(5,'2026-04-16 13:42:07.000','2026-04-16 13:42:07.000',NULL,'微信支付APIv3密钥','wx.pay.APIv3Key','3597c0de7d914163acb6fcf02fc21ff9','微信支付商户APIv3密钥'),(6,'2026-04-16 13:42:07.000','2026-04-16 13:42:07.000',NULL,'微信支付证书序列号','wx.pay.merchantSerialNumber','52AE444F0BE10E6CDB089F8FB8D4E4E2F1086E0E','商户证书序列号'),(7,'2026-04-16 13:42:07.000','2026-04-17 09:01:19.286',NULL,'微信支付p12证书路径','wx.pay.keyPath','/home/wxPay/apiclient_cert.p12','p12证书绝对路径'),(8,'2026-04-16 13:42:07.000','2026-04-17 09:01:25.461',NULL,'微信支付私钥路径','wx.pay.privateKeyPath','/home/wxPay/apiclient_key.pem','商户私钥绝对路径'),(9,'2026-04-16 13:42:07.000','2026-04-16 13:42:07.000',NULL,'微信登录回调域','wx.miniapp.redirectUri','admin.ximingtech.com','微信登录回调授权域'),(10,'2026-04-16 13:42:07.000','2026-04-16 13:42:07.000',NULL,'支付物流回调地址','mall.notify-host','http://xx.xxxx.com','支付、物流回调地址'),(11,'2026-04-16 13:42:07.000','2026-04-16 13:42:07.000',NULL,'验证码类型','sys.captchaType','math','验证码类型：math数字计算/char字符验证'),(12,'2026-04-16 13:42:07.000','2026-04-16 13:42:07.000',NULL,'密码最大错误次数','user.password.maxRetryCount','5','密码最大错误次数，超过则锁定'),(13,'2026-04-16 13:42:07.000','2026-04-16 13:42:07.000',NULL,'密码锁定时间','user.password.lockTime','10','密码锁定时间（分钟）'),(14,'2026-04-16 13:42:07.000','2026-04-16 13:42:07.000',NULL,'Token有效期','token.expireTime','300','Token有效期（分钟）'),(15,'2026-04-16 13:42:07.000','2026-04-16 13:42:07.000',NULL,'Token密钥','token.secret','abcdefghijklmnopqrstuvwxyz','Token签名密钥'),(16,'2026-04-16 13:42:07.000','2026-04-16 13:42:07.000',NULL,'文件上传路径','sys.profile','/home/ruoyi/uploadPath','文件上传存储路径'),(17,'2026-04-16 13:42:07.000','2026-04-16 13:42:07.000',NULL,'获取IP地址开关','sys.addressEnabled','true','是否开启获取IP地址功能');
/*!40000 ALTER TABLE `sys_params` ENABLE KEYS */;
UNLOCK TABLES;

--
-- Table structure for table `sys_post`
--

DROP TABLE IF EXISTS `sys_post`;
/*!40101 SET @saved_cs_client     = @@character_set_client */;
/*!50503 SET character_set_client = utf8mb4 */;
CREATE TABLE `sys_post` (
  `post_id` bigint NOT NULL AUTO_INCREMENT COMMENT '岗位ID',
  `post_code` varchar(64) NOT NULL COMMENT '岗位编码',
  `post_name` varchar(50) NOT NULL COMMENT '岗位名称',
  `post_sort` int NOT NULL COMMENT '显示顺序',
  `status` char(1) NOT NULL COMMENT '状态（0正常 1停用）',
  `create_by` varchar(64) DEFAULT '' COMMENT '创建者',
  `create_time` datetime DEFAULT NULL COMMENT '创建时间',
  `update_by` varchar(64) DEFAULT '' COMMENT '更新者',
  `update_time` datetime DEFAULT NULL COMMENT '更新时间',
  `remark` varchar(500) DEFAULT NULL COMMENT '备注',
  PRIMARY KEY (`post_id`) USING BTREE
) ENGINE=InnoDB AUTO_INCREMENT=5 DEFAULT CHARSET=utf8mb3 ROW_FORMAT=DYNAMIC COMMENT='岗位信息表';
/*!40101 SET character_set_client = @saved_cs_client */;

--
-- Dumping data for table `sys_post`
--

LOCK TABLES `sys_post` WRITE;
/*!40000 ALTER TABLE `sys_post` DISABLE KEYS */;
INSERT INTO `sys_post` VALUES (1,'ceo','董事长',1,'0','admin','2023-10-26 10:27:01','',NULL,''),(2,'se','项目经理',2,'0','admin','2023-10-26 10:27:01','',NULL,''),(3,'hr','人力资源',3,'0','admin','2023-10-26 10:27:01','',NULL,''),(4,'user','普通员工',4,'0','admin','2023-10-26 10:27:01','',NULL,'');
/*!40000 ALTER TABLE `sys_post` ENABLE KEYS */;
UNLOCK TABLES;

--
-- Table structure for table `sys_role`
--

DROP TABLE IF EXISTS `sys_role`;
/*!40101 SET @saved_cs_client     = @@character_set_client */;
/*!50503 SET character_set_client = utf8mb4 */;
CREATE TABLE `sys_role` (
  `role_id` bigint NOT NULL AUTO_INCREMENT COMMENT '角色ID',
  `role_name` varchar(30) NOT NULL COMMENT '角色名称',
  `role_key` varchar(100) NOT NULL COMMENT '角色权限字符串',
  `role_sort` int NOT NULL COMMENT '显示顺序',
  `data_scope` char(1) DEFAULT '1' COMMENT '数据范围（1：全部数据权限 2：自定数据权限 3：本部门数据权限 4：本部门及以下数据权限）',
  `menu_check_strictly` tinyint(1) DEFAULT '1' COMMENT '菜单树选择项是否关联显示',
  `dept_check_strictly` tinyint(1) DEFAULT '1' COMMENT '部门树选择项是否关联显示',
  `status` char(1) NOT NULL COMMENT '角色状态（0正常 1停用）',
  `del_flag` char(1) DEFAULT '0' COMMENT '删除标志（0代表存在 2代表删除）',
  `create_by` varchar(64) DEFAULT '' COMMENT '创建者',
  `create_time` datetime DEFAULT NULL COMMENT '创建时间',
  `update_by` varchar(64) DEFAULT '' COMMENT '更新者',
  `update_time` datetime DEFAULT NULL COMMENT '更新时间',
  `remark` varchar(500) DEFAULT NULL COMMENT '备注',
  PRIMARY KEY (`role_id`) USING BTREE
) ENGINE=InnoDB AUTO_INCREMENT=3 DEFAULT CHARSET=utf8mb3 ROW_FORMAT=DYNAMIC COMMENT='角色信息表';
/*!40101 SET character_set_client = @saved_cs_client */;

--
-- Dumping data for table `sys_role`
--

LOCK TABLES `sys_role` WRITE;
/*!40000 ALTER TABLE `sys_role` DISABLE KEYS */;
INSERT INTO `sys_role` VALUES (1,'超级管理员','admin',1,'1',1,1,'0','0','admin','2023-10-26 10:27:01','',NULL,'超级管理员'),(2,'店长','common',2,'2',1,1,'0','0','admin','2023-10-26 10:27:01','admin','2024-11-25 10:55:59','普通角色');
/*!40000 ALTER TABLE `sys_role` ENABLE KEYS */;
UNLOCK TABLES;

--
-- Table structure for table `sys_role_dept`
--

DROP TABLE IF EXISTS `sys_role_dept`;
/*!40101 SET @saved_cs_client     = @@character_set_client */;
/*!50503 SET character_set_client = utf8mb4 */;
CREATE TABLE `sys_role_dept` (
  `role_id` bigint NOT NULL COMMENT '角色ID',
  `dept_id` bigint NOT NULL COMMENT '部门ID',
  PRIMARY KEY (`role_id`,`dept_id`) USING BTREE
) ENGINE=InnoDB DEFAULT CHARSET=utf8mb3 ROW_FORMAT=DYNAMIC COMMENT='角色和部门关联表';
/*!40101 SET character_set_client = @saved_cs_client */;

--
-- Dumping data for table `sys_role_dept`
--

LOCK TABLES `sys_role_dept` WRITE;
/*!40000 ALTER TABLE `sys_role_dept` DISABLE KEYS */;
INSERT INTO `sys_role_dept` VALUES (2,100),(2,101),(2,105);
/*!40000 ALTER TABLE `sys_role_dept` ENABLE KEYS */;
UNLOCK TABLES;

--
-- Table structure for table `sys_role_menu`
--

DROP TABLE IF EXISTS `sys_role_menu`;
/*!40101 SET @saved_cs_client     = @@character_set_client */;
/*!50503 SET character_set_client = utf8mb4 */;
CREATE TABLE `sys_role_menu` (
  `role_id` bigint NOT NULL COMMENT '角色ID',
  `menu_id` bigint NOT NULL COMMENT '菜单ID',
  PRIMARY KEY (`role_id`,`menu_id`) USING BTREE
) ENGINE=InnoDB DEFAULT CHARSET=utf8mb3 ROW_FORMAT=DYNAMIC COMMENT='角色和菜单关联表';
/*!40101 SET character_set_client = @saved_cs_client */;

--
-- Dumping data for table `sys_role_menu`
--

LOCK TABLES `sys_role_menu` WRITE;
/*!40000 ALTER TABLE `sys_role_menu` DISABLE KEYS */;
INSERT INTO `sys_role_menu` VALUES (2,1),(2,107),(2,1035),(2,1036),(2,1037),(2,1038),(2,2002),(2,2004),(2,2005),(2,2006),(2,2007),(2,2008),(2,2010),(2,2011),(2,2012),(2,2013),(2,2017);
/*!40000 ALTER TABLE `sys_role_menu` ENABLE KEYS */;
UNLOCK TABLES;

--
-- Table structure for table `sys_user`
--

DROP TABLE IF EXISTS `sys_user`;
/*!40101 SET @saved_cs_client     = @@character_set_client */;
/*!50503 SET character_set_client = utf8mb4 */;
CREATE TABLE `sys_user` (
  `user_id` bigint NOT NULL AUTO_INCREMENT COMMENT '用户ID',
  `dept_id` bigint DEFAULT NULL COMMENT '部门ID',
  `user_name` varchar(30) NOT NULL COMMENT '用户账号',
  `nick_name` varchar(30) NOT NULL COMMENT '用户昵称',
  `user_type` varchar(2) DEFAULT '00' COMMENT '用户类型（00系统用户）',
  `email` varchar(50) DEFAULT '' COMMENT '用户邮箱',
  `phonenumber` varchar(11) DEFAULT '' COMMENT '手机号码',
  `sex` char(1) DEFAULT '0' COMMENT '用户性别（0男 1女 2未知）',
  `avatar` varchar(100) DEFAULT '' COMMENT '头像地址',
  `password` varchar(100) DEFAULT '' COMMENT '密码',
  `status` char(1) DEFAULT '0' COMMENT '帐号状态（0正常 1停用）',
  `del_flag` char(1) DEFAULT '0' COMMENT '删除标志（0代表存在 2代表删除）',
  `login_ip` varchar(128) DEFAULT '' COMMENT '最后登录IP',
  `login_date` datetime DEFAULT NULL COMMENT '最后登录时间',
  `create_by` varchar(64) DEFAULT '' COMMENT '创建者',
  `create_time` datetime DEFAULT NULL COMMENT '创建时间',
  `update_by` varchar(64) DEFAULT '' COMMENT '更新者',
  `update_time` datetime DEFAULT NULL COMMENT '更新时间',
  `remark` varchar(500) DEFAULT NULL COMMENT '备注',
  PRIMARY KEY (`user_id`) USING BTREE
) ENGINE=InnoDB AUTO_INCREMENT=104 DEFAULT CHARSET=utf8mb3 ROW_FORMAT=DYNAMIC COMMENT='用户信息表';
/*!40101 SET character_set_client = @saved_cs_client */;

--
-- Dumping data for table `sys_user`
--

LOCK TABLES `sys_user` WRITE;
/*!40000 ALTER TABLE `sys_user` DISABLE KEYS */;
INSERT INTO `sys_user` VALUES (1,103,'admin','若依','00','ry@163.com','15888888888','1','/profile/avatar/2026/03/31/blob_20260331132246A002.png','$2a$10$7JB720yubVSZvUI0rEqK/.VqGOZTH.ulu33dHOiBE8ByOhJIrdAu2','0','0','127.0.0.1','2026-04-15 19:31:23','admin','2023-10-26 10:27:00','','2026-04-15 19:31:22','管理员'),(2,105,'ry','若依','00','ry@qq.com','15666666666','1','','$2a$10$7JB720yubVSZvUI0rEqK/.VqGOZTH.ulu33dHOiBE8ByOhJIrdAu2','0','0','127.0.0.1','2023-10-26 10:27:01','admin','2023-10-26 10:27:01','',NULL,'测试员'),(100,104,'test','桂花鱼的后台','00','','17751070969','2','','$2a$10$46ZIoe/y3A0hF5c8bxJgs.lhvL/kiY.l016WGwBdPBZsoD/v5.EvG','0','0','117.81.149.100','2024-11-25 09:17:20','admin','2024-05-17 14:09:27','admin','2024-11-25 09:17:19','测试账号'),(101,104,'lidianzhang','李店主','00','','18812332121','0','','$2a$10$vdz8f/zTEwCmDVsaW12lOOnQM/8s6yoM2sSDwEAFo9REIePvdwMau','0','0','',NULL,'admin','2025-02-25 15:04:46','admin','2025-02-25 15:05:35','测试'),(102,110,'静音仓店长','静音仓店长','00','','18111111111','0','','$2a$10$6316GDBADftWlJPd24Vjqu8Vw74Ggq7DPHPXEl1A/YBx0uYuu2GqC','0','0','',NULL,'admin','2026-04-02 13:22:48','',NULL,NULL),(103,110,'测试被控店长','测试被控店长','00','','17751071111','0','','$2a$10$7Y8E4G3bfjQT/5Xg86kpFOwMRDCXv7IfAsHO6zAyyONEhJklKPGKK','0','0','',NULL,'admin','2026-04-02 13:23:33','',NULL,NULL);
/*!40000 ALTER TABLE `sys_user` ENABLE KEYS */;
UNLOCK TABLES;

--
-- Table structure for table `sys_user_authority`
--

DROP TABLE IF EXISTS `sys_user_authority`;
/*!40101 SET @saved_cs_client     = @@character_set_client */;
/*!50503 SET character_set_client = utf8mb4 */;
CREATE TABLE `sys_user_authority` (
  `sys_user_id` bigint unsigned NOT NULL,
  `sys_authority_authority_id` bigint unsigned NOT NULL COMMENT '角色ID',
  PRIMARY KEY (`sys_user_id`,`sys_authority_authority_id`)
) ENGINE=InnoDB DEFAULT CHARSET=utf8mb4 COLLATE=utf8mb4_general_ci;
/*!40101 SET character_set_client = @saved_cs_client */;

--
-- Dumping data for table `sys_user_authority`
--

LOCK TABLES `sys_user_authority` WRITE;
/*!40000 ALTER TABLE `sys_user_authority` DISABLE KEYS */;
INSERT INTO `sys_user_authority` VALUES (1,888),(1,8881),(1,9528),(2,888);
/*!40000 ALTER TABLE `sys_user_authority` ENABLE KEYS */;
UNLOCK TABLES;

--
-- Table structure for table `sys_user_post`
--

DROP TABLE IF EXISTS `sys_user_post`;
/*!40101 SET @saved_cs_client     = @@character_set_client */;
/*!50503 SET character_set_client = utf8mb4 */;
CREATE TABLE `sys_user_post` (
  `user_id` bigint NOT NULL COMMENT '用户ID',
  `post_id` bigint NOT NULL COMMENT '岗位ID',
  PRIMARY KEY (`user_id`,`post_id`) USING BTREE
) ENGINE=InnoDB DEFAULT CHARSET=utf8mb3 ROW_FORMAT=DYNAMIC COMMENT='用户与岗位关联表';
/*!40101 SET character_set_client = @saved_cs_client */;

--
-- Dumping data for table `sys_user_post`
--

LOCK TABLES `sys_user_post` WRITE;
/*!40000 ALTER TABLE `sys_user_post` DISABLE KEYS */;
INSERT INTO `sys_user_post` VALUES (1,1),(2,2),(100,4),(101,4);
/*!40000 ALTER TABLE `sys_user_post` ENABLE KEYS */;
UNLOCK TABLES;

--
-- Table structure for table `sys_user_role`
--

DROP TABLE IF EXISTS `sys_user_role`;
/*!40101 SET @saved_cs_client     = @@character_set_client */;
/*!50503 SET character_set_client = utf8mb4 */;
CREATE TABLE `sys_user_role` (
  `user_id` bigint NOT NULL COMMENT '用户ID',
  `role_id` bigint NOT NULL COMMENT '角色ID',
  PRIMARY KEY (`user_id`,`role_id`) USING BTREE
) ENGINE=InnoDB DEFAULT CHARSET=utf8mb3 ROW_FORMAT=DYNAMIC COMMENT='用户和角色关联表';
/*!40101 SET character_set_client = @saved_cs_client */;

--
-- Dumping data for table `sys_user_role`
--

LOCK TABLES `sys_user_role` WRITE;
/*!40000 ALTER TABLE `sys_user_role` DISABLE KEYS */;
INSERT INTO `sys_user_role` VALUES (1,1),(2,2),(100,2),(101,2);
/*!40000 ALTER TABLE `sys_user_role` ENABLE KEYS */;
UNLOCK TABLES;

--
-- Table structure for table `sys_users`
--

DROP TABLE IF EXISTS `sys_users`;
/*!40101 SET @saved_cs_client     = @@character_set_client */;
/*!50503 SET character_set_client = utf8mb4 */;
CREATE TABLE `sys_users` (
  `id` bigint unsigned NOT NULL AUTO_INCREMENT,
  `created_at` datetime(3) DEFAULT NULL,
  `updated_at` datetime(3) DEFAULT NULL,
  `deleted_at` datetime(3) DEFAULT NULL,
  `uuid` varchar(191) COLLATE utf8mb4_general_ci DEFAULT NULL COMMENT '用户UUID',
  `username` varchar(191) COLLATE utf8mb4_general_ci DEFAULT NULL COMMENT '用户登录名',
  `password` varchar(191) COLLATE utf8mb4_general_ci DEFAULT NULL COMMENT '用户登录密码',
  `nick_name` varchar(191) COLLATE utf8mb4_general_ci DEFAULT '系统用户' COMMENT '用户昵称',
  `header_img` varchar(191) COLLATE utf8mb4_general_ci DEFAULT 'https://qmplusimg.henrongyi.top/gva_header.jpg' COMMENT '用户头像',
  `authority_id` bigint unsigned DEFAULT '888' COMMENT '用户角色ID',
  `phone` varchar(191) COLLATE utf8mb4_general_ci DEFAULT NULL COMMENT '用户手机号',
  `email` varchar(191) COLLATE utf8mb4_general_ci DEFAULT NULL COMMENT '用户邮箱',
  `enable` bigint DEFAULT '1' COMMENT '用户是否被冻结 1正常 2冻结',
  `origin_setting` text COLLATE utf8mb4_general_ci COMMENT '配置',
  PRIMARY KEY (`id`),
  KEY `idx_sys_users_deleted_at` (`deleted_at`),
  KEY `idx_sys_users_uuid` (`uuid`),
  KEY `idx_sys_users_username` (`username`)
) ENGINE=InnoDB AUTO_INCREMENT=3 DEFAULT CHARSET=utf8mb4 COLLATE=utf8mb4_general_ci;
/*!40101 SET character_set_client = @saved_cs_client */;

--
-- Dumping data for table `sys_users`
--

LOCK TABLES `sys_users` WRITE;
/*!40000 ALTER TABLE `sys_users` DISABLE KEYS */;
INSERT INTO `sys_users` VALUES (1,'2026-04-15 11:36:52.257','2026-04-15 11:36:52.258',NULL,'dab2cbc2-e5cb-4d2c-aeab-693e745b1c57','admin','$2a$10$yPDqyQUDaOxPxDxyxa0HyeES.CmlMZwkeyf5JEB3S5lcofSO3hNYC','Mr.奇淼','https://qmplusimg.henrongyi.top/gva_header.jpg',888,'17611111111','333333333@qq.com',1,NULL),(2,'2026-04-15 11:36:52.257','2026-04-15 11:36:52.259',NULL,'01c4a0c0-a6fa-4060-8bfa-18ef77ea93ed','a303176530','$2a$10$dq/S1EPiH4KEIXCG3X.qg.RrwNFbyicHAqj0VIydJrlTj00sEScMq','用户1','https://qmplusimg.henrongyi.top/1572075907logo.png',9528,'17611111111','333333333@qq.com',1,NULL);
/*!40000 ALTER TABLE `sys_users` ENABLE KEYS */;
UNLOCK TABLES;

--
-- Table structure for table `sys_versions`
--

DROP TABLE IF EXISTS `sys_versions`;
/*!40101 SET @saved_cs_client     = @@character_set_client */;
/*!50503 SET character_set_client = utf8mb4 */;
CREATE TABLE `sys_versions` (
  `id` bigint unsigned NOT NULL AUTO_INCREMENT,
  `created_at` datetime(3) DEFAULT NULL,
  `updated_at` datetime(3) DEFAULT NULL,
  `deleted_at` datetime(3) DEFAULT NULL,
  `version_name` varchar(255) COLLATE utf8mb4_general_ci DEFAULT NULL COMMENT '版本名称',
  `version_code` varchar(100) COLLATE utf8mb4_general_ci DEFAULT NULL COMMENT '版本号',
  `description` varchar(500) COLLATE utf8mb4_general_ci DEFAULT NULL COMMENT '版本描述',
  `version_data` text COLLATE utf8mb4_general_ci COMMENT '版本数据JSON',
  PRIMARY KEY (`id`),
  KEY `idx_sys_versions_deleted_at` (`deleted_at`)
) ENGINE=InnoDB DEFAULT CHARSET=utf8mb4 COLLATE=utf8mb4_general_ci;
/*!40101 SET character_set_client = @saved_cs_client */;

--
-- Dumping data for table `sys_versions`
--

LOCK TABLES `sys_versions` WRITE;
/*!40000 ALTER TABLE `sys_versions` DISABLE KEYS */;
/*!40000 ALTER TABLE `sys_versions` ENABLE KEYS */;
UNLOCK TABLES;

--
-- Table structure for table `try_on_glass_img_url`
--

DROP TABLE IF EXISTS `try_on_glass_img_url`;
/*!40101 SET @saved_cs_client     = @@character_set_client */;
/*!50503 SET character_set_client = utf8mb4 */;
CREATE TABLE `try_on_glass_img_url` (
  `id` int NOT NULL AUTO_INCREMENT COMMENT '主键ID',
  `wx_user_id` varchar(32) NOT NULL COMMENT '微信用户ID',
  `img_url` varchar(191) DEFAULT NULL COMMENT '图片地址',
  `goods_spu_id` varchar(32) NOT NULL COMMENT '商品SPU ID',
  `create_time` datetime(3) DEFAULT NULL COMMENT '创建时间',
  `update_time` datetime(3) DEFAULT NULL COMMENT '最后更新时间',
  `del_flag` char(2) DEFAULT NULL COMMENT '逻辑删除标记（0：显示；1：隐藏）',
  PRIMARY KEY (`id`) USING BTREE
) ENGINE=InnoDB DEFAULT CHARSET=utf8mb4 COLLATE=utf8mb4_0900_ai_ci ROW_FORMAT=DYNAMIC COMMENT='试戴眼镜图片地址表';
/*!40101 SET character_set_client = @saved_cs_client */;

--
-- Dumping data for table `try_on_glass_img_url`
--

LOCK TABLES `try_on_glass_img_url` WRITE;
/*!40000 ALTER TABLE `try_on_glass_img_url` DISABLE KEYS */;
/*!40000 ALTER TABLE `try_on_glass_img_url` ENABLE KEYS */;
UNLOCK TABLES;

--
-- Table structure for table `try_optometry`
--

DROP TABLE IF EXISTS `try_optometry`;
/*!40101 SET @saved_cs_client     = @@character_set_client */;
/*!50503 SET character_set_client = utf8mb4 */;
CREATE TABLE `try_optometry` (
  `try_optometry_id` int NOT NULL AUTO_INCREMENT COMMENT '主键ID',
  `results_id` bigint DEFAULT NULL COMMENT '视图验光id',
  `left_right_eyes` int DEFAULT NULL COMMENT '左右眼睛（0左，1右）',
  `spherical_mirror` varchar(50) CHARACTER SET utf8mb4 COLLATE utf8mb4_unicode_ci DEFAULT NULL COMMENT '球镜',
  `cylindrical_mirror` varchar(50) CHARACTER SET utf8mb4 COLLATE utf8mb4_unicode_ci DEFAULT NULL COMMENT '柱镜',
  `position_of_axis` varchar(50) CHARACTER SET utf8mb4 COLLATE utf8mb4_unicode_ci DEFAULT NULL COMMENT '轴位',
  `addend` varchar(50) CHARACTER SET utf8mb4 COLLATE utf8mb4_unicode_ci DEFAULT NULL COMMENT 'ADD',
  PRIMARY KEY (`try_optometry_id`) USING BTREE
) ENGINE=InnoDB AUTO_INCREMENT=93 DEFAULT CHARSET=utf8mb4 COLLATE=utf8mb4_unicode_ci ROW_FORMAT=DYNAMIC COMMENT='试戴验光表';
/*!40101 SET character_set_client = @saved_cs_client */;

--
-- Dumping data for table `try_optometry`
--

LOCK TABLES `try_optometry` WRITE;
/*!40000 ALTER TABLE `try_optometry` DISABLE KEYS */;
INSERT INTO `try_optometry` VALUES (1,1,0,'','','',''),(2,1,1,'','','',''),(3,2,0,'','','',''),(4,2,1,'','','',''),(5,3,0,'','','',''),(6,3,1,'','','',''),(7,4,0,'','','',''),(8,4,1,'','','',''),(9,5,0,'','','',''),(10,5,1,'','','',''),(11,6,0,'','','',''),(12,6,1,'','','',''),(13,7,0,'','','',''),(14,7,1,'','','',''),(15,8,0,'','','',''),(16,8,1,'','','',''),(17,9,0,'','','',''),(18,9,1,'','','',''),(19,10,0,'','','',''),(20,10,1,'','','',''),(21,11,0,'','','',''),(22,11,1,'','','',''),(23,12,0,'','','',''),(24,12,1,'','','',''),(25,13,0,'','','',''),(26,13,1,'','','',''),(27,14,0,'','','',''),(28,14,1,'','','',''),(29,15,0,'','','',''),(30,15,1,'','','',''),(31,16,0,'','','',''),(32,16,1,'','','',''),(33,17,0,'','','',''),(34,17,1,'','','',''),(35,18,0,'','','',''),(36,18,1,'','','',''),(37,19,0,'','','',''),(38,19,1,'','','',''),(39,20,0,'','','',''),(40,20,1,'','','',''),(41,21,0,'','','',''),(42,21,1,'','','',''),(43,22,0,'','','',''),(44,22,1,'','','',''),(45,23,0,'','','',''),(46,23,1,'','','',''),(47,24,0,'','','',''),(48,24,1,'','','',''),(49,25,0,'','','',''),(50,25,1,'','','',''),(51,26,0,'','','',''),(52,26,1,'','','',''),(53,27,0,'','','',''),(54,27,1,'','','',''),(55,28,0,'','','',''),(56,28,1,'','','',''),(57,29,0,'','','',''),(58,29,1,'','','',''),(59,30,0,'','','',''),(60,30,1,'','','',''),(61,31,0,'','','',''),(62,31,1,'','','',''),(63,32,0,'','','',''),(64,32,1,'','','',''),(65,33,0,'','','',''),(66,33,1,'','','',''),(67,34,0,'','','',''),(68,34,1,'','','',''),(69,35,0,'','','',''),(70,35,1,'','','',''),(71,36,0,'','','',''),(72,36,1,'','','',''),(73,37,0,'','','',''),(74,37,1,'','','',''),(75,38,0,'','','',''),(76,38,1,'','','',''),(77,39,0,'','','',''),(78,39,1,'','','',''),(79,40,0,'','','',''),(80,40,1,'','','',''),(81,41,0,'','','',''),(82,41,1,'','','',''),(83,42,0,'','','',''),(84,42,1,'','','',''),(85,43,0,'','','',''),(86,43,1,'','','',''),(87,44,0,'','','',''),(88,44,1,'','','',''),(89,45,0,'','','',''),(90,45,1,'','','',''),(91,46,0,'','','',''),(92,46,1,'','','','');
/*!40000 ALTER TABLE `try_optometry` ENABLE KEYS */;
UNLOCK TABLES;

--
-- Table structure for table `user_address`
--

DROP TABLE IF EXISTS `user_address`;
/*!40101 SET @saved_cs_client     = @@character_set_client */;
/*!50503 SET character_set_client = utf8mb4 */;
CREATE TABLE `user_address` (
  `id` varchar(32) CHARACTER SET utf8mb4 COLLATE utf8mb4_croatian_ci NOT NULL COMMENT 'PK',
  `del_flag` char(2) CHARACTER SET utf8mb4 COLLATE utf8mb4_croatian_ci NOT NULL DEFAULT '0' COMMENT '逻辑删除标记（0：显示；1：隐藏）',
  `create_time` datetime NOT NULL DEFAULT CURRENT_TIMESTAMP COMMENT '创建时间',
  `update_time` timestamp NOT NULL DEFAULT CURRENT_TIMESTAMP ON UPDATE CURRENT_TIMESTAMP COMMENT '最后更新时间',
  `user_id` varchar(32) CHARACTER SET utf8mb4 COLLATE utf8mb4_croatian_ci NOT NULL COMMENT '用户编号',
  `user_name` varchar(50) CHARACTER SET utf8mb4 COLLATE utf8mb4_croatian_ci DEFAULT NULL COMMENT '收货人名字',
  `postal_code` varchar(50) CHARACTER SET utf8mb4 COLLATE utf8mb4_croatian_ci DEFAULT NULL COMMENT '邮编',
  `province_name` varchar(50) CHARACTER SET utf8mb4 COLLATE utf8mb4_croatian_ci DEFAULT NULL COMMENT '省名',
  `city_name` varchar(50) CHARACTER SET utf8mb4 COLLATE utf8mb4_croatian_ci DEFAULT NULL COMMENT '市名',
  `county_name` varchar(50) CHARACTER SET utf8mb4 COLLATE utf8mb4_croatian_ci DEFAULT NULL COMMENT '区名',
  `detail_info` varchar(50) CHARACTER SET utf8mb4 COLLATE utf8mb4_croatian_ci DEFAULT NULL COMMENT '详情地址',
  `tel_num` varchar(50) CHARACTER SET utf8mb4 COLLATE utf8mb4_croatian_ci DEFAULT NULL COMMENT '电话号码',
  `is_default` char(2) CHARACTER SET utf8mb4 COLLATE utf8mb4_croatian_ci DEFAULT NULL COMMENT '是否默认 1是0否',
  PRIMARY KEY (`id`) USING BTREE
) ENGINE=InnoDB DEFAULT CHARSET=utf8mb4 COLLATE=utf8mb4_croatian_ci ROW_FORMAT=DYNAMIC COMMENT='用户地址';
/*!40101 SET character_set_client = @saved_cs_client */;

--
-- Dumping data for table `user_address`
--

LOCK TABLES `user_address` WRITE;
/*!40000 ALTER TABLE `user_address` DISABLE KEYS */;
INSERT INTO `user_address` VALUES ('1354441894547988481','0','2021-01-27 22:51:26','2021-01-27 14:51:26','1352168072700571649','张三',NULL,'广东省','广州市','海珠区','新港中路397号','18602513214','1'),('1354474056307511297','0','2021-01-28 00:59:14','2021-01-27 16:59:14','1354473059078176770','张三',NULL,'广东省','广州市','海珠区','新港中路397号','18563265321','1'),('1355417330850476033','0','2021-01-30 15:27:29','2021-01-30 07:27:29','1355406809988345857','张三',NULL,'北京市','北京市','东城区','大冲地铁口','15580802543','1'),('1901559553876070402','0','2025-03-17 17:01:41','2025-03-17 09:01:41','1900425114278260738','桂花鱼',NULL,'江苏省','苏州市','昆山市','前进中路345号','13313124523',NULL),('1909168328773275650','0','2025-04-07 16:56:14','2025-04-08 03:39:08','1907278202958839809','张1',NULL,'天津市','市辖区','和平区','啊实打实大苏打实打实的','18336336761','1'),('1909233132762370049','0','2025-04-07 21:13:45','2025-04-08 03:39:08','1907278202958839809','哪吒',NULL,'河北省','石家庄市','长安区','工人路429号','15711281598','0'),('1909794902082150401','0','2025-04-09 10:26:01','2025-04-09 02:26:01','1907300228113170433','规划风格化',NULL,'北京市','北京市','东城区','234325','18333333333','1'),('1910136218544558082','0','2025-04-10 09:02:17','2025-04-10 01:02:17','1910132627566022658','桂花鱼',NULL,'江苏省','苏州市','昆山市','杨树路555号','132325232745','1'),('1910241229412880386','0','2025-04-10 15:59:34','2025-04-10 07:59:36','1910240925996929026','zhang',NULL,'天津市','市辖区','河东区','dd','1','1');
/*!40000 ALTER TABLE `user_address` ENABLE KEYS */;
UNLOCK TABLES;

--
-- Table structure for table `vision_test_results`
--

DROP TABLE IF EXISTS `vision_test_results`;
/*!40101 SET @saved_cs_client     = @@character_set_client */;
/*!50503 SET character_set_client = utf8mb4 */;
CREATE TABLE `vision_test_results` (
  `results_id` int NOT NULL AUTO_INCREMENT,
  `optometry_records_id` bigint DEFAULT NULL COMMENT '验光记录ID',
  `create_time` datetime(3) DEFAULT NULL,
  `update_time` datetime(3) DEFAULT NULL,
  `ww4points` varchar(50) CHARACTER SET utf8mb4 COLLATE utf8mb4_unicode_ci DEFAULT NULL COMMENT '沃氏4点',
  `stereo_view` varchar(50) CHARACTER SET utf8mb4 COLLATE utf8mb4_unicode_ci DEFAULT NULL COMMENT '立体观',
  `vgf_bi` varchar(50) CHARACTER SET utf8mb4 COLLATE utf8mb4_unicode_ci DEFAULT NULL COMMENT '隐斜（远）BI',
  `vgf_bu` varchar(50) CHARACTER SET utf8mb4 COLLATE utf8mb4_unicode_ci DEFAULT NULL COMMENT '隐斜（远）BU',
  `pnif_bi_1` varchar(50) CHARACTER SET utf8mb4 COLLATE utf8mb4_unicode_ci DEFAULT NULL COMMENT '正负融像（远）BI1',
  `pnif_bi_2` varchar(50) CHARACTER SET utf8mb4 COLLATE utf8mb4_unicode_ci DEFAULT NULL COMMENT '正负融像（远）BI2',
  `pnif_bi_3` varchar(50) CHARACTER SET utf8mb4 COLLATE utf8mb4_unicode_ci DEFAULT NULL COMMENT '正负融像（远）BI3',
  `pnif_bu_1` varchar(50) CHARACTER SET utf8mb4 COLLATE utf8mb4_unicode_ci DEFAULT NULL COMMENT '正负融像（远）BU1',
  `pnif_bu_2` varchar(50) CHARACTER SET utf8mb4 COLLATE utf8mb4_unicode_ci DEFAULT NULL COMMENT '正负融像（远）BU2',
  `pnif_bu_3` varchar(50) CHARACTER SET utf8mb4 COLLATE utf8mb4_unicode_ci DEFAULT NULL COMMENT '正负融像（远）BU3',
  `vgn_bi` varchar(50) CHARACTER SET utf8mb4 COLLATE utf8mb4_unicode_ci DEFAULT NULL COMMENT '隐斜（近）BI',
  `vgn_bu` varchar(50) CHARACTER SET utf8mb4 COLLATE utf8mb4_unicode_ci DEFAULT NULL COMMENT '隐斜（近）BU',
  `aca` varchar(50) CHARACTER SET utf8mb4 COLLATE utf8mb4_unicode_ci DEFAULT NULL COMMENT '梯度法',
  `pnin_bi_1` varchar(50) CHARACTER SET utf8mb4 COLLATE utf8mb4_unicode_ci DEFAULT NULL COMMENT '正负融像（近）BI1',
  `pnin_bi_2` varchar(50) CHARACTER SET utf8mb4 COLLATE utf8mb4_unicode_ci DEFAULT NULL COMMENT '正负融像（近）BI2',
  `pnin_bi_3` varchar(50) CHARACTER SET utf8mb4 COLLATE utf8mb4_unicode_ci DEFAULT NULL COMMENT '正负融像（近）BI3',
  `pnin_bu_1` varchar(50) CHARACTER SET utf8mb4 COLLATE utf8mb4_unicode_ci DEFAULT NULL COMMENT '正负融像（近）BU1',
  `pnin_bu_2` varchar(50) CHARACTER SET utf8mb4 COLLATE utf8mb4_unicode_ci DEFAULT NULL COMMENT '正负融像（近）BU2',
  `pnin_bu_3` varchar(50) CHARACTER SET utf8mb4 COLLATE utf8mb4_unicode_ci DEFAULT NULL COMMENT '正负融像（近）BU3',
  `nra` varchar(50) CHARACTER SET utf8mb4 COLLATE utf8mb4_unicode_ci DEFAULT NULL COMMENT '负相对调节NRA',
  `bcc` varchar(255) CHARACTER SET utf8mb4 COLLATE utf8mb4_unicode_ci DEFAULT NULL COMMENT '调节反应BCC',
  `pra` varchar(255) CHARACTER SET utf8mb4 COLLATE utf8mb4_unicode_ci DEFAULT NULL COMMENT '正相对调节PRA',
  `reverse_beat` varchar(50) CHARACTER SET utf8mb4 COLLATE utf8mb4_unicode_ci DEFAULT NULL COMMENT '反转拍',
  `visual_chart` varchar(50) CHARACTER SET utf8mb4 COLLATE utf8mb4_unicode_ci DEFAULT NULL COMMENT '视力表',
  `binoculus` varchar(50) CHARACTER SET utf8mb4 COLLATE utf8mb4_unicode_ci DEFAULT NULL COMMENT '双眼',
  `left_eye` varchar(50) CHARACTER SET utf8mb4 COLLATE utf8mb4_unicode_ci DEFAULT NULL COMMENT '左眼',
  `right_eye` varchar(50) CHARACTER SET utf8mb4 COLLATE utf8mb4_unicode_ci DEFAULT NULL COMMENT '右眼',
  `diagnosis_name` varchar(255) CHARACTER SET utf8mb4 COLLATE utf8mb4_unicode_ci DEFAULT NULL COMMENT '诊断名称',
  `diagnosis_abnormal` varchar(255) CHARACTER SET utf8mb4 COLLATE utf8mb4_unicode_ci DEFAULT NULL COMMENT '诊断异常名称',
  `rests` varchar(255) CHARACTER SET utf8mb4 COLLATE utf8mb4_unicode_ci DEFAULT NULL COMMENT '其他',
  `sugggestions` varchar(255) CHARACTER SET utf8mb4 COLLATE utf8mb4_unicode_ci DEFAULT NULL COMMENT '建议方案',
  PRIMARY KEY (`results_id`) USING BTREE
) ENGINE=InnoDB AUTO_INCREMENT=47 DEFAULT CHARSET=utf8mb4 COLLATE=utf8mb4_unicode_ci ROW_FORMAT=DYNAMIC COMMENT='视图验光数据表';
/*!40101 SET character_set_client = @saved_cs_client */;

--
-- Dumping data for table `vision_test_results`
--

LOCK TABLES `vision_test_results` WRITE;
/*!40000 ALTER TABLE `vision_test_results` DISABLE KEYS */;
INSERT INTO `vision_test_results` VALUES (1,1,'2024-11-27 15:49:29.000','2024-11-27 15:49:29.000','2','',NULL,'0.0','0.0','0.0','0.0','0.0','0.0','0.0',NULL,'0.0','0.0','0.0','0.0','0.0','0.0','0.0','0.0','0.0','0.0','0.0','','上单下单','','','','','','',''),(2,2,'2024-12-12 16:02:13.000','2024-12-12 16:02:13.000','2','',NULL,'0.0','0.0','0.0','0.0','0.0','0.0','0.0',NULL,'0.0','0.0','0.0','0.0','0.0','0.0','0.0','0.0','0.0','0.0','0.0','','上单下单','','','','','','',''),(3,3,'2025-02-18 15:27:30.000','2025-02-18 15:27:30.000','3','',NULL,'0.0','1.0','2.0','1.0','0.0','0.0','0.0',NULL,'0.0','6.0','0.0','0.0','0.0','0.0','0.0','0.0','0.0','0.0','0.0','','上单下单','','','','','','',''),(4,4,'2025-02-18 17:10:10.000','2025-02-18 17:10:10.000','3','',NULL,'0.0','1.0','2.0','1.0','0.0','0.0','0.0',NULL,'0.0','6.0','0.0','0.0','0.0','0.0','0.0','0.0','0.0','0.0','0.0','','上单下单','','','','','','',''),(5,5,'2025-02-18 17:10:28.000','2025-02-18 17:10:28.000','3','',NULL,'0.0','1.0','2.0','1.0','0.0','0.0','0.0',NULL,'0.0','6.0','0.0','0.0','0.0','0.0','0.0','0.0','0.0','0.0','0.0','','上单下单','','','','','','',''),(6,6,'2025-02-20 09:27:53.000','2025-02-20 09:27:53.000','2','',NULL,'0.0','1.0','2.0','1.0','0.0','0.0','0.0',NULL,'0.0','6.0','0.0','0.0','0.0','0.0','0.0','0.0','0.0','0.0','0.0','','上单下单','','','','','','',''),(7,7,'2025-02-20 09:28:08.000','2025-02-20 09:28:08.000','2','',NULL,'0.0','1.0','2.0','1.0','0.0','0.0','0.0',NULL,'0.0','6.0','0.0','0.0','0.0','0.0','0.0','0.0','0.0','0.0','0.0','','上单下单','','','','','','',''),(8,8,'2025-02-20 09:28:19.000','2025-02-20 09:28:19.000','2','',NULL,'0.0','1.0','2.0','1.0','0.0','0.0','0.0',NULL,'0.0','6.0','0.0','0.0','0.0','0.0','0.0','0.0','0.0','0.0','0.0','','上单下单','','','','','','',''),(9,9,'2025-02-20 11:04:26.000','2025-02-20 11:04:26.000','5','',NULL,'0.0','1.0','2.0','1.0','0.0','0.0','0.0',NULL,'0.0','6.0','0.0','0.0','0.0','0.0','0.0','0.0','0.0','0.0','0.0','','上单下单','','','','','','',''),(10,10,'2025-02-20 11:16:43.000','2025-02-20 11:16:43.000','5','',NULL,'0.0','1.0','2.0','1.0','0.0','0.0','0.0',NULL,'0.0','6.0','0.0','0.0','0.0','0.0','0.0','0.0','0.0','0.0','0.0','','上单下单','','','','','','',''),(11,11,'2025-02-20 11:44:39.000','2025-02-20 11:44:39.000','5','',NULL,'0.0','1.0','2.0','1.0','0.0','0.0','0.0',NULL,'0.0','6.0','0.0','0.0','0.0','0.0','0.0','0.0','0.0','0.0','0.0','','上单下单','','','','','','',''),(12,12,'2025-02-20 12:32:28.000','2025-02-20 12:32:28.000','5','',NULL,'0.0','1.0','2.0','1.0','0.0','0.0','0.0',NULL,'0.0','6.0','0.0','0.0','0.0','0.0','0.0','0.0','0.0','0.0','0.0','','上单下单','','','','','','',''),(13,13,'2025-02-20 13:02:07.000','2025-02-20 13:02:07.000','5','',NULL,'0.0','1.0','2.0','1.0','0.0','0.0','0.0',NULL,'0.0','6.0','0.0','0.0','0.0','0.0','0.0','0.0','0.0','0.0','0.0','','上单下单','','','','','','',''),(14,14,'2025-02-21 10:30:49.000','2025-02-21 10:30:49.000','2','',NULL,'0.0','0.0','0.0','0.0','0.0','0.0','0.0',NULL,'0.0','6.0','0.0','0.0','0.0','0.0','0.0','0.0','0.0','0.0','0.0','','上单下双','','','','','','',''),(15,15,'2025-02-21 10:43:19.000','2025-02-25 10:34:05.000','2','',NULL,'0.0','0.0','0.0','0.0','0.0','0.0','0.0',NULL,'0.0','6.0','0.0','0.0','0.0','0.0','0.0','0.0','0.0','0.0','0.0','','上单下双','','','','','','','多吃含胡萝卜素的食物'),(16,16,'2026-03-26 16:56:35.000','2026-03-26 16:56:35.000','','',NULL,'0','0','0','0','0','0','0',NULL,'0','0','0','0','0','0','0','0','0','0','0','','','','','','','','',''),(17,17,'2026-03-27 10:44:51.000','2026-03-27 10:44:51.000','','',NULL,'0','0','0','0','0','0','0',NULL,'0','0','0','0','0','0','0','0','0','0','0','','','','','','','','',''),(18,18,'2026-03-27 15:42:53.000','2026-03-27 15:42:53.000','','',NULL,'0','0','0','0','0','0','0',NULL,'0','0','0','0','0','0','0','0','0','0','0','','','','','','','','',''),(19,19,'2026-03-28 09:19:07.000','2026-03-28 09:19:07.000','','',NULL,'0','0','0','0','0','0','0',NULL,'0','0','0','0','0','0','0','0','0','0','0','','','','','','','','',''),(20,20,'2026-03-28 09:35:41.000','2026-03-28 09:35:41.000','','',NULL,'0','0','0','0','0','0','0',NULL,'0','0','0','0','0','0','0','0','0','0','0','','','','','','','','',''),(21,21,'2026-03-28 09:46:18.000','2026-03-28 09:46:18.000','','',NULL,'0','0','0','0','0','0','0',NULL,'0','0','0','0','0','0','0','0','0','0','0','','','','','','','','',''),(22,22,'2026-03-28 12:08:32.000','2026-03-28 12:08:32.000','','',NULL,'0','0','0','0','0','0','0',NULL,'0','0','0','0','0','0','0','0','0','0','0','','','','','','','','',''),(23,23,'2026-03-28 16:47:33.000','2026-03-28 16:47:33.000','','',NULL,'0','0','0','0','0','0','0',NULL,'0','0','0','0','0','0','0','0','0','0','0','','','','','','','','',''),(24,24,'2026-03-30 09:32:26.000','2026-03-30 09:32:26.000','','',NULL,'0','0','0','0','0','0','0',NULL,'0','0','0','0','0','0','0','0','0','0','0','','','','','','','','',''),(25,25,'2026-03-30 10:48:24.000','2026-03-30 10:48:24.000','','',NULL,'0','0','0','0','0','0','0',NULL,'0','0','0','0','0','0','0','0','0','0','0','','','','','','','','',''),(26,26,'2026-03-30 11:38:06.000','2026-03-30 11:38:06.000','','',NULL,'0','0','0','0','0','0','0',NULL,'0','0','0','0','0','0','0','0','0','0','0','','','','','','','','',''),(27,27,'2026-03-30 12:58:51.000','2026-03-30 12:58:51.000','','',NULL,'0','0','0','0','0','0','0',NULL,'0','0','0','0','0','0','0','0','0','0','0','','','','','','','','',''),(28,28,'2026-03-30 13:03:59.000','2026-03-30 13:03:59.000','','',NULL,'0','0','0','0','0','0','0',NULL,'0','0','0','0','0','0','0','0','0','0','0','','','','','','','','',''),(29,29,'2026-03-30 13:15:32.000','2026-03-30 13:15:32.000','','',NULL,'0','0','0','0','0','0','0',NULL,'0','0','0','0','0','0','0','0','0','0','0','','','','','','','','',''),(30,30,'2026-03-30 14:41:48.000','2026-03-30 14:41:48.000','','',NULL,'0','0','0','0','0','0','0',NULL,'0','0','0','0','0','0','0','0','0','0','0','','','','','','','','',''),(31,31,'2026-03-30 14:46:13.000','2026-03-30 14:46:13.000','','',NULL,'0','0','0','0','0','0','0',NULL,'0','0','0','0','0','0','0','0','0','0','0','','','','','','','','',''),(32,32,'2026-03-30 14:50:08.000','2026-03-30 14:50:08.000','','',NULL,'0','0','0','0','0','0','0',NULL,'0','0','0','0','0','0','0','0','0','0','0','','','','','','','','',''),(33,33,'2026-03-30 16:25:03.000','2026-03-30 16:25:03.000','','',NULL,'0','0','0','0','0','0','0',NULL,'0','0','0','0','0','0','0','0','0','0','0','','','','','','','','',''),(34,34,'2026-03-30 16:39:06.000','2026-03-30 16:39:06.000','','',NULL,'0','0','0','0','0','0','0',NULL,'0','0','0','0','0','0','0','0','0','0','0','','','','','','','','',''),(35,35,'2026-04-11 11:44:41.000','2026-04-11 11:44:41.000','','',NULL,'0','0','0','0','0','0','0',NULL,'0','0','0','0','0','0','0','0','0','0','0','','','','','','','','',''),(36,36,'2026-04-13 09:53:34.000','2026-04-13 09:53:34.000','','',NULL,'0','0','0','0','0','0','0',NULL,'0','0','0','0','0','0','0','0','0','0','0','','','','','','','','',''),(37,37,'2026-04-13 10:16:31.000','2026-04-13 10:16:31.000','','',NULL,'0','0','0','0','0','0','0',NULL,'0','0','0','0','0','0','0','0','0','0','0','','','','','','','','',''),(38,38,'2026-04-13 10:20:36.000','2026-04-13 10:20:36.000','','',NULL,'0','0','0','0','0','0','0',NULL,'0','0','0','0','0','0','0','0','0','0','0','','','','','','','','',''),(39,39,'2026-04-13 11:09:01.000','2026-04-13 11:09:01.000','','',NULL,'0','0','0','0','0','0','0',NULL,'0','0','0','0','0','0','0','0','0','0','0','','','','','','','','',''),(40,40,'2026-04-13 11:17:31.000','2026-04-13 11:17:31.000','','',NULL,'0','0','0','0','0','0','0',NULL,'0','0','0','0','0','0','0','0','0','0','0','','','','','','','','',''),(41,41,'2026-04-13 14:59:35.000','2026-04-13 14:59:35.000','','',NULL,'0','0','0','0','0','0','0',NULL,'0','0','0','0','0','0','0','0','0','0','0','','','','','','','','',''),(42,42,'2026-04-13 15:54:13.000','2026-04-13 15:54:13.000','','',NULL,'0','0','0','0','0','0','0',NULL,'0','0','0','0','0','0','0','0','0','0','0','','','','','','','','',''),(43,43,'2026-04-13 15:58:13.000','2026-04-13 15:58:13.000','','',NULL,'0','0','0','0','0','0','0',NULL,'0','0','0','0','0','0','0','0','0','0','0','','','','','','','','',''),(44,44,'2026-04-13 16:45:11.000','2026-04-13 16:45:11.000','','',NULL,'0','0','0','0','0','0','0',NULL,'0','0','0','0','0','0','0','0','0','0','0','','','','','','','','',''),(45,45,'2026-04-14 15:32:33.000','2026-04-14 15:32:33.000','','',NULL,'0','0','0','0','0','0','0',NULL,'0','0','0','0','0','0','0','0','0','0','0','','','','','','','','',''),(46,46,'2026-04-14 17:27:41.000','2026-04-14 17:27:41.000','','',NULL,'0','0','0','0','0','0','0',NULL,'0','0','0','0','0','0','0','0','0','0','0','','','','','','','','','');
/*!40000 ALTER TABLE `vision_test_results` ENABLE KEYS */;
UNLOCK TABLES;

--
-- Table structure for table `wx_auto_reply`
--

DROP TABLE IF EXISTS `wx_auto_reply`;
/*!40101 SET @saved_cs_client     = @@character_set_client */;
/*!50503 SET character_set_client = utf8mb4 */;
CREATE TABLE `wx_auto_reply` (
  `id` varchar(32) CHARACTER SET utf8mb3 COLLATE utf8mb3_general_ci NOT NULL DEFAULT '' COMMENT '主键',
  `create_id` varchar(32) CHARACTER SET utf8mb3 COLLATE utf8mb3_general_ci DEFAULT NULL COMMENT '创建者',
  `create_time` datetime(3) DEFAULT NULL COMMENT '创建时间',
  `update_id` varchar(32) CHARACTER SET utf8mb3 COLLATE utf8mb3_general_ci DEFAULT NULL COMMENT '更新者',
  `update_time` datetime(3) DEFAULT NULL COMMENT '更新时间',
  `remark` varchar(100) CHARACTER SET utf8mb3 COLLATE utf8mb3_general_ci DEFAULT NULL COMMENT '备注',
  `del_flag` char(2) CHARACTER SET utf8mb3 COLLATE utf8mb3_general_ci DEFAULT '0' COMMENT '逻辑删除标记（0：显示；1：隐藏）',
  `type` char(2) CHARACTER SET utf8mb4 COLLATE utf8mb4_croatian_ci DEFAULT NULL COMMENT '类型（1、关注时回复；2、消息回复；3、关键词回复）',
  `req_key` varchar(64) CHARACTER SET utf8mb4 COLLATE utf8mb4_croatian_ci DEFAULT NULL COMMENT '关键词',
  `req_type` char(10) COLLATE utf8mb4_croatian_ci DEFAULT NULL COMMENT '请求消息类型（text/image/voice/video/shortvideo/location）',
  `rep_type` char(10) COLLATE utf8mb4_croatian_ci DEFAULT NULL COMMENT '回复消息类型（text/image/voice/video/music/news）',
  `rep_mate` char(10) CHARACTER SET utf8mb4 COLLATE utf8mb4_croatian_ci DEFAULT NULL COMMENT '回复类型文本匹配类型（1、全匹配，2、半匹配）',
  `rep_content` text CHARACTER SET utf8mb4 COLLATE utf8mb4_croatian_ci COMMENT '回复类型文本保存文字',
  `rep_media_id` varchar(64) COLLATE utf8mb4_croatian_ci DEFAULT NULL COMMENT 'mediaID或音乐缩略图的媒体id',
  `rep_name` varchar(100) COLLATE utf8mb4_croatian_ci DEFAULT NULL COMMENT '素材名、视频和音乐的标题',
  `rep_desc` varchar(200) CHARACTER SET utf8mb4 COLLATE utf8mb4_croatian_ci DEFAULT NULL COMMENT '视频和音乐的描述',
  `rep_url` varchar(500) CHARACTER SET utf8mb4 COLLATE utf8mb4_croatian_ci DEFAULT NULL COMMENT '链接',
  `rep_hq_url` varchar(500) CHARACTER SET utf8mb4 COLLATE utf8mb4_croatian_ci DEFAULT NULL COMMENT '高质量链接',
  `rep_thumb_media_id` varchar(64) CHARACTER SET utf8mb4 COLLATE utf8mb4_croatian_ci DEFAULT NULL COMMENT '缩略图的媒体id',
  `rep_thumb_url` varchar(500) CHARACTER SET utf8mb4 COLLATE utf8mb4_croatian_ci DEFAULT NULL COMMENT '缩略图url',
  `content` mediumtext CHARACTER SET utf8mb4 COLLATE utf8mb4_croatian_ci COMMENT '图文消息的内容',
  PRIMARY KEY (`id`) USING BTREE
) ENGINE=InnoDB DEFAULT CHARSET=utf8mb4 COLLATE=utf8mb4_croatian_ci ROW_FORMAT=DYNAMIC COMMENT='微信自动回复';
/*!40101 SET character_set_client = @saved_cs_client */;

--
-- Dumping data for table `wx_auto_reply`
--

LOCK TABLES `wx_auto_reply` WRITE;
/*!40000 ALTER TABLE `wx_auto_reply` DISABLE KEYS */;
/*!40000 ALTER TABLE `wx_auto_reply` ENABLE KEYS */;
UNLOCK TABLES;

--
-- Table structure for table `wx_menu`
--

DROP TABLE IF EXISTS `wx_menu`;
/*!40101 SET @saved_cs_client     = @@character_set_client */;
/*!50503 SET character_set_client = utf8mb4 */;
CREATE TABLE `wx_menu` (
  `id` varchar(32) CHARACTER SET utf8mb4 COLLATE utf8mb4_croatian_ci NOT NULL COMMENT '菜单ID（click、scancode_push、scancode_waitmsg、pic_sysphoto、pic_photo_or_album、pic_weixin、location_select：保存key）',
  `del_flag` char(2) CHARACTER SET utf8mb4 COLLATE utf8mb4_croatian_ci DEFAULT '0' COMMENT '逻辑删除标记（0：显示；1：隐藏）',
  `create_time` datetime(3) DEFAULT NULL COMMENT '创建时间',
  `update_time` datetime(3) DEFAULT NULL COMMENT '更新时间',
  `sort` int DEFAULT '1' COMMENT '排序值',
  `parent_id` varchar(32) CHARACTER SET utf8mb4 COLLATE utf8mb4_croatian_ci DEFAULT NULL COMMENT '父菜单ID',
  `type` char(20) COLLATE utf8mb4_croatian_ci DEFAULT NULL COMMENT '菜单类型',
  `name` varchar(20) CHARACTER SET utf8mb4 COLLATE utf8mb4_croatian_ci DEFAULT NULL COMMENT '菜单名',
  `url` varchar(500) CHARACTER SET utf8mb4 COLLATE utf8mb4_croatian_ci DEFAULT NULL COMMENT 'view、miniprogram保存链接',
  `ma_app_id` varchar(32) CHARACTER SET utf8mb4 COLLATE utf8mb4_croatian_ci DEFAULT NULL COMMENT '小程序的appid',
  `ma_page_path` varchar(100) CHARACTER SET utf8mb4 COLLATE utf8mb4_croatian_ci DEFAULT NULL COMMENT '小程序的页面路径',
  `rep_type` char(10) COLLATE utf8mb4_croatian_ci DEFAULT NULL COMMENT '回复消息类型（text/image/voice/video/music/news）',
  `rep_content` text CHARACTER SET utf8mb4 COLLATE utf8mb4_croatian_ci COMMENT 'Text:保存文字',
  `rep_media_id` varchar(64) COLLATE utf8mb4_croatian_ci DEFAULT NULL COMMENT 'mediaID',
  `rep_name` varchar(100) CHARACTER SET utf8mb4 COLLATE utf8mb4_croatian_ci DEFAULT NULL COMMENT '素材名、视频和音乐的标题',
  `rep_desc` varchar(200) CHARACTER SET utf8mb4 COLLATE utf8mb4_croatian_ci DEFAULT NULL COMMENT '视频和音乐的描述',
  `rep_url` varchar(500) CHARACTER SET utf8mb4 COLLATE utf8mb4_croatian_ci DEFAULT NULL COMMENT '链接',
  `rep_hq_url` varchar(500) CHARACTER SET utf8mb4 COLLATE utf8mb4_croatian_ci DEFAULT NULL COMMENT '高质量链接',
  `rep_thumb_media_id` varchar(64) CHARACTER SET utf8mb4 COLLATE utf8mb4_croatian_ci DEFAULT NULL COMMENT '缩略图的媒体id',
  `rep_thumb_url` varchar(500) CHARACTER SET utf8mb4 COLLATE utf8mb4_croatian_ci DEFAULT NULL COMMENT '缩略图url',
  `content` mediumtext CHARACTER SET utf8mb4 COLLATE utf8mb4_croatian_ci COMMENT '图文消息的内容',
  PRIMARY KEY (`id`) USING BTREE
) ENGINE=InnoDB DEFAULT CHARSET=utf8mb4 COLLATE=utf8mb4_croatian_ci ROW_FORMAT=DYNAMIC COMMENT='自定义菜单表';
/*!40101 SET character_set_client = @saved_cs_client */;

--
-- Dumping data for table `wx_menu`
--

LOCK TABLES `wx_menu` WRITE;
/*!40000 ALTER TABLE `wx_menu` DISABLE KEYS */;
/*!40000 ALTER TABLE `wx_menu` ENABLE KEYS */;
UNLOCK TABLES;

--
-- Table structure for table `wx_msg`
--

DROP TABLE IF EXISTS `wx_msg`;
/*!40101 SET @saved_cs_client     = @@character_set_client */;
/*!50503 SET character_set_client = utf8mb4 */;
CREATE TABLE `wx_msg` (
  `id` varchar(32) CHARACTER SET utf8mb3 COLLATE utf8mb3_general_ci NOT NULL DEFAULT '' COMMENT '主键',
  `create_id` varchar(32) CHARACTER SET utf8mb3 COLLATE utf8mb3_general_ci DEFAULT NULL COMMENT '创建者',
  `create_time` datetime(3) DEFAULT NULL COMMENT '创建时间',
  `update_id` varchar(32) CHARACTER SET utf8mb3 COLLATE utf8mb3_general_ci DEFAULT NULL COMMENT '更新者',
  `update_time` datetime(3) DEFAULT NULL COMMENT '更新时间',
  `remark` varchar(100) CHARACTER SET utf8mb3 COLLATE utf8mb3_general_ci DEFAULT NULL COMMENT '备注',
  `del_flag` char(2) CHARACTER SET utf8mb3 COLLATE utf8mb3_general_ci DEFAULT '0' COMMENT '逻辑删除标记（0：显示；1：隐藏）',
  `app_name` varchar(50) CHARACTER SET utf8mb4 COLLATE utf8mb4_croatian_ci DEFAULT NULL COMMENT '公众号名称',
  `app_logo` varchar(500) CHARACTER SET utf8mb4 COLLATE utf8mb4_croatian_ci DEFAULT NULL COMMENT '公众号logo',
  `wx_user_id` varchar(32) CHARACTER SET utf8mb3 COLLATE utf8mb3_general_ci NOT NULL COMMENT '微信用户ID',
  `nick_name` varchar(200) CHARACTER SET utf8mb4 COLLATE utf8mb4_croatian_ci DEFAULT NULL COMMENT '微信用户昵称',
  `headimg_url` varchar(1000) CHARACTER SET utf8mb4 COLLATE utf8mb4_croatian_ci DEFAULT NULL COMMENT '微信用户头像',
  `type` char(2) COLLATE utf8mb4_croatian_ci DEFAULT NULL COMMENT '消息分类（1、用户发给公众号；2、公众号发给用户）',
  `rep_type` char(20) COLLATE utf8mb4_croatian_ci DEFAULT NULL COMMENT '消息类型（text/image/voice/video/shortvideo/location/music/news/event）',
  `rep_event` char(20) COLLATE utf8mb4_croatian_ci DEFAULT NULL COMMENT '事件类型（subscribe/unsubscribe/CLICK/VIEW）',
  `rep_content` text CHARACTER SET utf8mb4 COLLATE utf8mb4_croatian_ci COMMENT '回复类型文本保存文字、地理位置信息',
  `rep_media_id` varchar(64) COLLATE utf8mb4_croatian_ci DEFAULT NULL COMMENT 'mediaID',
  `rep_name` varchar(100) COLLATE utf8mb4_croatian_ci DEFAULT NULL COMMENT '素材名、视频和音乐的标题',
  `rep_desc` varchar(200) CHARACTER SET utf8mb4 COLLATE utf8mb4_croatian_ci DEFAULT NULL COMMENT '视频和音乐的描述',
  `rep_url` varchar(500) CHARACTER SET utf8mb4 COLLATE utf8mb4_croatian_ci DEFAULT NULL COMMENT '链接',
  `rep_hq_url` varchar(500) CHARACTER SET utf8mb4 COLLATE utf8mb4_croatian_ci DEFAULT NULL COMMENT '高质量链接',
  `content` mediumtext CHARACTER SET utf8mb4 COLLATE utf8mb4_croatian_ci COMMENT '图文消息的内容',
  `rep_thumb_media_id` varchar(64) CHARACTER SET utf8mb4 COLLATE utf8mb4_croatian_ci DEFAULT NULL COMMENT '缩略图的媒体id',
  `rep_thumb_url` varchar(500) CHARACTER SET utf8mb4 COLLATE utf8mb4_croatian_ci DEFAULT NULL COMMENT '缩略图url',
  `rep_location_x` double DEFAULT NULL COMMENT '地理位置纬度',
  `rep_location_y` double DEFAULT NULL COMMENT '地理位置经度',
  `rep_scale` double DEFAULT NULL COMMENT '地图缩放大小',
  `read_flag` char(2) CHARACTER SET utf8mb3 COLLATE utf8mb3_general_ci DEFAULT '1' COMMENT '已读标记（1：是；0：否）',
  PRIMARY KEY (`id`) USING BTREE
) ENGINE=InnoDB DEFAULT CHARSET=utf8mb4 COLLATE=utf8mb4_croatian_ci ROW_FORMAT=DYNAMIC COMMENT='微信消息';
/*!40101 SET character_set_client = @saved_cs_client */;

--
-- Dumping data for table `wx_msg`
--

LOCK TABLES `wx_msg` WRITE;
/*!40000 ALTER TABLE `wx_msg` DISABLE KEYS */;
INSERT INTO `wx_msg` VALUES ('1632267995913953281',NULL,'2023-03-05 14:33:11.000',NULL,NULL,NULL,'0',NULL,NULL,'1632267995788124162',NULL,NULL,'1','event','subscribe',NULL,NULL,NULL,NULL,NULL,NULL,NULL,NULL,NULL,NULL,NULL,NULL,'0'),('1632272703470731266',NULL,'2023-03-05 14:51:53.000',NULL,NULL,NULL,'0',NULL,NULL,'1632267995788124162',NULL,NULL,'1','event','unsubscribe',NULL,NULL,NULL,NULL,NULL,NULL,NULL,NULL,NULL,NULL,NULL,NULL,'0'),('1632272808005369857',NULL,'2023-03-05 14:52:18.000',NULL,NULL,NULL,'0',NULL,NULL,'1632267995788124162',NULL,NULL,'1','event','subscribe',NULL,NULL,NULL,NULL,NULL,NULL,NULL,NULL,NULL,NULL,NULL,NULL,'0'),('1632272917996797954',NULL,'2023-03-05 14:52:44.000',NULL,NULL,NULL,'0',NULL,NULL,'1632267995788124162',NULL,NULL,'1','event','unsubscribe',NULL,NULL,NULL,NULL,NULL,NULL,NULL,NULL,NULL,NULL,NULL,NULL,'0'),('1632272989350297601',NULL,'2023-03-05 14:53:01.000',NULL,NULL,NULL,'0',NULL,NULL,'1632267995788124162',NULL,NULL,'1','event','subscribe',NULL,NULL,NULL,NULL,NULL,NULL,NULL,NULL,NULL,NULL,NULL,NULL,'0'),('1632273483217068033',NULL,'2023-03-05 14:54:59.000',NULL,NULL,NULL,'0',NULL,NULL,'1632267995788124162',NULL,NULL,'1','event','unsubscribe',NULL,NULL,NULL,NULL,NULL,NULL,NULL,NULL,NULL,NULL,NULL,NULL,'0'),('1632273535528427521',NULL,'2023-03-05 14:55:12.000',NULL,NULL,NULL,'0',NULL,NULL,'1632267995788124162',NULL,NULL,'1','event','subscribe',NULL,NULL,NULL,NULL,NULL,NULL,NULL,NULL,NULL,NULL,NULL,NULL,'0'),('1632273641581404162',NULL,'2023-03-05 14:55:37.000',NULL,NULL,NULL,'0',NULL,NULL,'1632267995788124162',NULL,NULL,'1','text',NULL,'小鲜肉',NULL,NULL,NULL,NULL,NULL,NULL,NULL,NULL,NULL,NULL,NULL,'0'),('1632273658178265090',NULL,'2023-03-05 14:55:41.000',NULL,NULL,NULL,'0',NULL,NULL,'1632267995788124162',NULL,NULL,'1','text',NULL,'的',NULL,NULL,NULL,NULL,NULL,NULL,NULL,NULL,NULL,NULL,NULL,'0'),('1632273702734356482',NULL,'2023-03-05 14:55:52.000',NULL,NULL,NULL,'0',NULL,NULL,'1632267995788124162',NULL,NULL,'1','image',NULL,NULL,'eRUJFkjKKJcKu_vvI-uXy6eMNbSS-ftq1a_JB6M0BAAcvHK6VA0UpVc1IG-_csAI',NULL,NULL,'http://mmbiz.qpic.cn/mmbiz_jpg/5X3iagjL72nicRx8gcY0hZT2wepsfvTDxYicF0xY2KkEfNKje4mGbvDXXbOWVs1cukF6GDLcS3aXSwAZTIGuOTyVg/0',NULL,NULL,NULL,NULL,NULL,NULL,NULL,'0'),('1632878647481229313',NULL,'2023-03-07 06:59:42.000',NULL,NULL,NULL,'0',NULL,NULL,'1632267995788124162',NULL,NULL,'1','text',NULL,'提交',NULL,NULL,NULL,NULL,NULL,NULL,NULL,NULL,NULL,NULL,NULL,'0');
/*!40000 ALTER TABLE `wx_msg` ENABLE KEYS */;
UNLOCK TABLES;

--
-- Table structure for table `wx_user`
--

DROP TABLE IF EXISTS `wx_user`;
/*!40101 SET @saved_cs_client     = @@character_set_client */;
/*!50503 SET character_set_client = utf8mb4 */;
CREATE TABLE `wx_user` (
  `id` varchar(32) CHARACTER SET utf8mb3 COLLATE utf8mb3_general_ci NOT NULL DEFAULT '' COMMENT '主键',
  `create_id` varchar(32) CHARACTER SET utf8mb3 COLLATE utf8mb3_general_ci DEFAULT NULL COMMENT '创建者',
  `create_time` datetime(3) DEFAULT NULL COMMENT '创建时间',
  `update_id` varchar(32) CHARACTER SET utf8mb3 COLLATE utf8mb3_general_ci DEFAULT NULL COMMENT '更新者',
  `update_time` datetime(3) DEFAULT NULL COMMENT '更新时间',
  `remark` varchar(100) CHARACTER SET utf8mb3 COLLATE utf8mb3_general_ci DEFAULT NULL COMMENT '用户备注',
  `del_flag` char(2) CHARACTER SET utf8mb3 COLLATE utf8mb3_general_ci DEFAULT '0' COMMENT '逻辑删除标记（0：显示；1：隐藏）',
  `app_type` char(2) CHARACTER SET utf8mb3 COLLATE utf8mb3_general_ci DEFAULT NULL COMMENT '应用类型(1:小程序，2:公众号)',
  `subscribe` char(2) CHARACTER SET utf8mb3 COLLATE utf8mb3_general_ci DEFAULT NULL COMMENT '是否订阅（1：是；0：否；2：网页授权用户）',
  `subscribe_scene` varchar(50) COLLATE utf8mb4_croatian_ci DEFAULT NULL COMMENT '关注渠道来源',
  `subscribe_time` datetime(3) DEFAULT NULL COMMENT '关注时间',
  `subscribe_num` bigint DEFAULT NULL COMMENT '关注次数',
  `cancel_subscribe_time` datetime(3) DEFAULT NULL COMMENT '取消关注时间',
  `open_id` varchar(64) CHARACTER SET utf8mb4 COLLATE utf8mb4_croatian_ci NOT NULL COMMENT '用户标识',
  `open_id_pc` varchar(64) CHARACTER SET utf8mb4 COLLATE utf8mb4_croatian_ci DEFAULT NULL COMMENT '网页端用户标识',
  `nick_name` varchar(200) CHARACTER SET utf8mb4 COLLATE utf8mb4_croatian_ci DEFAULT NULL COMMENT '昵称',
  `sex` char(2) CHARACTER SET utf8mb4 COLLATE utf8mb4_croatian_ci DEFAULT NULL COMMENT '性别（1：男，2：女，0：未知）',
  `city` varchar(64) CHARACTER SET utf8mb4 COLLATE utf8mb4_croatian_ci DEFAULT NULL COMMENT '所在城市',
  `country` varchar(64) CHARACTER SET utf8mb4 COLLATE utf8mb4_croatian_ci DEFAULT NULL COMMENT '所在国家',
  `province` varchar(64) CHARACTER SET utf8mb4 COLLATE utf8mb4_croatian_ci DEFAULT NULL COMMENT '所在省份',
  `phone` varchar(15) CHARACTER SET utf8mb3 COLLATE utf8mb3_general_ci DEFAULT NULL COMMENT '手机号码',
  `language` varchar(64) CHARACTER SET utf8mb4 COLLATE utf8mb4_croatian_ci DEFAULT NULL COMMENT '用户语言',
  `headimg_url` varchar(1000) CHARACTER SET utf8mb4 COLLATE utf8mb4_croatian_ci DEFAULT NULL COMMENT '头像',
  `union_id` varchar(64) CHARACTER SET utf8mb4 COLLATE utf8mb4_croatian_ci DEFAULT NULL COMMENT 'union_id',
  `group_id` varchar(64) CHARACTER SET utf8mb4 COLLATE utf8mb4_croatian_ci DEFAULT NULL COMMENT '用户组',
  `tagid_list` varchar(64) CHARACTER SET utf8mb4 COLLATE utf8mb4_croatian_ci DEFAULT NULL COMMENT '标签列表',
  `qr_scene_str` varchar(64) CHARACTER SET utf8mb4 COLLATE utf8mb4_croatian_ci DEFAULT NULL COMMENT '二维码扫码场景',
  `latitude` double DEFAULT NULL COMMENT '地理位置纬度',
  `longitude` double DEFAULT NULL COMMENT '地理位置经度',
  `precision` double DEFAULT NULL COMMENT '地理位置精度',
  `session_key` varchar(200) CHARACTER SET utf8mb3 COLLATE utf8mb3_general_ci DEFAULT NULL COMMENT '会话密钥',
  PRIMARY KEY (`id`) USING BTREE,
  UNIQUE KEY `uk_openid` (`open_id`) USING BTREE
) ENGINE=InnoDB DEFAULT CHARSET=utf8mb4 COLLATE=utf8mb4_croatian_ci ROW_FORMAT=DYNAMIC COMMENT='微信用户';
/*!40101 SET character_set_client = @saved_cs_client */;

--
-- Dumping data for table `wx_user`
--

LOCK TABLES `wx_user` WRITE;
/*!40000 ALTER TABLE `wx_user` DISABLE KEYS */;
INSERT INTO `wx_user` VALUES ('1900425114278260738',NULL,'2025-03-14 13:53:50.000',NULL,'2025-03-17 16:59:43.000',NULL,'0','1',NULL,NULL,NULL,NULL,NULL,'oPXd06wSf5K8mW_h5uJsUsxU55sk',NULL,'   ','0','','','',NULL,'zh_CN','https://thirdwx.qlogo.cn/mmopen/vi_32/z770JtevmV1aHqKmiaYwcicqaXR0e32ywqMKuFBfWg6rauFNeiaYLGEdBAosZx119SZcOSibbmImQQzOoCEMoax24LV88Iict1reHibibyXS6jh0zM/132',NULL,NULL,'[]',NULL,NULL,NULL,NULL,'3ydRrXSYaEnG8PVt9/yp7w=='),('1907278202958839809','13','2025-04-02 11:45:33.000',NULL,'2026-03-27 15:42:53.000',NULL,'0',NULL,NULL,NULL,NULL,NULL,NULL,'o_2jP6zd9W79TNucHkuemFrpFaPg',NULL,'这个网速只能','0',NULL,NULL,NULL,NULL,NULL,'https://thirdwx.qlogo.cn/mmopen/vi_32/hh0DgEGDicETFV15NcqXB0fHa4PSyfDMAb3tgkpsqpc8JhDRVo50sia87DhL2NRUaictGSBcNibY9ncbAic9icayEBZxQUu5OeqWhgr9lZ1otoGs4/132','oKmXP6xeGKe2c9mYyYWwIPImtuAc',NULL,NULL,NULL,NULL,NULL,NULL,NULL),('1907300228113170433','13','2025-04-02 13:13:04.000',NULL,'2026-03-27 15:42:53.000',NULL,'0','1',NULL,NULL,NULL,NULL,NULL,'o3h6g7TOi2Pd0NnroMdXwvXK4oqM',NULL,'这个网速只能','0','','','','18336336761','zh_CN','https://thirdwx.qlogo.cn/mmopen/vi_32/dr34H3hOMVuictiacGsIISbUc91bHdNvCelIvqqhDAddE64zNSMRI90XfMaXlmchTcHNx3KZPChwby2p5xs3sBeEtRjBIy2hJu3h8iaqvkY5d0/132','oKmXP6xeGKe2c9mYyYWwIPImtuAc',NULL,'[]',NULL,NULL,NULL,NULL,'YfCKrsMs8jEsQQcVbgCEww=='),('1910127473236168705',NULL,'2025-04-10 08:27:32.000',NULL,NULL,NULL,'0',NULL,NULL,NULL,NULL,NULL,NULL,'o_2jP6-KR1YgkNg_Kw2cJgDcQq3M',NULL,'锅巴肉片','0',NULL,NULL,NULL,NULL,NULL,'https://thirdwx.qlogo.cn/mmopen/vi_32/JzIRs07U8G0t0o2USQvoSQkK9gtxDaV3TRMU0HU3nVLbTmZOG0oibKFAIfFNzgzKcZ2wC8Jn8c3tg2rXDZSB8wOnWooEQdxicb2YIubfYsaEE/132','oKmXP66EmWw6zXdcfoarzefWDvg8',NULL,NULL,NULL,NULL,NULL,NULL,NULL),('1910171594734710786','21','2025-04-10 11:22:52.000',NULL,'2026-04-13 10:16:31.000',NULL,'0',NULL,NULL,NULL,NULL,NULL,NULL,'o_2jP6xp26adYNzgfOBD4S0QQVw8',NULL,'XM小希-13382518118','0',NULL,NULL,NULL,NULL,NULL,'https://thirdwx.qlogo.cn/mmopen/vi_32/9mjKN9eFKKGu8vibticCZJzrjz65aMxj4n98z5xGy2QCGicpHXBXGt7CpC8N8OLWr2Vg5Jj1cLGibHrClA9xEVQAk168Mw1c7QwVNsYIdk6KUuA/132','oKmXP66VFdLU5eAMTX3VH-Zziv88',NULL,NULL,NULL,NULL,NULL,NULL,NULL),('1910240925996929026','8','2025-04-10 15:58:21.000',NULL,'2026-03-28 09:35:41.000',NULL,'0',NULL,NULL,NULL,NULL,NULL,NULL,'o_2jP6wA5zbhkCRTjq7g6x7kBiSA',NULL,'张翔','0',NULL,NULL,NULL,NULL,NULL,'https://thirdwx.qlogo.cn/mmopen/vi_32/lPOXDTOLtvzWHXsCKSY0CBj2RNAnBiajLNNZ2gsUyvj42v2ibkYNibHwybB37BjqibjIsbImRJnib1f4Dz5ibE1gS1xc1swdmpMELxHgW8WYy6v5M/132','oKmXP631Avt6f4EiAb7xki5D9Chk',NULL,NULL,NULL,NULL,NULL,NULL,NULL),('2034876203109011458','1','2026-03-20 14:14:27.000',NULL,'2026-03-20 14:15:31.000',NULL,'0','1',NULL,NULL,NULL,NULL,NULL,'o3h6g7c4ISkNNpmE6dHRvWHucSa0','o_2jP6wtOEF1kqhIWV8miVeiq0N0','   ','0',NULL,NULL,NULL,'17751070969',NULL,'https://thirdwx.qlogo.cn/mmopen/vi_32/ooZCPFY1xgBfkiacUA4D3DXe4PXZI8OVGnh4NM9Sl7H4FK80vTznnEib4WhxVVzQ3f3guicWszfW8k8RtvDRjpdPO7VlSbiasYODDwicTuTuYY5M/132','oKmXP65p7Sg98Kz_PcLNy9I-oBIE',NULL,'[]',NULL,NULL,NULL,NULL,'5Q3aHvQjZOooKiUSbillzQ=='),('2034920666695028738',NULL,'2026-03-20 17:11:08.000',NULL,'2026-03-20 17:11:13.000',NULL,'0','1',NULL,NULL,NULL,NULL,NULL,'o3h6g7aR3G6tkD7yjm4UsMDM1kWs',NULL,NULL,NULL,NULL,NULL,NULL,'13382518228',NULL,NULL,'oKmXP6-LRueGNw2zSLI6RmNuqPwU',NULL,'[]',NULL,NULL,NULL,NULL,'29G1quz9CXj9eby5POLruQ=='),('2036326305136701442',NULL,'2026-03-24 14:16:39.000',NULL,'2026-03-24 14:16:46.000',NULL,'0','1',NULL,NULL,NULL,NULL,NULL,'o3h6g7ZqNuq4MYyBqMj3LbWJEGoY',NULL,NULL,NULL,NULL,NULL,NULL,'15935981583',NULL,NULL,'oKmXP6ycBDEiw_4rHnwW_P1O_x8E',NULL,'[]',NULL,NULL,NULL,NULL,'WsdYHcgzGLFJy5OB/wsnpA=='),('2036327390127648770','8','2026-03-24 14:20:57.000',NULL,'2026-03-28 09:35:41.000',NULL,'0','1',NULL,NULL,NULL,NULL,NULL,'o3h6g7feoFdOMohbTNxHCr2-yF1s',NULL,NULL,NULL,NULL,NULL,NULL,'13127783709',NULL,NULL,'oKmXP631Avt6f4EiAb7xki5D9Chk',NULL,'[]',NULL,NULL,NULL,NULL,'6neHFcYQBgEq/iM2sgQw0w=='),('2036331760344952833',NULL,'2026-03-24 14:38:19.000',NULL,'2026-03-24 14:38:23.000',NULL,'0','1',NULL,NULL,NULL,NULL,NULL,'o3h6g7RrnYZH-W_45YpuZi1mGLZw',NULL,NULL,NULL,NULL,NULL,NULL,'15251356123',NULL,NULL,'oKmXP63yByBoZfLhTeiJipab8IPo',NULL,'[]',NULL,NULL,NULL,NULL,'4Mp4jZErFF4d6U9BbL1veQ=='),('2036333338179203074',NULL,'2026-03-24 14:44:35.000',NULL,'2026-03-24 14:44:43.000',NULL,'0','1',NULL,NULL,NULL,NULL,NULL,'o3h6g7c5-wcVouRMCS2fuuTZjBuA',NULL,NULL,NULL,NULL,NULL,NULL,'15062693265',NULL,NULL,'oKmXP628KxRa9d7HVPpFg8vuBJmc',NULL,'[]',NULL,NULL,NULL,NULL,'/QbyiIAWIUWgh5NDH76/+g=='),('2036351639437504513','11','2026-03-24 15:57:19.000',NULL,'2026-03-28 16:47:33.000',NULL,'0','1',NULL,NULL,NULL,NULL,NULL,'o3h6g7YPqSzTpnsrMonJNMVopRDQ',NULL,NULL,NULL,NULL,NULL,NULL,'18260206519',NULL,NULL,'oKmXP68X-uyAB_WOYvU7LbtB8osY',NULL,'[]',NULL,NULL,NULL,NULL,'q9GJhQbePHw7epTeA6m5xA=='),('2036356582185693185',NULL,'2026-03-24 16:16:57.000',NULL,'2026-03-24 16:17:02.000',NULL,'0','1',NULL,NULL,NULL,NULL,NULL,'o3h6g7S3PgHX-X_siTmvvpI4Qz64',NULL,NULL,NULL,NULL,NULL,NULL,'13382117741',NULL,NULL,'oKmXP6wehwQo0ILecM7V64PV4Pf4',NULL,'[]',NULL,NULL,NULL,NULL,'kzBAwRJnDxNvnr8O1jCEgw=='),('2037338984064282626','14','2026-03-27 09:20:40.000',NULL,'2026-03-28 12:08:32.000',NULL,'0','1',NULL,NULL,NULL,NULL,NULL,'o3h6g7UIrKP9B-LP83vmEEqYuUpY',NULL,NULL,NULL,NULL,NULL,NULL,'18364170199',NULL,NULL,'oKmXP6w2pNqSCZkNbDSCq7XIprtE',NULL,'[]',NULL,NULL,NULL,NULL,'ZvX+UFErS22quITWEr6SVQ=='),('2037369333553098753',NULL,'2026-03-27 11:21:16.000',NULL,'2026-03-27 11:21:20.000',NULL,'0','1',NULL,NULL,NULL,NULL,NULL,'o3h6g7eFnPidPOkKIyf5nazFYN7s',NULL,NULL,NULL,NULL,NULL,NULL,'19851280731',NULL,NULL,'oKmXP67-EmELfAa0Jj4rNsNFybHI',NULL,'[]',NULL,NULL,NULL,NULL,'hMqbP1xVh+M4kHBdgyOQ0A=='),('2038925421737996289',NULL,'2026-03-31 18:24:36.000',NULL,NULL,NULL,'0','1',NULL,NULL,NULL,NULL,NULL,'o3h6g7ZLPrHBl_qe5WJFDb4zhTm8',NULL,NULL,NULL,NULL,NULL,NULL,NULL,NULL,NULL,'oKmXP6xhHdXmYYrT99zvcPNzr2QA',NULL,NULL,NULL,NULL,NULL,NULL,'qh1qGDBGsZObz1BTShnVSA=='),('2039227550637813762',NULL,'2026-04-01 14:25:09.000',NULL,NULL,NULL,'0','1',NULL,NULL,NULL,NULL,NULL,'o3h6g7T0l73ryZpio2HbLfhH-4AI',NULL,NULL,NULL,NULL,NULL,NULL,NULL,NULL,NULL,'oKmXP64eSMukQR6S9b0yynYUruIw',NULL,NULL,NULL,NULL,NULL,NULL,'w1JJEcI2FNWb1GpVD00Ujw=='),('2043158791217016833',NULL,'2026-04-12 10:46:30.000',NULL,'2026-04-12 10:46:34.000',NULL,'0','1',NULL,NULL,NULL,NULL,NULL,'o3h6g7bfzTz7NMdPMVcPiIgRQpyQ',NULL,NULL,NULL,NULL,NULL,NULL,'15950187303',NULL,NULL,'oKmXP69MgTCvvFAqeJDMBdN_PvaY',NULL,'[]',NULL,NULL,NULL,NULL,'bmB9TttzuRUOUCx6SgVPiw=='),('2043512379852255234','21','2026-04-13 10:11:32.000',NULL,'2026-04-13 10:16:31.000',NULL,'0','1',NULL,NULL,NULL,NULL,NULL,'o3h6g7UJjB9vOnUeQ38bwvNqbrbk',NULL,NULL,NULL,NULL,NULL,NULL,'13382518118',NULL,NULL,'oKmXP66VFdLU5eAMTX3VH-Zziv88',NULL,NULL,NULL,NULL,NULL,NULL,'A58KKfNFgcAw/nB0jypYfA==');
/*!40000 ALTER TABLE `wx_user` ENABLE KEYS */;
UNLOCK TABLES;
SET @@SESSION.SQL_LOG_BIN = @MYSQLDUMP_TEMP_LOG_BIN;
/*!40103 SET TIME_ZONE=@OLD_TIME_ZONE */;

/*!40101 SET SQL_MODE=@OLD_SQL_MODE */;
/*!40014 SET FOREIGN_KEY_CHECKS=@OLD_FOREIGN_KEY_CHECKS */;
/*!40014 SET UNIQUE_CHECKS=@OLD_UNIQUE_CHECKS */;
/*!40101 SET CHARACTER_SET_CLIENT=@OLD_CHARACTER_SET_CLIENT */;
/*!40101 SET CHARACTER_SET_RESULTS=@OLD_CHARACTER_SET_RESULTS */;
/*!40101 SET COLLATION_CONNECTION=@OLD_COLLATION_CONNECTION */;
/*!40111 SET SQL_NOTES=@OLD_SQL_NOTES */;

-- Dump completed on 2026-04-17 15:25:03
